login,2279
submit,2222
session,2221
email,2213
token,1315
access,1093
form,869
guest,840
docid,836
aspx,737
action,677
light,613
dispatch,534
http,521
rand,504
user,503
aaaaaa,479
country,477
mail,462
locale,431
media,417
battle,349
https,343
legal,317
update,311
public,269
domain,262
enroll,248
page,246
identify,240
account,220
abuse,209
index,203
send,198
true,192
nobody,192
craft,183
file,179
html,177
brazil,177
shield,172
source,168
link,162
service,157
client,152
online,146
prepaid,145
product,141
prag,136
open,133
cece,129
error,128
example,121
feed,117
info,106
lang,105
sign,105
fade,104
host,104
babe,103
webs,101
cookie,97
bidder,96
block,96
faed,95
dispatched,93
default,88
encrypted,84
connecting,84
dade,84
channel,84
acad,84
type,83
acca,83
path,81
sharing,81
mode,79
chase,78
aaaa,73
information,72
ffbf,72
post,71
cafe,71
acted,69
state,69
verify,68
test,67
bank,67
baba,67
secure,66
view,66
gmail,66
feba,65
aced,63
original,63
bdda,62
ffef,62
aafc,62
ecac,62
redirect,60
text,60
bbff,59
data,59
char,58
google,57
code,57
fffa,57
dddd,57
caca,57
phase,56
deaf,56
main,56
target,55
ebay,55
united,54
response,54
ffdf,54
fbec,54
dada,54
dead,53
abba,53
check,53
track,53
portal,52
beef,51
states,50
fefe,50
ccea,50
base,50
ffba,49
cffd,49
medium,48
bfff,47
details,47
abbe,46
date,46
ceeb,46
eeee,45
platform,44
note,44
drive,43
match,42
corp,42
bbbb,41
badd,41
branch,40
microsoft,40
ccff,40
cbbc,40
deed,40
skull,39
ffdb,39
smith,39
imap,39
ddaa,38
suite,38
face,38
bede,37
thursday,37
referrer,37
admin,37
share,37
hoot,36
cloud,36
valid,35
feff,35
secured,34
cede,34
cade,34
customer,34
label,33
faebd,33
bead,33
edit,33
requested,33
promocional,33
continue,32
ffcc,32
deface,32
viewed,32
specs,32
bade,31
common,31
ecce,30
security,30
from,30
consumer,30
ricardo,30
snow,29
return,29
settings,29
passive,28
shared,28
profile,28
oauth,28
technical,28
department,28
subdomain,28
ussr,28
spot,28
marketing,27
faff,27
dafa,27
copy,27
request,27
secret,26
template,26
with,26
bdbbd,26
edef,25
wednesday,25
cefa,25
bell,25
anti,25
yahoo,25
paypal,25
live,25
arid,25
root,25
content,25
cadd,25
friday,24
federation,24
llyn,24
brea,24
zuko,24
lazy,24
saturday,24
john,24
klee,24
storage,24
ticket,24
adad,23
burke,23
family,23
panel,23
france,23
followup,23
hash,23
files,23
waxy,23
initiate,22
ffff,22
support,22
identifier,22
scope,21
services,21
caff,21
agency,21
ffefd,21
hint,21
campaign,21
select,21
preto,20
tina,20
rent,20
blob,20
solutions,20
kcrc,20
decaf,20
destination,20
option,20
number,20
android,19
tram,19
patrick,19
dual,18
iphone,18
home,18
partner,18
ebbe,18
message,18
contact,18
quick,18
notes,18
flog,18
laura,18
thomas,18
null,18
cccc,18
setup,18
plus,17
abed,17
center,17
purl,17
survey,17
section,17
invalid,17
complete,17
samsung,16
west,16
locales,16
frame,16
dfff,16
informations,16
global,16
news,16
edda,16
decca,16
javier,16
hill,16
contacts,16
term,16
daniel,16
dany,16
leal,16
business,16
fear,16
latt,16
proxy,16
sites,16
safety,16
yelp,16
fffd,16
alexandra,16
ntsc,16
gntm,16
ceded,16
ting,16
galaxy,15
core,15
apple,15
payment,15
member,15
alum,15
name,15
optus,15
tracking,15
invite,15
single,15
offline,14
baad,14
space,14
click,14
realm,14
order,14
chrome,14
desktop,14
granted,13
eedc,13
mera,13
accessing,13
dist,13
mobile,13
ababa,13
jack,13
davis,13
eure,13
lios,13
ions,13
confirm,13
meet,13
conjunto,13
star,13
woit,13
people,13
nden,13
phish,12
validating,12
motu,12
layouts,12
dacca,12
fill,12
connect,12
mats,12
ever,12
hard,12
title,12
albert,12
site,12
line,12
milk,12
defaults,12
instant,12
internet,12
fact,12
meyer,12
franziska,12
mann,12
urine,12
fbaed,12
versa,12
naas,12
jive,12
marn,12
wulf,12
ruud,12
tiki,12
bellsouth,12
brand,12
unknown,12
vira,12
fbceb,12
work,12
visualization,12
tapes,12
voyage,12
draw,12
reset,12
filters,12
component,12
systems,12
solution,12
hamann,12
nels,12
application,12
vauxhall,12
sportscar,12
club,12
active,12
loco,12
framingham,12
header,12
lynx,12
notifications,12
zoom,12
kind,12
chatter,12
unified,12
digest,12
njan,12
signed,12
jklf,12
siey,12
onry,12
woda,12
controller,12
zuma,12
tmnt,12
chor,11
smartphone,11
chip,11
help,11
sales,11
furl,11
adde,11
welders,11
tony,11
michael,11
review,11
verification,11
lnah,11
system,11
identity,11
claimed,11
anthony,11
store,11
drew,10
redir,10
office,10
mart,10
search,10
terra,10
gold,10
tale,10
phishing,10
adff,10
enid,10
didi,10
events,9
execution,9
authentication,9
paul,9
role,9
nicky,9
knight,9
point,9
pass,9
echo,9
black,9
lisa,9
administraci,9
display,9
xlsx,9
wallace,9
keng,9
clara,9
loge,9
lilt,9
beck,9
grip,9
other,9
errors,9
consulting,9
silvia,9
race,9
item,9
case,9
more,9
abaca,9
baaed,9
protos,8
canc,8
radni,8
comcast,8
replace,8
current,8
reason,8
tewo,8
landing,8
robin,8
beverly,8
chew,8
bury,8
captcha,8
shelby,8
grove,8
santander,8
ring,8
andrei,8
result,8
phone,8
head,8
rusa,8
ipad,8
aike,8
khan,8
tion,8
jochen,8
ergo,8
assessor,8
mess,8
esteban,8
parte,8
added,8
american,8
logi,8
investment,8
proposal,8
rich,8
says,8
threat,8
piper,8
beim,8
farr,8
howell,8
glib,8
ececec,8
onenote,8
kyun,8
ddbec,8
homepage,8
niem,8
register,8
adas,8
produce,8
chun,8
fwiw,8
thais,8
sima,8
greece,8
print,8
luzon,8
emerge,8
moore,8
grace,8
dede,8
wolfgang,8
colas,8
pilatus,8
aircraft,8
azure,8
bone,8
reprocess,8
memory,8
debug,8
senior,8
alberta,8
found,8
sans,8
radio,8
amer,8
footer,8
mainpage,8
checkout,8
calc,8
david,8
personal,8
bennett,8
bowman,8
documents,8
attachments,8
focal,8
spare,8
jimmy,8
ducks,8
pictures,8
span,8
task,8
anna,8
yvonne,8
goebel,8
rena,8
susan,8
hoffmann,8
model,8
collaboration,8
remi,8
argentina,8
youtube,8
webmail,8
conrad,8
bipm,8
xxxx,8
xxix,8
wert,8
kidd,8
jean,8
christe,8
lemon,8
fake,8
ddeeff,8
fadfad,8
dddddd,8
anja,8
msud,8
crna,8
false,7
first,7
activity,7
faced,7
drop,7
century,7
guro,7
huang,7
julia,7
ancient,7
greatest,7
lakes,7
soca,7
uncle,7
kick,7
sources,7
nonce,7
euro,7
vera,7
emil,7
york,7
patricia,7
stacey,7
aces,7
funn,7
facebook,7
server,7
blank,7
barb,7
bend,7
ling,7
local,7
christian,7
laue,7
fell,7
nberg,7
management,7
simon,7
hodges,7
jacks,7
long,7
james,7
rousseau,7
guet,6
flub,6
voice,6
chem,6
telecom,6
authorize,6
windows,6
launch,6
creative,6
cuia,6
white,6
andreas,6
rudd,6
feds,6
steele,6
alvaro,6
novae,6
step,6
basic,6
your,6
beebe,6
trans,6
wells,6
fargo,6
brice,6
enne,6
process,6
jump,6
trace,6
mutter,6
group,6
lons,6
francois,6
harrison,6
julie,6
accounts,6
reports,6
nate,6
laurie,6
madalena,6
amos,6
beats,6
drops,6
manually,6
validate,6
brian,5
chambers,5
owen,5
scorning,5
abebe,5
wall,5
stupid,5
tadi,5
attempt,5
belgium,5
banking,5
products,5
dima,5
dant,5
mogi,5
igor,5
method,5
sdhc,5
tuesday,5
amount,5
rica,5
park,5
rite,5
category,5
sort,5
cars,5
karr,5
widget,5
roda,5
quota,5
lamb,5
mama,5
humu,5
podi,5
chai,5
myna,5
gaza,5
control,5
kuhn,5
dams,5
admissions,5
neptune,5
handle,5
flex,5
pape,5
back,5
company,5
extra,5
acre,5
wood,5
pontos,5
lindsey,5
hotmail,5
premium,5
music,5
cccccc,5
itch,4
sepp,4
suzi,4
afds,4
fafeff,4
brother,4
rachel,4
dana,4
cart,4
shel,4
split,4
period,4
isola,4
gratis,4
beefed,4
greater,4
toku,4
moms,4
foil,4
shang,4
ramon,4
rate,4
cover,4
hilt,4
ngler,4
vietnam,4
monday,4
width,4
height,4
tiny,4
swam,4
callback,4
username,4
ubbe,4
porte,4
emmanuel,4
dufour,4
guide,4
official,4
adnan,4
sami,4
wouldnt,4
position,4
stick,4
less,4
broadband,4
suck,4
balls,4
will,4
tell,4
promise,4
brooke,4
buff,4
serva,4
londrina,4
blue,4
tree,4
properties,4
received,4
pool,4
subject,4
ddffdd,4
pablo,4
taiy,4
dzrh,4
hctz,4
carlos,4
hole,4
tank,4
branco,4
down,4
katrin,4
thankyou,4
alta,4
siddi,4
deck,4
steiner,4
runescape,4
weblog,4
barbara,4
buru,4
using,4
beta,4
habib,4
india,4
kitchens,4
todd,4
currie,4
bien,4
yuki,4
alte,4
tune,4
arai,4
susi,4
mercia,4
even,4
responder,4
mailer,4
yuna,4
gain,4
moreno,4
beri,4
quadra,4
toner,4
capital,4
salud,4
wend,4
ushu,4
francesco,4
electric,4
kingdom,4
lucia,4
lopez,4
rupe,4
paris,4
quin,4
aria,4
lavado,4
aran,4
baran,4
hector,4
marvel,4
crowd,4
network,4
autoed,4
torr,4
alba,4
negros,4
arna,4
noticias,4
none,4
pano,4
bowl,4
magnetic,4
azov,4
badajoz,4
quil,4
caravan,4
deter,4
nuncios,4
barcelona,4
terrassa,4
rituals,4
shops,4
international,4
book,4
embed,4
colin,4
berkeley,4
cplp,4
blay,4
brih,4
hime,4
meek,4
riaa,4
till,4
seht,4
muck,4
apna,4
brook,4
southwest,4
funding,4
eric,4
barefoot,4
away,4
king,4
plastic,4
corporation,4
fabbri,4
arnie,4
bacon,4
registration,4
teller,4
mate,4
marf,4
olaf,4
schmidt,4
ffffe,4
clam,4
untitled,4
insurance,4
thur,4
counter,4
haik,4
yall,4
marianne,4
document,4
dawns,4
saxe,4
multi,4
nexo,4
jard,4
marine,4
eorl,4
lark,4
hume,4
midwest,4
automation,4
kenny,4
holley,4
wholesale,4
mill,4
stfu,4
terry,4
leek,4
afternoon,4
giga,4
agent,4
haye,4
america,4
benefit,4
centre,4
best,4
bufo,4
stds,4
orph,4
wars,4
cuin,4
iuds,4
oaks,4
pain,4
voor,4
hutt,4
tyne,4
darlene,4
fawcett,4
yaki,4
cargo,4
manager,4
apps,4
spring,4
parameters,4
caraway,4
chris,4
wang,4
kimball,4
hospitality,4
mies,4
flamengo,4
davidson,4
lurch,4
alexander,4
koch,4
laval,4
ology,4
sicherheit,4
edwards,4
industries,4
developer,4
jpmorgan,4
spades,4
nation,4
lambert,4
nils,4
lippmann,4
bosch,4
unit,4
urns,4
tower,4
play,4
steve,4
boof,4
stats,4
doug,4
hurd,4
sense,4
adhd,4
vire,4
pace,4
than,4
redi,4
stil,4
sensors,4
time,4
tail,4
bawl,4
frank,4
concern,4
pending,4
flds,4
axle,4
emma,4
jien,4
mdgs,4
serif,4
string,4
spent,4
owens,4
well,4
lvrs,4
gabe,4
zend,4
experience,4
brett,4
jackson,4
dream,4
plugins,4
markus,4
rajesh,4
config,4
happen,4
query,4
english,4
seiy,4
tuva,4
iron,4
scales,4
farsi,4
bree,4
hannah,4
judge,4
disc,4
suspend,4
below,4
annei,4
fadadd,4
panels,4
nter,4
cyst,4
kaid,4
vair,4
commission,4
webmaster,4
node,4
fret,4
shirley,4
harvey,4
jones,4
kidder,4
lira,4
westbrook,4
slye,4
leiter,4
latest,4
andrews,4
plan,4
kings,4
seeds,4
polaroid,4
uploads,4
woff,4
kerstin,4
erster,4
jazz,4
kira,4
puck,4
agosto,4
parcel,4
funds,4
requisition,4
parent,4
laugh,4
sufyan,4
whitesmoke,4
miep,4
andrea,4
ross,4
bach,4
rhin,4
johannes,4
hendrik,4
danielle,4
huber,4
tachi,4
eger,4
sara,4
high,4
navy,4
lter,4
holt,4
alex,4
enquiries,4
landscape,4
opec,4
zaid,4
kiya,4
spam,4
trap,4
mich,4
lumo,4
bonn,4
causa,4
kang,4
guava,4
berry,4
juices,4
prime,4
docs,4
dawn,4
oregon,4
steel,4
khaled,4
rodrigues,4
melo,4
oracle,4
wander,4
cari,4
iced,4
velo,4
citi,4
partners,4
equal,4
bunt,4
auto,4
motiva,4
smarter,4
paint,4
powder,4
coat,4
sing,4
report,4
bush,4
rugby,4
drama,4
rote,4
irmgard,4
slavia,4
petroc,4
groupe,4
royer,4
aviation,4
oahu,4
disp,4
jaya,4
firm,4
asti,4
veria,4
rivas,4
perkin,4
elmer,4
person,4
rodau,4
soft,4
here,4
mega,4
cache,4
reminder,4
started,4
quit,4
param,4
social,4
essentially,4
yours,4
brain,4
itunes,4
enone,4
discount,4
puerto,4
banu,4
styles,4
visa,4
program,4
astro,4
sdfghjkl,4
wchl,4
twice,4
japan,4
grin,4
random,4
berth,4
nelson,4
website,4
moskva,4
loud,4
nypd,4
nero,4
deeba,4
dabs,4
duma,4
kote,4
ccccff,4
korea,4
mattel,4
komi,4
naver,4
ffcba,4
nzen,4
baade,4
cfecec,4
tuma,4
ffcccc,4
crumb,4
mechanism,4
primary,4
done,4
cote,4
life,3
reply,3
franklin,3
deir,3
free,3
bran,3
clients,3
seed,3
personnal,3
environment,3
fins,3
moke,3
afraid,3
handler,3
location,3
nute,3
force,3
vela,3
stone,3
tumblr,3
cady,3
sots,3
bolero,3
vers,3
tagging,3
griffith,3
science,3
bole,3
signal,3
delores,3
decide,3
miel,3
tees,3
zine,3
washington,3
ooty,3
blvd,3
yodo,3
maro,3
meow,3
reed,3
seamless,3
offer,3
ewald,3
daniela,3
cornelia,3
bases,3
drei,3
july,3
chile,3
drives,3
temperature,3
preview,3
bradford,3
brookings,3
stip,3
yumi,3
monz,3
martins,3
trip,3
azul,3
xiah,3
maguire,3
atrice,3
runnels,3
city,3
corner,3
only,3
ecos,3
supa,3
scud,3
fulbright,3
investor,3
winkel,3
copyright,3
clothes,3
kaua,3
ride,3
corn,3
boris,3
extensions,3
boer,3
levu,3
pled,3
decadent,3
creations,3
wail,3
stein,3
lumi,3
nicholas,3
hester,3
ohio,3
bund,3
orsz,3
camp,3
xiao,3
love,3
goto,3
deeded,3
smart,3
mark,3
market,2
nigh,2
tarpon,2
vote,2
verf,2
rafi,2
jogo,2
brin,2
optima,2
mica,2
ultra,2
skip,2
canada,2
kids,2
caribbean,2
allowed,2
silvio,2
macon,2
origin,2
cond,2
inverter,2
frio,2
screen,2
hann,2
witz,2
outlook,2
brad,2
crown,2
vision,2
bois,2
gerard,2
press,2
spark,2
george,2
gateway,2
needs,2
difficult,2
general,2
akan,2
duck,2
pity,2
feedback,2
qian,2
gpss,2
sons,2
caesar,2
bragg,2
addition,2
fire,2
offers,2
europe,2
admins,2
shire,2
coen,2
clifford,2
chance,2
madrid,2
shop,2
kristina,2
liber,2
indeed,2
dahuk,2
java,2
programs,2
lora,2
blog,2
hangouts,2
mews,2
continent,2
flop,2
fred,2
stig,2
diki,2
majo,2
kubo,2
ewss,2
knobs,2
bath,2
ctor,2
naha,2
sego,2
yogi,2
jeddah,2
schie,2
stephen,2
hand,2
bagh,2
dynamic,2
vals,2
jail,2
hero,2
prof,2
photo,2
anah,2
themes,2
twenty,2
seventeen,2
colors,2
tidal,2
wave,2
msson,2
taipa,2
enke,2
cornwell,2
gaines,2
device,2
xcel,2
gnat,2
prng,2
cost,2
flow,2
entry,2
arno,2
reader,2
faded,2
ward,2
rory,2
enma,2
nova,2
cena,2
axes,2
cool,2
hebron,2
know,2
sorel,2
weev,2
kcie,2
boys,2
trade,2
arca,2
roos,2
hano,2
oban,2
roro,2
rrna,2
daum,2
daas,2
removed,2
ventas,2
vitro,2
mcfc,2
container,2
cnet,2
claw,2
rick,2
mcveigh,2
yogas,2
yuen,2
shake,2
opening,2
startup,2
denise,2
rowley,2
swift,2
reactivation,2
password,2
redlink,2
land,2
cula,2
luck,2
rids,2
vita,2
juan,2
huil,2
nancy,2
lena,2
naoe,2
dahs,2
marc,2
ffebcd,2
fresh,2
clark,2
kerry,2
lionel,2
messi,2
xavi,2
iniesta,2
lighting,2
elms,2
brough,2
digital,2
hdmi,2
groups,2
master,2
lite,2
prod,2
shah,2
ralf,2
martini,2
hors,1
fifa,1
vito,1
matin,1
merit,1
werl,1
guys,1
milestone,1
medical,1
context,1
salt,1
kbos,1
sapa,1
jbic,1
fark,1
jeet,1
mikes,1
silver,1
wide,1
scanner,1
kihn,1
prem,1
haka,1
viae,1
logb,1
cozy,1
alcl,1
yogis,1
itty,1
lots,1
rude,1
otek,1
mavi,1
dube,1
dmbs,1
yuck,1
okra,1
kbps,1
kuen,1
tucker,1
andrew,1
landmark,1
mcgraw,1
status,1
eeeeee,1
otis,1
umps,1
akko,1
download,1
berg,1
cobra,1
enrol,1
messe,1
anne,1
mers,1
linden,1
bruce,1
cutler,1
angie,1
rossi,1
credentials,1
apulia,1
raza,1
buraq,1
ruble,1
gela,1
gera,1
bras,1
temp,1
frost,1
pods,1
lutz,1
chye,1
unauthenticated,1
successful,1
completion,1
module,1
bridge,1
metadata,1
assertion,1
christ,1
decker,1
cologne,1
kebb,1
ezov,1
bubl,1
rodrigo,1
zurich,1
told,1
brac,1
phisher,1
unique,1
ricky,1
hung,1
whew,1
ivar,1
cker,1
estar,1
gulp,1
labs,1
tydd,1
curl,1
knak,1
ebro,1
rudi,1
moca,1
dyas,1
klum,1
gino,1
lanc,1
wavin,1
moshe,1
wolf,1
masonry,1
boss,1
mint,1
ventura,1
osborn,1
loading,1
please,1
wait,1
sigma,1
thom,1
lins,1
pete,1
muir,1
guidance,1
rosa,1
tros,1
ceres,1
rouse,1
cleaver,1
brooks,1
bastida,1
ignacio,1
alvarez,1
marta,1
gana,1
lalon,1
delmar,1
vliw,1
upgrade,1
hall,1
toll,1
route,1
coba,1
wsop,1
fuzzy,1
amazon,1
moai,1
script,1
walter,1
academy,1
includes,1
theme,1
comp,1
rehe,1
cape,1
odes,1
gbot,1
cuse,1
connor,1
cipm,1
lack,1
germany,1
yolanda,1
shen,1
price,1
yawn,1
wamu,1
fafad,1
toot,1
christoph,1
lehi,1
bred,1
ardc,1
mudd,1
jays,1
dory,1
thompson,1
reserved,1
henry,1
robe,1
alturia,1
manning,1
drug,1
vanity,1
hake,1
scam,1
dent,1
level,1
luster,1
sudo,1
paper,1
lantern,1
round,1
cube,1
tomo,1
babu,1
membership,1
jsgf,1
language,1
efface,1
rays,1
huya,1
pstn,1
endo,1
noru,1
blas,1
stir,1
ribs,1
hino,1
fett,1
cile,1
hibs,1
neeb,1
yell,1
mkmf,1
ducy,1
jeep,1
flos,1
houk,1
numbs,1
liev,1
niza,1
citron,1
oddi,1
wallet,1
jaeg,1
encoding,1
ignore,1
karen,1
jennifer,1
nestle,1
community,1
didn,1
receive,1
unread,1
cisc,1
swank,1
renewable,1
choice,1
thank,1
deeds,1
tits,1
gras,1
pcie,1
warm,1
pius,1
tayler,1
chan,1
kuok,1
hana,1
ahan,1
nance,1
aoba,1
nostre,1
shan,1
bass,1
cann,1
thun,1
cyber,1
threats,1
mati,1
suvs,1
whir,1
stamp,1
sherry,1
grow,1
forward,1
journal,1
dune,1
wing,1
adze,1
brockman,1
luini,1
tidy,1
luby,1
jpeg,1
crap,1
jojo,1
barf,1
sieg,1
umber,1
sico,1
lincoln,1
marks,1
plugin,1
ffffc,1
welcome,1
rozi,1
rnsk,1
bobo,1
gums,1
deft,1
soho,1
sshs,1
kehal,1
seoul,1
metro,1
villa,1
colombia,1
kqed,1
euroa,1
fnac,1
paid,1
para,1
eius,1
elia,1
pmqs,1
posa,1
restore,1
start,1
abdur,1
cndo,1
rolf,1
delay,1
kstj,1
ocht,1
pied,1
aims,1
mayr,1
orion,1
quis,1
cons,1
cpps,1
haku,1
zhao,1
kues,1
nopo,1
udio,1
naco,1
yunho,1
lahn,1
petrie,1
katy,1
lulu,1
klan,1
wild,1
rams,1
boto,1
bodn,1
suzy,1
isnt,1
seau,1
boca,1
hazels,1
faze,1
cabo,1
kipke,1
cuing,1
skim,1
lptb,1
zewail,1
olli,1
euyo,1
sijzi,1
kaas,1
moot,1
gebr,1
isbn,1
falk,1
nele,1
midi,1
pent,1
saba,1
ades,1
boli,1
cont,1
fist,1
baen,1
jkpp,1
vald,1
momo,1
kwok,1
spat,1
weld,1
amel,1
yoko,1
agcl,1
sabor,1
bums,1
seal,1
wilt,1
kido,1
dota,1
feto,1
toys,1
fuji,1
nope,1
geni,1
reye,1
lung,1
ivor,1
narc,1
coca,1
fans,1
gpmg,1
naya,1
janu,1
paes,1
nuro,1
carl,1
iure,1
aziz,1
inxs,1
snag,1
tows,1
flan,1
nfsa,1
kerk,1
bago,1
gita,1
diaz,1
bhat,1
sfio,1
niel,1
ntfs,1
yomu,1
taki,1
glau,1
mils,1
flay,1
debes,1
eves,1
yury,1
johan,1
llar,1
haws,1
hock,1
ople,1
jure,1
chao,1
milt,1
ambr,1
ruoms,1
alms,1
fees,1
foix,1
glace,1
cubs,1
frco,1
lori,1
butt,1
niki,1
skup,1
sjsu,1
giro,1
zora,1
adug,1
baby,1
ruth,1
hour,1
orul,1
chod,1
cuon,1
anoa,1
kroq,1
soil,1
huac,1
quam,1
tile,1
cluj,1
pegi,1
foch,1
maxi,1
kaye,1
neue,1
karl,1
vast,1
vied,1
ukip,1
nori,1
zina,1
naue,1
fuck,1
juku,1
gren,1
loka,1
opon,1
rtos,1
burs,1
walt,1
tren,1
kana,1
flax,1
yvan,1
zubs,1
mady,1
vick,1
azur,1
elst,1
cuda,1
foyt,1
boor,1
blobs,1
fons,1
calm,1
menu,1
tiros,1
puer,1
pore,1
tusks,1
plym,1
zipf,1
zinn,1
zane,1
warp,1
moan,1
gray,1
ziff,1
suru,1
fvdp,1
tabs,1
lasse,1
ivers,1
ajax,1
daeng,1
peach,1
coaching,1
tent,1
direct,1
acid,1
math,1
popup,1
close,1
suppress,1
lederer,1
aven,1
minh,1
duas,1
ltek,1
msps,1
daws,1
dads,1
dadan,1
travis,1
fiat,1
avon,1
ffdab,1
segura,1
nismo,1
grant,1
aras,1
need,1
antis,1
tico,1
health,1
nusa,1
goss,1
alus,1
teff,1
pars,1
tres,1
grab,1
sony,1
owes,1
based,1
ttan,1
ndes,1
rdal,1
rahm,1
veng,1
snubs,1
gang,1
ocean,1
colt,1
nimo,1
fota,1
tint,1
bael,1
catch,1
mesh,1
emts,1
pond,1
puke,1
maio,1
jeff,1
jana,1
adams,1
shannon,1
archer,1
sarah,1
linda,1
brown,1
faust,1
kathy,1
pins,1
gher,1
load,1
trey,1
jesus,1
roman,1
nuclear,1
unam,1
awan,1
kiew,1
baht,1
zany,1
juke,1
gard,1
elsewhere,1
ncos,1
porra,1
frol,1
slam,1
make,1
casa,1
batista,1
joshua,1
dewitt,1
chases,1
horner,1
kara,1
biber,1
nike,1
kaew,1
salc,1
eing,1
avec,1
womb,1
haim,1
cause,1
hexed,1
billing,1
stat,1
slue,1
marl,1
venda,1
nets,1
aruba,1
william,1
compton,1
integral,1
salem,1
icon,1
freight,1
finance,1
connections,1
hills,1
robert,1
rill,1
mixu,1
qazi,1
gaga,1
frau,1
virus,1
projector,1
lamp,1
ovid,1
prods,1
mass,1
package,1
expired,1
andre,1
mips,1
ebox,1
tando,1
ckel,1
value,1
thin,1
copp,1
suncorp,1
resolve,1
mbbs,1
iroh,1
