docs,922
paypal,788
storage,689
secure,589
mail,542
runescape,437
fire,416
base,416
live,303
drive,300
cloud,275
facebook,264
apple,261
forms,250
account,248
student,235
services,210
check,208
login,205
file,196
transfer,184
bank,174
sign,170
support,168
help,168
online,166
sites,163
service,142
ebay,132
what,128
segura,112
beta,109
esta,108
ques,108
join,105
update,102
chase,102
zona,99
user,99
chat,90
mobile,80
banco,79
client,77
email,74
betas,73
card,73
cafe,71
perez,69
america,68
site,67
portal,65
group,62
chia,61
panel,60
eliot,60
admin,59
verify,57
redirection,57
info,55
drop,55
webmail,53
blog,53
sabu,53
test,52
accounts,48
cats,48
amazon,47
alternate,47
verification,46
security,45
connect,45
liza,45
boke,44
home,42
free,42
shop,42
netflix,42
digital,42
magazine,40
nmit,40
reis,40
server,38
google,38
credit,37
helps,37
host,37
point,36
center,35
notification,34
insta,34
poste,33
team,33
fence,33
pixel,32
class,32
unlock,32
dudu,32
filter,32
allegro,32
pages,31
system,31
click,31
orange,31
robb,31
riot,31
order,31
page,30
community,30
aces,29
count,29
luiz,28
your,28
grub,28
aruba,28
safe,28
apps,27
share,27
santander,27
line,27
amerie,27
office,26
first,26
swep,26
face,25
ovid,25
auto,25
work,25
redirect,24
corp,24
bravo,24
ring,24
files,24
plata,23
outlook,23
setting,23
only,23
posa,23
https,22
document,22
internet,22
tech,22
webs,22
american,22
screen,22
gram,22
gratis,22
ment,21
microsoft,21
cadastral,21
alert,21
marketplace,21
confirmation,20
payment,20
snap,20
demo,20
customer,20
express,20
export,20
discover,20
partners,20
ducat,19
core,19
yahoo,19
vlast,19
construction,19
smart,18
blok,18
billing,18
physics,18
mission,18
trade,18
visitor,18
business,17
suspended,17
world,17
news,17
poli,17
lighting,17
maga,17
yemen,17
space,17
come,17
firm,16
accounting,16
para,16
link,16
pole,16
giri,16
waiting,16
state,16
swiss,16
curs,16
unlocking,16
renault,16
caro,16
automotive,16
comba,16
iseo,16
paving,16
river,16
bodega,16
latina,16
evangelical,16
friends,16
dorf,16
adult,16
central,16
methodist,16
handle,16
corona,15
game,15
itunes,15
blob,15
tori,15
manager,15
summary,15
logia,15
night,15
kingdom,15
informations,15
film,15
habbo,15
laban,15
postal,15
preview,14
pros,14
market,14
manage,14
zone,14
viral,14
compute,14
person,14
banking,14
access,14
ident,14
number,14
veil,14
steam,14
products,14
message,14
checkout,14
micro,14
marketing,14
unit,14
wells,13
shaw,13
lise,13
open,13
colombia,13
temp,13
submit,13
dispatch,13
global,13
promo,13
code,13
hands,13
data,13
king,13
phone,13
brig,13
project,12
sion,12
valid,12
iver,12
seti,12
astro,12
videos,12
ricardo,12
securing,12
developer,12
vici,12
delf,12
voce,12
stat,12
edward,12
mann,12
wait,12
items,12
locked,12
crow,12
primary,12
please,12
arbor,12
museum,12
recruitment,12
luna,12
clothing,12
encrypt,12
ecac,12
seller,12
form,12
hack,12
cpus,12
lion,12
staff,12
faculty,12
nabs,12
cate,12
deaf,12
stage,12
gate,11
stores,11
load,11
view,11
ions,11
cont,11
item,11
gold,11
gent,11
shav,11
store,11
fags,11
cation,11
ones,11
west,11
voice,11
gabbro,11
chocks,11
self,10
virtual,10
secured,10
management,10
session,10
book,10
case,10
limit,10
bill,10
event,10
hire,10
park,10
bert,10
cong,10
niko,10
shiny,10
video,10
name,10
warszawa,10
reno,10
baba,10
hotmail,10
clients,10
required,10
edit,10
lime,10
port,10
east,10
rique,10
invite,10
daum,10
chile,9
settings,9
restore,9
cancel,9
best,9
fargo,9
rock,9
iran,9
auger,9
abel,9
information,9
body,9
plus,9
lines,9
private,9
contacts,9
notice,9
andreev,9
post,9
yeni,9
inga,9
guity,9
ness,9
greta,9
loading,9
sandbox,9
part,9
aide,9
nickel,9
maris,9
sapi,9
dark,9
super,9
technology,9
upgrade,9
action,9
dsps,9
more,9
ding,9
trust,9
time,9
flow,9
catalog,9
coma,9
rupp,9
aliz,9
americas,9
cure,9
chases,9
image,8
desk,8
limited,8
tested,8
aspiring,8
prod,8
mountain,8
feet,8
disk,8
cent,8
fast,8
tournament,8
ragout,8
opting,8
pound,8
alun,8
lans,8
calc,8
tides,8
torc,8
jolly,8
grupo,8
fran,8
quin,8
create,8
protect,8
table,8
addles,8
choi,8
wind,8
control,8
quota,8
sosa,8
bourse,8
staging,8
career,8
academy,8
rogen,8
trix,8
riaz,8
grid,8
theatre,8
archives,8
bliss,8
healing,8
amos,8
competent,8
borg,8
mercanti,8
developers,8
react,8
baro,8
ivar,8
operaci,8
helios,8
roofing,8
mails,8
supply,8
translations,8
mumbai,8
spot,8
wellington,8
training,8
cuny,8
harrison,8
pade,8
platinum,8
incel,8
parc,8
protocol,8
sylvia,8
mclain,8
know,8
suess,8
tort,8
forest,8
show,8
funding,8
mood,8
firma,8
cebu,8
astor,8
cache,8
nebula,8
schr,8
stein,8
bowman,8
consulting,8
bend,8
maze,8
kate,8
version,8
equity,8
media,8
kush,8
kumar,8
vedas,8
bung,8
redi,8
associa,8
iris,8
domain,8
braces,8
prof,7
ickiest,7
capacitance,7
recipe,7
banca,7
kang,7
moonlights,7
seng,7
quine,7
goal,7
brook,7
blues,7
band,7
estado,7
planet,7
aram,7
caper,7
wilson,7
care,7
tree,7
enquiry,7
spec,7
continue,7
need,7
disc,7
division,7
proxy,7
contact,7
renew,7
area,7
carta,7
amer,7
healthcare,7
common,7
bbbb,7
brad,7
atapi,7
corre,7
library,7
strato,7
fact,7
ante,7
polska,7
campus,6
error,6
agri,6
index,6
disp,6
shared,6
rica,6
dien,6
mate,6
charming,6
lama,6
pall,6
mary,6
smiles,6
download,6
bron,6
tire,6
updates,6
kara,6
vous,6
pour,6
umass,6
refund,6
eric,6
aldi,6
helping,6
optus,6
static,6
wallet,6
oita,6
cert,6
prue,6
mola,6
cards,6
company,6
tele,6
script,6
stone,6
enterprise,6
hello,6
half,6
indonesia,6
nutrients,6
salud,6
guarda,6
lupe,6
equipment,6
rentals,6
hots,6
interac,6
hosting,6
kudos,6
recovery,5
main,5
purple,5
stickers,5
sticker,5
oauth,5
authorize,5
scope,5
centre,5
cole,5
block,5
here,5
found,5
final,5
nonsense,5
stool,5
hand,5
hole,5
arse,5
fake,5
three,5
like,5
tank,5
pass,5
fill,5
track,5
gateway,5
validation,5
mole,5
real,5
estate,5
appel,5
supports,5
acre,5
euro,5
paul,5
gaming,5
koko,5
premium,5
confirm,5
supp,5
members,5
policy,5
tabi,5
rios,5
grade,5
stay,5
serve,5
czech,5
intranet,5
school,5
loud,5
finance,5
cook,5
vocal,5
rent,5
medusa,5
giveaway,5
reso,5
anti,5
console,5
liquid,5
terms,5
safety,5
basic,5
vaca,5
scotiabank,5
indo,5
monika,5
ironing,5
ekmek,5
porte,5
captcha,5
gates,5
leon,5
columbia,5
personal,5
lado,5
elms,5
pontos,5
royal,4
kers,4
blogspot,4
casa,4
dario,4
etta,4
owes,4
bund,4
shar,4
skynet,4
kiri,4
ford,4
egba,4
lander,4
health,4
plays,4
coco,4
dani,4
aldrin,4
high,4
ting,4
program,4
testing,4
repairing,4
kinn,4
fear,4
sprint,4
vella,4
bonus,4
joki,4
kama,4
omid,4
trak,4
kart,4
gela,4
lawyer,4
play,4
quilt,4
emmental,4
resourcing,4
marble,4
dylan,4
shipment,4
bole,4
louisville,4
connor,4
attach,4
nega,4
cycle,4
lily,4
kitchen,4
meri,4
reception,4
clark,4
electric,4
elena,4
novy,4
manze,4
pardubice,4
crossing,4
borders,4
windows,4
southeast,4
kelvin,4
arrow,4
disposables,4
barn,4
partington,4
cellular,4
dati,4
verzeichnis,4
users,4
scott,4
partner,4
gerrard,4
homolog,4
family,4
lets,4
ymca,4
egan,4
carioca,4
national,4
owner,4
eads,4
orlando,4
vacations,4
millennia,4
suze,4
rivi,4
vald,4
claro,4
budu,4
sharp,4
eniac,4
grievance,4
very,4
distro,4
cuyo,4
cacao,4
aula,4
libra,4
vines,4
find,4
lyon,4
lincoln,4
promocional,4
pedantic,4
poincar,4
vigilant,4
kids,4
wyoming,4
city,4
schools,4
exit,4
voices,4
frio,4
faed,4
payments,4
minigames,4
fuca,4
alfred,4
talk,4
logistic,4
caca,4
official,4
pure,4
panic,4
brac,4
lite,4
poised,4
abstract,4
type,4
slug,4
sitio,4
fops,4
uplink,4
camp,4
winer,4
protective,4
sandburg,4
fiddle,4
cargo,4
podi,4
villa,4
shipping,4
trading,4
egypt,4
gabe,4
annan,4
send,4
aztec,4
comuni,4
zion,4
collins,4
goodwin,4
kaval,4
nature,4
sewell,4
cars,4
inter,4
boma,4
native,4
goofy,4
jang,4
amir,4
suncoast,4
union,4
paramount,4
midler,4
nica,4
slue,4
winfrey,4
desjardins,4
feer,4
saudi,4
diesel,4
ventures,4
master,4
alter,4
networks,4
eternity,4
flooring,4
crews,4
paris,4
reply,4
experience,4
brett,4
jackson,4
certified,4
redir,4
cart,4
miami,4
moda,4
translate,4
lobo,4
trusting,4
brahma,4
gupta,4
medo,4
fene,4
modi,4
print,4
mara,4
coast,4
wholesale,4
appliances,4
endo,4
meso,4
ombo,4
sung,4
lang,4
russia,4
judy,4
signer,4
fema,4
nicole,4
identity,4
instantly,4
soci,4
polar,4
mats,4
valuation,4
frame,4
audubon,4
institute,4
oude,4
bristol,4
simpson,4
ffba,4
moji,4
dictionary,4
bdda,4
newsletter,4
beef,4
rink,4
tpzs,4
mailing,4
endpoints,4
mina,4
capture,4
profiles,4
peas,4
mono,4
births,4
cosa,4
adidas,4
cccccc,4
gray,4
wire,4
bouy,4
living,4
strategies,4
roxbury,4
colle,4
chromel,4
maersk,4
lolo,4
geri,4
supportive,4
tura,4
lucky,4
provincia,4
brescia,4
civil,4
ched,4
profiling,4
grass,4
zhen,4
reamer,4
medical,4
systems,4
injury,4
carver,4
viana,4
panda,4
regis,4
dada,4
followers,4
captures,4
alicia,4
subscribes,4
march,4
earning,4
chantal,4
distal,4
retrieval,4
drink,4
aware,4
matrix,4
collect,4
mock,4
columbus,4
solos,4
pizza,4
csup,4
date,4
arch,4
publish,4
pony,4
puja,4
chary,4
match,4
hotel,4
mesmerize,4
colorado,4
redirecting,4
fiba,4
wave,4
tell,4
masonry,4
feeds,4
wana,4
waste,4
kerry,4
duncan,4
ovas,4
brazos,4
guardianship,4
mcdonalds,4
field,4
sunny,4
mere,4
zeman,4
telecom,4
metre,4
gill,4
bologna,4
participant,4
dette,4
italia,4
keep,4
images,4
loan,4
application,4
phan,4
chao,4
lats,4
unam,4
start,4
gerald,4
mess,4
fremont,4
careers,4
koch,4
sert,4
teck,4
lane,4
foundation,4
alex,4
bills,4
fred,4
williams,4
amsa,4
remove,4
codes,4
seek,4
voyages,4
bayan,4
aaaa,4
avatar,4
orhan,4
zend,4
framework,4
nexus,4
ider,4
yuna,4
shura,4
mundo,4
fort,4
nast,4
baur,4
ahac,4
japan,4
shiba,4
shap,4
token,4
full,4
wordpress,4
logic,4
frigates,4
rabe,4
clever,4
comp,4
well,4
made,4
dashboard,4
ebook,4
ical,4
trails,4
amar,4
stora,4
maul,4
raine,4
klein,4
baru,4
como,4
contra,4
riou,4
takes,4
promotion,4
tende,4
mobil,4
object,4
amara,4
geren,4
bitcoin,4
escrow,4
wound,4
safest,4
solutions,4
smitten,3
punishment,3
sapient,3
fabric,3
alpha,3
canada,3
nine,3
tequila,3
lupa,3
cide,3
denn,3
pods,3
sang,3
chur,3
olivine,3
cheddar,3
geography,3
wilde,3
commercial,3
love,3
dope,3
italian,3
alkaline,3
potent,3
teeth,3
dyson,3
absolute,3
staub,3
boden,3
watt,3
hash,3
some,3
glob,3
pick,3
strong,3
ultimo,3
impact,3
guro,3
blacks,3
alerts,3
http,3
cage,3
tans,3
bell,3
agar,3
verified,3
nuevo,3
tons,3
taylor,3
hind,3
cope,3
arene,3
alban,3
sent,3
over,3
tungsten,3
olen,3
dead,3
const,3
gove,3
maca,3
jure,3
sane,3
proceed,3
gifts,3
dost,3
deliver,3
cooperation,3
chal,3
phantom,3
guide,3
seguros,3
military,3
feather,3
smtp,3
centro,3
administration,3
demand,3
humane,3
marten,3
deus,3
calle,3
escap,3
mica,3
mode,3
bubl,3
mass,3
este,3
checking,3
read,3
maher,3
sande,3
just,3
ebox,3
range,3
perso,3
black,3
nite,3
associates,3
justifiable,3
ecas,3
hors,3
turismo,3
odes,3
works,3
maka,3
maior,3
rasu,3
avid,3
priv,3
fetter,3
network,3
true,3
saba,3
updating,3
mien,3
unusual,3
activity,3
under,3
alle,3
race,3
haut,3
allot,3
asse,3
wend,3
hahm,3
random,3
role,3
college,3
trom,3
peter,3
vivien,3
mula,3
webmaster,3
citi,3
amex,3
evil,3
guardia,3
roll,3
ship,3
marke,3
public,3
feel,3
pron,3
butter,3
spiced,3
judge,3
ibis,3
cora,3
bare,3
thirsty,3
iron,3
merchant,3
flamboyant,3
euclid,3
hedge,3
cock,3
dental,3
champions,3
vacation,3
homes,3
curt,3
cunt,3
groups,3
chats,3
cone,3
wild,3
unip,3
music,3
ange,3
klien,3
liber,3
assistance,3
connex,3
signal,3
cops,3
rebirth,3
nola,3
protection,3
agram,3
adobe,3
iphone,3
feng,3
london,3
limites,3
lender,3
crude,3
medicine,3
nail,3
supplies,3
mailbox,3
zoom,3
saps,3
rang,3
directory,3
seus,3
learning,3
binder,3
expo,3
vial,2
sars,2
polymeric,2
gene,2
ratio,2
mali,2
patria,2
request,2
lands,2
cali,2
guns,2
glory,2
corvids,2
bali,2
belle,2
membership,2
homo,2
tiki,2
stitch,2
lovely,2
pine,2
horticultural,2
html,2
stories,2
skin,2
multi,2
rota,2
wear,2
maki,2
spots,2
short,2
vire,2
guri,2
triple,2
appliance,2
repair,2
lamb,2
queso,2
falk,2
graz,2
look,2
crescent,2
resort,2
megas,2
warm,2
castle,2
pays,2
issue,2
modo,2
coup,2
amarth,2
sell,2
cons,2
prog,2
mart,2
tick,2
icon,2
nene,2
comcast,2
oust,2
been,2
bart,2
phil,2
tion,2
rapa,2
herz,2
floor,2
sica,2
writ,2
prope,2
breath,2
light,2
diane,2
thyme,2
paho,2
chalk,2
chris,2
turf,2
psych,2
omri,2
cosi,2
alba,2
once,2
wealth,2
dwarf,2
fuss,2
tingle,2
rins,2
nance,2
whan,2
missa,2
daniel,2
oregon,2
youtube,2
hard,2
brice,2
lear,2
buck,2
ivor,2
nord,2
toner,2
long,2
diol,2
postl,2
danka,2
gins,2
paste,2
fall,2
piave,2
lten,2
brat,2
colo,2
jika,2
pleas,2
datos,2
ndes,2
serva,2
fame,2
meme,2
nero,2
kalam,2
yellow,2
food,2
simple,2
rich,2
macon,2
flap,2
saws,2
cond,2
moci,2
fare,2
sore,2
fixes,2
problems,2
kali,2
ores,2
node,2
baix,2
dorl,2
wizard,2
magician,2
popular,2
nous,2
approach,2
able,2
stag,2
yoga,2
awed,2
mast,2
karak,2
anak,2
meta,2
centric,2
stencil,2
succulent,2
anatolian,2
shepherd,2
personnal,2
ratso,2
different,2
mango,2
stargazer,2
proteins,2
promotions,2
foot,2
especial,2
stand,2
idioms,2
nation,2
australia,2
santa,2
jungen,2
azzi,2
marco,2
celta,2
girin,2
poll,2
hotz,2
sector,2
mask,2
chan,2
rous,2
acronyms,2
mark,2
malachite,2
rural,2
gander,2
alkan,2
call,2
novo,2
fils,2
kana,2
mcafee,2
numbers,2
stem,2
sumptuous,2
geranium,2
vert,2
pang,2
today,2
contest,2
formula,2
principal,2
irrevocable,2
resolution,2
verizon,2
wireless,2
photo,2
automated,2
morgan,2
linking,2
voucher,2
ankan,2
pont,2
educational,2
options,2
avant,2
solution,2
slavia,2
asia,2
authenticate,2
estar,2
prove,2
mime,2
cast,2
energy,2
sync,2
south,2
resume,2
eastern,2
jealous,2
apricot,2
grubs,2
canal,2
tracking,2
packages,2
bugs,2
collaborate,2
internal,2
miles,2
gruppo,2
iced,2
caller,2
ture,2
sour,2
campaign,2
mahogany,2
broadleaf,2
troodon,2
dung,2
restraint,2
batch,2
scat,2
webpage,2
ottawa,2
upstream,2
fert,2
travis,2
keke,2
ando,2
cones,2
dore,2
omer,2
subscriber,2
rger,2
upon,2
norton,2
amico,2
review,2
coding,2
peru,2
appointment,2
unlocked,2
phonic,2
obelisk,2
helper,2
tard,2
turk,2
keck,2
root,2
berry,2
rainbow,2
rkiye,2
mania,2
trans,2
validate,2
secci,2
evergreen,2
dare,2
gemina,2
folder,2
revolting,2
groans,2
banu,2
epos,2
tale,2
vidi,2
eminent,2
friday,2
rapid,2
toes,2
hora,2
satu,2
dozing,2
opportunity,2
turkey,2
epics,2
dandy,2
pane,2
kondo,2
dansk,2
sellers,2
mensa,2
isla,2
basc,2
winged,2
isotropic,2
taio,2
robot,2
hsbc,2
taking,2
note,2
czar,2
priceless,2
goldwasser,2
kind,2
meitner,2
trey,2
elegant,2
galileo,2
atrium,2
landscape,2
shah,1
parr,1
eure,1
googie,1
francisco,1
terrace,1
prone,1
persistent,1
sips,1
lack,1
dyed,1
feba,1
prior,1
agreement,1
ance,1
bogd,1
pegi,1
keri,1
less,1
nyse,1
colima,1
done,1
corrie,1
diplomat,1
wall,1
from,1
lula,1
wayne,1
lisle,1
station,1
admiring,1
mcclintock,1
objective,1
fermi,1
profile,1
faroes,1
strom,1
gilbert,1
payne,1
tikal,1
managed,1
boss,1
ning,1
filibuster,1
pala,1
oath,1
rahl,1
effy,1
jamos,1
belo,1
gads,1
daft,1
lalo,1
politico,1
unblock,1
recover,1
natural,1
deflated,1
apostrophe,1
clairvoyant,1
strings,1
nest,1
casino,1
morph,1
damage,1
ayya,1
apollon,1
author,1
khalifa,1
eris,1
stings,1
partial,1
curvatures,1
allen,1
stil,1
penn,1
abbrev,1
preserving,1
miki,1
male,1
tenta,1
cula,1
knees,1
hydro,1
tactic,1
radi,1
zach,1
raspe,1
aquarius,1
lica,1
sale,1
thorn,1
pull,1
boom,1
servers,1
inters,1
contract,1
trojan,1
infected,1
argento,1
scratchiest,1
camel,1
sighted,1
sink,1
fantasy,1
rabobank,1
mustang,1
rover,1
busy,1
hound,1
entry,1
websites,1
dect,1
even,1
seen,1
yahoos,1
ever,1
dred,1
gama,1
locations,1
apulia,1
olympus,1
vision,1
gplv,1
vers,1
sexy,1
girls,1
bella,1
battleground,1
roman,1
colomb,1
dawns,1
daily,1
bread,1
papa,1
gang,1
raking,1
secures,1
unsual,1
montt,1
riga,1
dale,1
debt,1
norte,1
build,1
fully,1
offline,1
sure,1
statt,1
colombe,1
aunt,1
ways,1
based,1
notify,1
chain,1
happen,1
dune,1
hared,1
null,1
opted,1
sture,1
dyno,1
defense,1
china,1
generator,1
stains,1
lice,1
boots,1
cult,1
palma,1
spare,1
cost,1
salsa,1
olds,1
prat,1
streamline,1
recently,1
buyer,1
bann,1
proof,1
century,1
spay,1
sufis,1
diouf,1
taxi,1
appears,1
cccc,1
canceled,1
crea,1
ater,1
ester,1
recep,1
vive,1
amor,1
darius,1
lien,1
nair,1
tung,1
nach,1
thiem,1
shakespeare,1
unity,1
palak,1
prost,1
everything,1
chainmail,1
addons,1
second,1
oficina,1
brazil,1
guts,1
stor,1
great,1
vaned,1
freezes,1
paint,1
piles,1
stannic,1
rapist,1
database,1
books,1
yang,1
seger,1
rami,1
shakti,1
singh,1
hangs,1
bail,1
than,1
safi,1
hazard,1
gator,1
hung,1
passport,1
withholding,1
spike,1
emilio,1
calder,1
british,1
cornell,1
copy,1
onew,1
limes,1
vans,1
andre,1
defaced,1
fees,1
lose,1
walkman,1
studio,1
documented,1
watches,1
droid,1
armee,1
website,1
ration,1
flip,1
wane,1
asus,1
gamer,1
process,1
moskva,1
reward,1
blocked,1
metropolitan,1
petra,1
ulis,1
aren,1
advance,1
fixe,1
coronavirus,1
cases,1
agol,1
kent,1
tang,1
bono,1
bier,1
electronic,1
gata,1
club,1
ether,1
factory,1
mojo,1
synchronized,1
cung,1
bristles,1
kwik,1
sides,1
comical,1
acts,1
intelligent,1
panne,1
hentai,1
nope,1
tutorial,1
kings,1
lieu,1
philo,1
rann,1
hoot,1
prose,1
india,1
photography,1
buzz,1
deluxe,1
anpr,1
succes,1
agra,1
flux,1
buru,1
maverick,1
loki,1
nova,1
cove,1
jack,1
henry,1
mons,1
sram,1
earn,1
money,1
manta,1
bhos,1
fibs,1
bram,1
bead,1
power,1
coupon,1
slee,1
krak,1
kentish,1
buffers,1
irma,1
roger,1
used,1
points,1
boca,1
cura,1
league,1
legends,1
phish,1
invalid,1
puesto,1
whirlpool,1
polite,1
imminent,1
edge,1
wildcard,1
tattered,1
tough,1
warrior,1
plausible,1
skunk,1
maria,1
ozawa,1
sharing,1
holly,1
roams,1
working,1
activate,1
currently,1
register,1
upward,1
oscillation,1
james,1
natt,1
regular,1
schenker,1
yummy,1
bookworm,1
omaha,1
address,1
wali,1
adam,1
stewart,1
ultra,1
cristal,1
spor,1
haber,1
senat,1
pirate,1
kool,1
mega,1
zine,1
worldcat,1
cash,1
gaia,1
aries,1
grandes,1
gustavo,1
acht,1
navy,1
federal,1
zemin,1
hallucinatory,1
anton,1
ella,1
setup,1
kapu,1
dave,1
dickers,1
logi,1
dodo,1
using,1
niki,1
messages,1
gallant,1
vinci,1
coop,1
escu,1
aura,1
ganza,1
structure,1
bridge,1
blue,1
sort,1
change,1
mill,1
coloni,1
prodrive,1
rlogin,1
odin,1
luck,1
linne,1
rite,1
cads,1
innes,1
jsgf,1
ordinate,1
misbegotten,1
drunken,1
rare,1
foil,1
barber,1
mange,1
trio,1
jiffy,1
courtney,1
lyons,1
samsung,1
quality,1
shining,1
uneven,1
salmon,1
faceted,1
rain,1
huckleberry,1
orders,1
grading,1
wilderness,1
thing,1
toast,1
forward,1
totals,1
aute,1
calling,1
affix,1
noon,1
asimo,1
viii,1
cedes,1
behaved,1
thir,1
method,1
tempo,1
plan,1
unix,1
maat,1
trend,1
tinny,1
eyal,1
atty,1
landi,1
transparency,1
penny,1
hats,1
scar,1
corporate,1
shadowed,1
cactus,1
cera,1
tops,1
gelt,1
chromatic,1
dosa,1
pike,1
hike,1
uber,1
barb,1
beau,1
tines,1
glyph,1
graphic,1
harb,1
roofed,1
cuts,1
sting,1
malus,1
guys,1
amber,1
kami,1
shin,1
candy,1
diamond,1
enharmonic,1
fits,1
product,1
finder,1
optional,1
convulsion,1
lighted,1
blinds,1
pind,1
growth,1
escher,1
enver,1
mini,1
pool,1
eden,1
ciales,1
most,1
iche,1
cielo,1
employee,1
jazz,1
dist,1
infinite,1
webpages,1
bytes,1
hormonal,1
halyard,1
hook,1
near,1
mint,1
silver,1
peng,1
turan,1
bellsouth,1
detest,1
reinforcement,1
mama,1
muda,1
jaman,1
lades,1
closing,1
scot,1
armour,1
clad,1
mecha,1
students,1
vitr,1
exaggerated,1
compi,1
mahmoud,1
notifications,1
europ,1
conf,1
worlds,1
rode,1
unworldly,1
speeches,1
welcome,1
resolve,1
waldman,1
frankfurt,1
voter,1
style,1
hall,1
intercession,1
craigslist,1
porn,1
innovation,1
list,1
frosty,1
bore,1
engineering,1
consultants,1
star,1
grand,1
looper,1
mont,1
granular,1
particular,1
contigo,1
seasons,1
glen,1
muse,1
nacional,1
macbook,1
indian,1
recipes,1
weather,1
shield,1
widows,1
doors,1
valley,1
glass,1
elect,1
korea,1
repo,1
bouts,1
agile,1
things,1
lyra,1
nate,1
church,1
sistema,1
levi,1
nostalgic,1
lich,1
terman,1
pack,1
emil,1
scotia,1
authentication,1
marktplaats,1
reports,1
antes,1
dove,1
dash,1
board,1
bang,1
lense,1
dido,1
hide,1
pira,1
bonuses,1
fera,1
tama,1
rack,1
nudes,1
deals,1
pusa,1
projects,1
affectionate,1
north,1
upbeat,1
feynman,1
return,1
snowboard,1
rysy,1
fifty,1
saves,1
confident,1
hoover,1
dole,1
coin,1
arce,1
tests,1
nadia,1
lian,1
blackwell,1
confirms,1
statement,1
thomas,1
brown,1
dept,1
singles,1
meet,1
sines,1
spal,1
polish,1
mage,1
