paypal,614
docs,432
secure,330
mail,271
account,214
live,203
storage,199
runescape,197
help,196
drive,196
apple,186
cloud,175
student,160
service,136
forms,136
login,129
online,125
services,118
support,118
facebook,114
sites,109
bank,100
sign,93
ebay,93
base,83
fire,79
update,78
check,66
transfer,61
file,52
email,51
yemen,51
redirection,49
user,47
sabu,44
chia,43
chase,42
beta,42
admin,41
security,41
order,41
segura,39
blog,38
pages,38
site,38
america,38
robb,38
cats,38
magazine,37
banco,37
logia,37
test,36
luiz,35
confirmation,35
webmail,35
orange,35
portal,33
locked,33
office,32
community,32
cafe,31
pots,31
confirm,31
mobile,30
eliot,30
zona,30
amazon,29
aruba,29
client,29
perez,29
click,29
group,29
redirect,29
connect,28
verification,28
demo,28
vest,28
drop,27
please,27
free,26
nmit,26
your,26
wait,25
aidan,25
allegro,25
esta,25
ques,25
point,24
webs,24
raymond,24
james,24
waiting,24
fence,24
microsoft,23
corp,23
card,23
info,23
google,23
helps,23
team,22
share,22
number,22
adult,22
porte,21
person,21
home,21
setting,21
apps,21
tech,21
safe,21
center,20
liza,20
auto,19
page,18
poste,18
game,17
accounts,17
first,17
ivar,16
central,16
shop,16
outlook,16
error,16
credit,16
mode,16
payment,16
loading,16
https,16
filter,16
curt,15
verify,15
steam,15
czech,15
chat,15
alternate,15
curs,15
what,14
iseo,14
paving,14
host,14
netflix,14
ment,14
node,14
micro,14
river,14
construction,13
preview,13
posa,13
news,13
checkout,13
partners,13
face,13
colombia,13
bodega,12
latina,12
lighting,12
santander,12
information,12
count,12
core,12
message,12
staff,12
recruitment,12
dorf,12
readers,12
russia,12
only,12
cache,12
nebula,12
cccccc,12
methodist,12
king,12
gratis,12
document,12
handle,12
join,12
aide,12
corona,12
band,11
server,11
form,11
scour,11
franc,11
evangelical,11
friends,11
mission,11
insta,11
blok,11
yahoo,11
access,11
disc,11
trade,11
need,11
data,11
script,11
east,11
aces,11
nickel,11
amer,10
baba,10
maps,10
banking,10
cont,10
american,10
alert,10
poli,10
caro,10
automotive,10
moda,10
ndes,10
line,10
world,10
pros,10
itunes,10
compute,10
discover,10
reno,10
doubling,10
injectors,10
cert,10
self,10
warszawa,10
boke,9
internet,9
comba,9
time,9
crow,9
primary,9
open,9
recover,9
track,9
smart,9
deus,9
rios,9
project,9
business,9
blob,9
code,9
arbor,9
hands,9
museum,9
nica,9
bill,9
film,9
upgrade,9
bubl,9
luna,9
clothing,9
encrypt,9
ecac,9
ding,9
seller,9
trust,9
edit,9
limited,9
cpus,9
unit,9
lion,9
faculty,9
phone,9
nabs,9
habbo,9
virtual,9
video,8
voce,8
link,8
informations,8
type,8
gate,8
submit,8
dispatch,8
system,8
training,8
wilson,8
platinum,8
management,8
mate,8
state,8
vocal,8
ting,8
vague,8
faraway,8
executables,8
express,8
swiss,8
staging,8
plata,8
session,8
proxy,8
hole,8
amir,8
renault,8
videos,8
ring,8
unlock,8
dudu,8
swep,8
riot,8
visualized,7
schedule,7
space,7
console,7
updates,7
iran,7
pontos,7
panel,7
uplink,7
desk,7
action,7
notification,7
agri,7
work,7
protocol,7
global,7
lime,7
media,7
more,7
view,7
name,7
marketing,7
mock,7
customer,7
best,7
guro,7
ickiest,7
capacitance,7
moonlights,7
brook,7
blues,7
grupo,7
yeni,7
giri,7
redir,6
token,6
helios,6
roofing,6
mails,6
policy,6
supply,6
port,6
maga,6
mumbai,6
supp,6
spot,6
royal,6
wellington,6
nero,6
kalam,6
cuny,6
technology,6
harrison,6
pade,6
ones,6
ford,6
grade,6
hotmail,6
mola,6
clients,6
incel,6
parc,6
food,6
simple,6
date,6
mole,6
most,6
sines,6
sylvia,6
mclain,6
stat,6
required,6
dsps,6
trak,6
kart,6
suess,6
tort,6
forest,6
case,6
show,6
funding,6
saws,6
firma,6
fixes,6
problems,6
lama,6
cebu,6
astor,6
ores,6
schr,6
stein,6
bowman,6
consulting,6
care,6
quota,6
bend,6
maze,6
kate,6
hack,6
gram,6
baix,6
dorl,6
billing,6
version,6
equity,6
pinoy,6
kush,6
kumar,6
catalog,6
vici,6
temp,6
vedas,6
rique,6
marketplace,6
shared,6
three,6
gopher,6
demand,6
clog,6
escap,6
accounting,6
summary,6
bravo,6
inga,6
files,6
visitor,6
wallet,5
prod,5
control,5
west,5
manage,5
cure,5
ventures,5
market,5
firm,5
post,5
block,5
beef,5
plus,5
serva,5
stickers,5
continue,5
operaci,5
body,5
jang,5
paul,5
goal,5
index,5
know,5
flap,5
judy,5
signer,5
private,5
social,5
members,5
secured,5
lines,5
night,5
kingdom,5
protect,5
zone,5
translations,5
rica,5
event,5
image,5
gent,5
quine,5
settings,5
campus,5
centre,5
gold,5
item,5
solicit,5
stage,5
search,5
download,5
ident,5
principal,5
ducat,5
pixel,5
ions,5
digital,5
lise,5
contacts,5
export,5
safety,4
repair,4
finance,4
para,4
tree,4
eric,4
datos,4
casa,4
period,4
willing,4
redirecting,4
lace,4
find,4
purple,4
sent,4
voice,4
entrepreneur,4
manager,4
ffdf,4
cation,4
sistema,4
villa,4
trading,4
cards,4
mercado,4
static,4
some,4
career,4
here,4
delta,4
gateway,4
jika,4
cultura,4
nicola,4
official,4
tell,4
sion,4
reply,4
wire,4
anna,4
font,4
cost,4
sell,4
prone,4
intranet,4
refund,4
fags,4
feed,4
mess,4
olen,4
moci,4
totem,4
mass,4
dope,4
oude,4
pleas,4
seng,4
sosa,4
high,4
suspended,4
metallic,4
arctic,4
currencies,4
births,4
prue,4
tura,4
chan,4
systems,4
oficina,4
cole,4
umass,4
match,4
start,4
things,4
promo,4
spec,4
stores,4
brit,4
power,4
rock,4
cent,4
fake,4
request,4
centro,4
carta,4
oita,4
teenage,4
honors,4
disp,4
competent,4
borg,4
fact,4
ration,4
dark,4
developers,4
react,4
baro,4
greta,4
soundboard,4
abel,4
park,4
yellow,4
mood,4
dario,4
disk,4
hire,4
class,4
plays,4
developer,4
physics,4
unlocking,4
cycle,4
supports,4
helping,4
exit,3
solutions,3
marktplaats,3
proof,3
voices,3
coms,3
frio,3
city,3
faed,3
made,3
iphone,3
minigames,3
fuca,3
hypo,3
caca,3
vlast,3
comcast,3
bilge,3
brac,3
tabi,3
lite,3
poised,3
abstract,3
century,3
acre,3
slug,3
gonged,3
bless,3
upon,3
sitio,3
fops,3
spay,3
validation,3
pays,3
camp,3
winer,3
protective,3
sandburg,3
fiddle,3
chain,3
cargo,3
podi,3
shipping,3
sufis,3
diouf,3
egypt,3
gabe,3
hash,3
annan,3
send,3
taxi,3
meme,3
comuni,3
zion,3
appears,3
cccc,3
collins,3
goodwin,3
company,3
kaval,3
nature,3
tele,3
sewell,3
cars,3
stay,3
inter,3
boma,3
native,3
goofy,3
crea,3
calle,3
suncoast,3
union,3
paramount,3
healthcare,3
midler,3
slue,3
serve,3
ater,3
ester,3
recep,3
aute,3
winfrey,3
desjardins,3
feer,3
saudi,3
diesel,3
vial,3
master,3
mica,3
level,3
alter,3
networks,3
darius,3
eternity,3
flooring,3
crews,3
paris,3
experience,3
brett,3
jackson,3
common,3
certified,3
lien,3
done,3
cart,3
miami,3
fast,3
translate,3
lobo,3
trusting,3
brahma,3
gupta,3
medo,3
fene,3
modi,3
print,3
mara,3
coast,3
wholesale,3
appliances,3
nair,3
endo,3
meso,3
ombo,3
sung,3
rich,3
tung,3
nach,3
lang,3
macon,3
maro,3
kama,3
thiem,3
sardonic,3
little,3
fema,3
nicole,3
cond,3
fare,3
sore,3
identity,3
instantly,3
soci,3
polar,3
mats,3
cope,3
este,3
pure,3
panic,3
sale,3
valuation,3
frame,3
audubon,3
institute,3
shakespeare,3
bristol,3
simpson,3
ffba,3
moji,3
dictionary,3
bdda,3
newsletter,3
rink,3
tpzs,3
unity,3
kali,3
palak,3
mailing,3
endpoints,3
mina,3
profiles,3
school,3
peas,3
prost,3
mono,3
loud,3
everything,3
chainmail,3
cosa,3
addons,3
adidas,3
read,3
maher,3
gray,3
sande,3
bouy,3
living,3
strategies,3
roxbury,3
colle,3
chromel,3
maersk,3
just,3
lolo,3
second,3
geri,3
supportive,3
chang,3
lucky,3
provincia,3
brescia,3
civil,3
ched,3
profiling,3
grass,3
zhen,3
reamer,3
medical,3
injury,3
carver,3
play,3
viana,3
brazil,3
panda,3
regis,3
dada,3
followers,3
captures,3
alicia,3
subscribes,3
march,3
earning,3
guts,3
chantal,3
bbbb,3
distal,3
retrieval,3
drink,3
aware,3
matrix,3
collect,3
columbus,3
cook,3
solos,3
pizza,3
csup,3
arch,3
publish,3
pony,3
puja,3
chary,3
hotel,3
mesmerize,3
colorado,3
local,3
fiba,3
wave,3
ebox,3
masonry,3
feeds,3
wana,3
waste,3
kerry,3
duncan,3
rent,3
ovas,3
brazos,3
guardianship,3
mcdonalds,3
field,3
stone,3
sunny,3
mere,3
zeman,3
medusa,3
telecom,3
enterprise,3
giveaway,3
metre,3
gill,3
bologna,3
participant,3
dette,3
reso,3
italia,3
flow,3
keep,3
images,3
survey,3
loan,3
application,3
range,3
phan,3
chao,3
lats,3
perso,3
unam,3
anti,3
gerald,3
brad,3
fremont,3
careers,3
hello,3
stor,3
koch,3
sert,3
teck,3
lane,3
foundation,3
alex,3
bills,3
fred,3
williams,3
amsa,3
remove,3
codes,3
seek,3
voyages,3
bayan,3
black,3
wizard,3
magician,3
aaaa,3
avatar,3
orhan,3
zend,3
framework,3
nexus,3
ider,3
yuna,3
shura,3
mundo,3
cavia,3
oauth,3
viral,3
store,3
attempt,3
fran,3
quin,3
create,3
bakers,3
gner,3
associates,3
very,3
corre,3
main,3
fall,3
testing,3
prof,3
chile,3
alpha,3
recovery,3
canada,3
recipe,3
banca,3
kers,3
kang,3
cide,3
shaw,3
denn,3
pods,3
grub,3
book,3
load,3
ovid,3
italian,3
snap,3
auger,3
planet,3
seti,3
bert,3
cong,3
niko,3
shiny,3
ricardo,3
notice,3
alerts,3
andreev,3
shav,3
charming,3
enquiry,3
securing,3
pall,3
mary,3
cadastral,3
nuevo,3
veil,3
delf,3
alban,3
division,3
edward,3
mann,3
screen,3
proceed,3
products,3
seguros,3
items,3
bayer,2
heritage,2
aten,2
review,2
secret,2
janeiro,2
voucher,2
contact,2
papaya,2
active,2
quince,2
pape,2
return,2
harm,2
priv,2
dore,2
program,2
short,2
calls,2
reinstate,2
naver,2
flip,2
mcafee,2
activate,2
bethany,2
caped,2
shovel,2
maltreated,2
ever,2
agreed,2
libero,2
calvin,2
feel,2
mero,2
clap,2
list,2
cabs,2
fore,2
dist,2
mopti,2
masu,2
vending,2
nishi,2
tetsu,2
modern,2
psychiatry,2
toro,2
oden,2
molle,2
agency,2
aure,2
kenta,2
vasa,2
fares,2
jena,2
coda,2
chen,2
genis,2
hefty,2
frail,2
cine,2
finesse,2
aisma,2
memo,2
romas,2
sudo,2
shen,2
usan,2
mars,2
fane,2
makeup,2
amon,2
saab,2
sholes,2
critical,2
trial,2
software,2
note,2
amil,2
sport,2
osiris,2
allah,2
arul,2
nash,2
jain,2
imai,2
mdash,2
rahman,2
contracting,2
priam,2
jose,2
blue,2
winch,2
ardent,2
technologies,2
further,2
skill,2
gmail,2
anne,2
andie,2
setup,2
discount,2
salad,2
hand,2
brat,2
elite,2
furor,2
gaku,2
jobs,2
safeway,2
staffs,2
discreet,2
approval,2
ster,2
junior,2
iron,2
gulf,2
manson,2
cielo,2
fidel,2
dade,2
registro,2
facile,2
rapid,2
beds,2
monte,2
paschi,2
siena,2
const,2
eras,2
smil,2
urgent,2
olds,2
claro,2
vire,2
bfff,2
caff,2
referee,2
eniac,2
grievance,2
sales,2
prat,2
users,2
distro,2
cuyo,2
humane,2
marten,2
stan,2
chun,2
radi,2
jure,2
triangle,2
minna,2
cacao,2
aula,2
libra,2
vines,2
lyon,2
lincoln,2
promocional,2
recently,2
buyer,2
bann,2
pedantic,2
poincar,2
vigilant,2
kids,2
super,2
wyoming,2
schools,2
fame,2
payments,2
alfred,2
talk,2
logistic,2
aztec,2
canceled,2
vive,2
amor,2
capture,2
sars,2
sapient,2
fabric,2
polymeric,2
gene,2
ratio,2
mali,2
cancel,2
sticker,2
authorize,2
scope,2
cali,2
guns,2
glory,2
wells,2
fargo,2
corvids,2
shar,2
tested,2
aspiring,2
membership,2
tiki,2
mountain,2
feet,2
pine,2
horticultural,2
html,2
stories,2
skin,2
tori,2
rota,2
wear,2
spots,2
found,2
valid,2
final,2
guri,2
triple,2
appliance,2
nonsense,2
stool,2
tournament,2
ragout,2
aram,2
caper,2
opting,2
pound,2
alun,2
queso,2
lans,2
calc,2
iver,2
tides,2
falk,2
graz,2
torc,2
look,2
crescent,2
resort,2
megas,2
jolly,2
pick,2
strong,2
ultimo,2
impact,2
aldrin,2
coup,2
amarth,2
cons,2
prog,2
mart,2
tick,2
icon,2
dien,2
nene,2
oust,2
pole,2
been,2
bart,2
phil,2
tion,2
rapa,2
herz,2
floor,2
sica,2
cage,2
writ,2
like,2
prope,2
breath,2
light,2
diane,2
thyme,2
paho,2
chalk,2
chris,2
turf,2
psych,2
omri,2
tans,2
cosi,2
alba,2
once,2
wealth,2
dwarf,2
fuss,2
tingle,2
bron,2
tire,2
agar,2
rins,2
nance,2
kara,2
pass,2
vous,2
pour,2
hard,2
brice,2
lear,2
hind,2
ness,2
buck,2
ivor,2
nord,2
toner,2
long,2
diol,2
postl,2
addles,2
choi,2
danka,2
gins,2
wind,2
paste,2
over,2
piave,2
lten,2
sane,2
aldi,2
bourse,2
colo,2
academy,2
rogen,2
trix,2
riaz,2
grid,2
theatre,2
archives,2
bliss,2
healing,2
part,2
amos,2
maris,2
sapi,2
mercanti,2
extreme,1
actual,1
satie,1
ether,1
polska,1
toda,1
hora,1
ricas,1
suke,1
magazin,1
digne,1
hosting,1
roland,1
nouveau,1
stud,1
asua,1
caras,1
minh,1
carr,1
total,1
gazprom,1
caramel,1
doses,1
meta,1
dung,1
connection,1
theological,1
shift,1
premio,1
brasil,1
lind,1
nate,1
asec,1
fert,1
ceres,1
laka,1
format,1
salud,1
ember,1
huan,1
vend,1
attend,1
syst,1
magna,1
automate,1
hotei,1
vale,1
verde,1
inky,1
wins,1
validate,1
apply,1
arabi,1
sobhan,1
dougal,1
committed,1
giving,1
zama,1
song,1
universe,1
termination,1
motors,1
onyx,1
innovations,1
earth,1
wildcard,1
diamond,1
sdss,1
senior,1
well,1
synchronisation,1
roll,1
alec,1
signs,1
ethnocentric,1
magnet,1
general,1
inert,1
subtotals,1
heat,1
conscientious,1
mosel,1
spectrum,1
sins,1
waists,1
whit,1
often,1
coke,1
crisis,1
hero,1
ratelle,1
teen,1
shock,1
able,1
codas,1
mote,1
gastric,1
cobe,1
masse,1
right,1
hate,1
caco,1
tracking,1
fattened,1
bushel,1
affair,1
rauch,1
shiro,1
agent,1
chamber,1
rudi,1
noid,1
pistillate,1
creek,1
roro,1
otago,1
asap,1
eleven,1
cres,1
gino,1
moca,1
robust,1
backend,1
pending,1
moria,1
esme,1
soma,1
empac,1
tome,1
rote,1
place,1
chant,1
mothe,1
sour,1
tring,1
thing,1
aska,1
charge,1
bare,1
fines,1
kaun,1
cera,1
suge,1
genos,1
ernest,1
arni,1
huai,1
workout,1
padma,1
auden,1
links,1
provo,1
cale,1
expert,1
worldwide,1
roid,1
mark,1
samsung,1
ravi,1
cham,1
bram,1
rens,1
novo,1
skew,1
subscription,1
oaep,1
bulk,1
ville,1
rond,1
chubut,1
outlooks,1
ncsu,1
forums,1
hawaiian,1
lapp,1
desktop,1
tinkerbell,1
took,1
communicate,1
life,1
stansbury,1
arrange,1
webmaster,1
these,1
mows,1
ivan,1
cleaner,1
method,1
kita,1
sulaiman,1
technical,1
asker,1
kommune,1
adapted,1
pack,1
blow,1
lect,1
evan,1
carol,1
humdrum,1
pelt,1
limoges,1
authentication,1
ural,1
adas,1
troo,1
ocean,1
hugh,1
full,1
kale,1
marquette,1
authorization,1
poop,1
frei,1
fell,1
dare,1
tame,1
vocals,1
nismo,1
appa,1
gras,1
aras,1
vanuatu,1
donation,1
kana,1
beauty,1
response,1
chimp,1
charm,1
coach,1
muni,1
studen,1
electronic,1
hoot,1
suite,1
blogs,1
frank,1
hasn,1
alkan,1
hilt,1
applied,1
movimento,1
prem,1
magnetic,1
tangerine,1
guadalajara,1
oranges,1
nikita,1
avil,1
conte,1
astros,1
ried,1
kiss,1
raza,1
enterprises,1
stem,1
modulo,1
arcot,1
ages,1
latest,1
actives,1
promotion,1
smitten,1
punishment,1
shah,1
parr,1
eure,1
googie,1
francisco,1
terrace,1
restore,1
persistent,1
sips,1
patria,1
lack,1
dyed,1
feba,1
nine,1
prior,1
agreement,1
ance,1
bogd,1
pegi,1
keri,1
less,1
nyse,1
colima,1
tequila,1
corrie,1
diplomat,1
wall,1
from,1
lula,1
wayne,1
lisle,1
blogspot,1
station,1
admiring,1
mcclintock,1
objective,1
fermi,1
lands,1
profile,1
faroes,1
strom,1
lupa,1
gilbert,1
payne,1
tikal,1
managed,1
boss,1
ning,1
filibuster,1
etta,1
owes,1
pala,1
bund,1
oath,1
rahl,1
effy,1
jamos,1
belo,1
gads,1
daft,1
lalo,1
bali,1
politico,1
unblock,1
natural,1
belle,1
deflated,1
apostrophe,1
clairvoyant,1
strings,1
sang,1
chur,1
olivine,1
cheddar,1
geography,1
wilde,1
nest,1
casino,1
homo,1
morph,1
damage,1
ayya,1
apollon,1
author,1
stitch,1
lovely,1
khalifa,1
eris,1
stings,1
partial,1
curvatures,1
skynet,1
allen,1
commercial,1
stil,1
penn,1
abbrev,1
preserving,1
miki,1
love,1
male,1
tenta,1
cula,1
knees,1
hydro,1
tactic,1
zach,1
raspe,1
aquarius,1
multi,1
lica,1
kiri,1
thorn,1
pull,1
maki,1
boom,1
servers,1
inters,1
contract,1
trojan,1
infected,1
argento,1
limit,1
scratchiest,1
camel,1
sighted,1
sink,1
betas,1
fantasy,1
alkaline,1
potent,1
teeth,1
dyson,1
absolute,1
staub,1
boden,1
watt,1
rabobank,1
estado,1
mustang,1
rover,1
glob,1
busy,1
hound,1
egba,1
lander,1
entry,1
websites,1
lamb,1
health,1
dect,1
even,1
seen,1
yahoos,1
astro,1
dred,1
arse,1
gama,1
locations,1
apulia,1
warm,1
castle,1
olympus,1
vision,1
gplv,1
vers,1
sexy,1
girls,1
issue,1
coco,1
bella,1
battleground,1
roman,1
modo,1
colomb,1
dani,1
blacks,1
dawns,1
daily,1
bread,1
papa,1
gang,1
raking,1
http,1
secures,1
unsual,1
montt,1
riga,1
dale,1
debt,1
norte,1
build,1
fully,1
smiles,1
offline,1
sure,1
repairing,1
bell,1
statt,1
colombe,1
kinn,1
fear,1
tank,1
sprint,1
vella,1
bonus,1
joki,1
omid,1
aunt,1
whan,1
fill,1
verified,1
table,1
ways,1
missa,1
gela,1
guity,1
tons,1
daniel,1
lawyer,1
oregon,1
youtube,1
based,1
taylor,1
quilt,1
emmental,1
resourcing,1
marble,1
dylan,1
arene,1
notify,1
shipment,1
bole,1
louisville,1
happen,1
connor,1
attach,1
tungsten,1
nega,1
dune,1
hared,1
null,1
opted,1
dead,1
lily,1
kitchen,1
meri,1
gove,1
real,1
estate,1
maca,1
appel,1
reception,1
clark,1
electric,1
elena,1
sture,1
dyno,1
defense,1
novy,1
manze,1
pardubice,1
crossing,1
borders,1
windows,1
southeast,1
kelvin,1
china,1
arrow,1
euro,1
disposables,1
generator,1
barn,1
partington,1
cellular,1
gifts,1
gaming,1
dati,1
dost,1
deliver,1
stains,1
verzeichnis,1
lice,1
cooperation,1
scott,1
partner,1
chal,1
optus,1
gerrard,1
renew,1
homolog,1
boots,1
family,1
koko,1
lets,1
cult,1
palma,1
phantom,1
guide,1
premium,1
ymca,1
egan,1
military,1
feather,1
carioca,1
national,1
sandbox,1
owner,1
eads,1
smtp,1
orlando,1
area,1
vacations,1
spare,1
millennia,1
suze,1
salsa,1
rivi,1
vald,1
budu,1
administration,1
sharp,1
streamline,1
checking,1
