blogspot,1219
google,1047
point,924
share,907
spot,654
host,438
valencia,298
rooms,296
cheap,294
free,288
dario,251
cloud,181
apis,173
office,165
south,156
your,151
code,148
park,147
plus,145
sites,140
fire,140
site,139
just,138
county,138
classified,138
fitness,138
croix,137
lofts,137
corner,137
sandbox,137
online,129
user,129
tech,129
liza,124
content,113
bank,113
india,110
forms,109
base,108
home,106
secure,104
service,99
bandung,97
trade,96
link,93
client,91
login,89
live,89
design,86
anti,86
power,85
royal,83
info,80
zone,78
hair,78
paypal,77
email,77
digital,76
house,76
hosting,76
demo,76
mobile,75
star,75
hostel,75
sang,73
sticker,73
look,73
shop,72
card,69
trono,68
global,68
space,67
three,65
urge,65
obili,65
support,64
promo,63
works,63
group,63
auto,63
steam,63
taiji,62
shen,62
parlour,59
server,58
tripod,58
store,56
blog,55
form,55
gaming,53
land,53
nordic,53
istanbul,53
real,52
foreign,52
corp,52
domain,52
port,51
spring,51
anne,51
chase,51
studio,50
spirit,49
services,49
brand,49
sena,48
rafi,48
media,47
duck,46
account,46
international,46
ovid,45
node,44
dara,44
something,44
gabriella,44
proxy,44
creek,44
conservation,44
apple,43
pack,43
marathon,43
life,43
properties,43
allied,42
granite,41
travel,41
tumblr,41
green,41
soft,41
agency,41
represent,40
trust,40
world,40
help,40
data,39
hotel,39
test,39
grow,39
maps,39
credit,38
care,38
nari,38
association,38
cool,37
alert,37
tron,37
haus,36
iskra,36
city,36
locksmith,36
ritter,36
zane,35
baby,34
line,34
mein,34
dream,34
sport,34
ncel,34
publishers,34
aces,33
post,33
depot,33
touch,33
chur,33
security,33
settings,33
labs,33
packaging,33
ever,33
personal,32
bethesda,32
express,32
ascari,32
light,32
kids,32
treasures,32
creator,32
hotels,31
tinyurl,31
techno,31
consulting,31
sign,30
prime,30
cell,30
peace,30
book,30
colegio,30
click,30
liker,30
portal,29
living,29
maga,29
regular,29
solutions,29
skin,29
time,29
ivani,29
even,29
cakes,29
indian,29
veda,29
print,29
revolution,29
odesa,29
pontos,28
mall,28
move,28
zona,28
mail,28
wordpress,28
hard,28
dating,27
tama,27
page,27
brasil,27
creative,27
restaurant,27
apps,27
salma,27
club,27
finish,27
news,26
comp,26
berate,26
html,26
business,26
photography,26
official,26
love,26
speed,25
corporation,25
polk,25
image,25
enterprises,25
textil,25
stephane,25
ocean,25
magazine,24
porte,24
website,24
hill,24
clinic,24
mascot,24
king,24
market,24
mars,24
system,24
garam,24
akin,24
press,24
wudu,24
rocky,24
savi,24
estate,23
update,23
present,23
access,23
charm,23
check,23
survey,23
drive,23
printing,23
some,23
aqua,23
iron,23
wire,23
spaces,23
shape,23
quita,23
luiz,22
grupo,22
wood,22
agora,22
crane,22
best,22
centre,22
designs,22
phoenix,22
component,22
wind,22
center,22
connect,22
heart,22
honey,22
sales,22
fresh,22
drilling,22
forum,22
keri,22
amel,22
token,21
nakagawa,21
radio,21
marketing,21
chow,21
drop,21
area,21
druga,21
lanc,21
godaddy,21
guide,21
recep,21
cialis,21
moura,21
premier,21
music,21
billing,21
gaugh,21
amazon,21
snip,21
dung,21
static,21
moon,20
bhola,20
bhai,20
segura,20
cosm,20
america,20
euro,20
confirm,20
azure,20
simba,20
ufer,20
play,20
film,20
easy,20
cast,20
youtube,20
regis,20
future,20
yoga,20
natal,19
serve,19
vitamins,19
liquid,19
theatre,19
find,19
outlet,19
health,19
track,19
vases,19
photo,19
astro,19
peru,19
street,19
cine,19
used,19
inter,19
href,19
hits,19
lead,19
bell,19
naturals,19
chach,19
type,19
class,18
edit,18
entrance,18
made,18
rogers,18
engineers,18
nova,18
pray,18
cambia,18
sports,18
introductions,18
geli,18
jundiai,18
family,18
times,18
mont,18
coyne,18
rvis,18
coal,18
school,18
direct,18
dragon,18
fader,18
janeiro,17
metal,17
novo,17
banco,17
game,17
supplies,17
clean,17
financial,17
wiki,17
viva,17
mind,17
lone,17
websites,17
capital,17
active,17
microsoft,17
webs,17
tutors,17
hales,17
television,17
china,17
blue,17
phone,17
inika,17
mumbai,17
supports,17
ores,16
rome,16
animal,16
water,16
iphone,16
golf,16
copy,16
black,16
conte,16
zoom,16
holi,16
able,16
prop,16
preview,16
james,16
zambia,16
quint,16
aldi,16
austin,16
logistics,16
harm,16
farmer,16
wall,16
simple,16
send,16
note,16
charleston,16
chris,16
donna,16
imagery,16
kuri,16
redirect,16
thanh,16
central,15
beta,15
work,15
accounts,15
regularize,15
tachyon,15
makkah,15
though,15
soulmate,15
kisa,15
budget,15
ducks,15
copiers,15
events,15
campaign,15
tiles,15
chrome,15
african,15
trails,15
more,15
timothy,15
toronto,15
angel,15
bridgeport,15
inspection,15
agencia,14
smart,14
super,14
asia,14
finance,14
agri,14
local,14
college,14
skins,14
rose,14
vili,14
farm,14
landscaping,14
wash,14
scad,14
aliz,14
windows,14
indo,14
coaching,14
repair,14
conf,14
lines,14
gurgaon,14
offer,14
luci,14
trend,14
fantastic,14
kraft,14
force,14
jian,14
nights,14
ages,14
khan,14
consult,14
dados,14
accurate,14
glitch,14
little,14
reflections,14
editing,14
voce,13
rocket,13
contact,13
cont,13
pris,13
especial,13
mark,13
soccer,13
arena,13
commerce,13
isabella,13
cano,13
chan,13
count,13
tucson,13
hispanic,13
chamber,13
energy,13
transfer,13
experts,13
drej,13
veep,13
pedro,13
performance,13
unit,13
actual,13
ment,13
medical,13
full,13
sins,13
interior,13
foundation,13
oral,13
policy,13
tori,13
flow,13
gera,13
steeping,13
kham,13
social,12
insta,12
gate,12
limited,12
coin,12
raka,12
plumbing,12
aruba,12
wave,12
vision,12
tung,12
logo,12
protour,12
builder,12
monet,12
franken,12
dade,12
korea,12
verga,12
tour,12
dark,12
network,12
fast,12
comuni,12
seigneur,12
medic,12
monitor,12
thai,12
solar,12
sale,12
simply,12
havre,12
hara,12
classic,12
persian,12
list,12
movie,12
realty,12
travels,12
trix,12
sonic,12
beat,12
pian,12
pass,12
coupon,12
jenkins,12
dryer,12
kitchen,12
path,12
root,12
likes,12
equipment,12
gifts,12
pedia,12
lang,12
internet,12
nationwide,12
tires,12
moto,12
buddy,12
tobi,12
dong,12
clube,12
floors,12
stra,12
antara,12
where,12
postal,12
lorenz,12
alte,12
pica,12
mili,12
solution,11
wallet,11
horse,11
france,11
event,11
colombia,11
stem,11
stuff,11
tours,11
verification,11
training,11
films,11
thankyou,11
fitzpatrick,11
tude,11
galas,11
insulation,11
name,11
desc,11
graf,11
southern,11
fund,11
furniture,11
high,11
muslim,11
mike,11
style,11
will,11
open,11
lovers,11
bara,11
mati,11
abbas,11
perfect,11
ones,11
brig,11
snow,11
quite,11
feel,11
jami,11
ling,11
nothing,11
else,11
shoulder,11
sanitation,11
retro,11
villas,11
ella,11
dinosaur,11
ether,10
geren,10
steel,10
toque,10
banking,10
para,10
fruit,10
blind,10
shipping,10
case,10
control,10
defence,10
coffee,10
rent,10
team,10
launch,10
saws,10
california,10
strokes,10
true,10
automation,10
paper,10
consultancy,10
magic,10
color,10
balance,10
town,10
telecom,10
grand,10
allow,10
ting,10
days,10
seven,10
property,10
starling,10
pest,10
nature,10
clear,10
portfolio,10
trio,10
ance,10
casa,10
mint,10
chopsticks,10
cent,10
boot,10
mate,10
grid,10
priv,10
tiny,10
nicole,10
presentations,10
sigma,10
foam,10
pole,10
centro,10
concept,10
brain,10
range,10
fact,10
vande,10
oficina,10
decatur,10
plat,10
bill,10
emus,10
bison,10
neri,10
registro,10
laban,10
reliable,10
secret,10
desi,10
step,10
kuro,10
noye,10
dynamic,9
forme,9
mega,9
mari,9
bonus,9
earn,9
nden,9
jagex,9
lake,9
with,9
ninja,9
exchange,9
deck,9
citizen,9
kani,9
taxi,9
manage,9
marcelo,9
planet,9
executives,9
edge,9
warrior,9
updates,9
down,9
shell,9
deco,9
breakfast,9
sunglasses,9
girls,9
garden,9
delights,9
avon,9
tele,9
multi,9
montgomery,9
marin,9
bath,9
kyda,9
yahoo,9
medicine,9
navigator,9
pucks,9
provider,9
hosted,9
pens,9
straining,9
make,9
avit,9
hedin,9
modern,9
long,9
loves,9
keun,9
arrow,9
extra,9
transportation,9
vila,9
wheel,9
band,9
verde,9
buyer,9
driver,9
from,9
electrical,9
assistance,9
graffiti,9
shat,9
tenne,9
ogle,9
videos,9
project,9
insight,9
american,9
corn,9
mill,9
total,9
tsuzuki,9
luxury,9
bodyline,9
electricity,9
dent,9
honda,9
freaky,9
bonnet,9
lorin,9
rudi,9
computer,9
technology,9
kens,9
onsite,9
jacinto,9
iptv,9
wheels,9
jamie,9
natural,9
webpages,9
stanislaus,9
grown,9
xuan,9
york,9
amigos,9
doped,9
courtenay,9
horizon,9
strong,9
sloane,9
hyde,9
software,9
scrap,9
escape,9
movia,9
verus,9
workshop,9
plant,9
fraud,9
carrier,9
curs,9
podcast,9
trui,9
yall,9
marble,9
http,8
source,8
tara,8
person,8
ghana,8
invest,8
minuteman,8
armament,8
price,8
bene,8
profiler,8
fern,8
quran,8
santa,8
debes,8
lohan,8
gros,8
prayers,8
minh,8
tabi,8
bots,8
transit,8
cert,8
melody,8
hand,8
cacao,8
over,8
freight,8
alliance,8
building,8
curves,8
shri,8
narayan,8
forge,8
file,8
face,8
caps,8
molde,8
voip,8
hank,8
catalog,8
oder,8
blok,8
belo,8
trading,8
tobin,8
pimp,8
vasa,8
cort,8
refund,8
michele,8
aria,8
jose,8
technologies,8
premi,8
bitcoin,8
cleaning,8
awami,8
flor,8
viet,8
naturally,8
nurturing,8
pets,8
peaceful,8
mussy,8
hyper,8
sound,8
coms,8
madurai,8
choice,8
alpha,8
surf,8
stream,8
lifetime,8
azimuth,8
what,8
nepal,8
miki,8
nitra,8
roof,8
double,8
adventure,8
pressure,8
cooker,8
dialog,8
getaway,8
ques,8
burg,8
jakarta,8
dich,8
iona,8
precious,8
gems,8
ration,8
celestial,8
sint,8
azadi,8
elevator,8
spake,8
surya,8
skill,8
associates,8
bazar,8
cats,8
profiles,8
leadership,8
woody,8
netflix,8
near,8
restore,8
tackle,8
document,8
jewelry,8
safety,7
dubai,7
mario,7
payroll,7
route,7
brian,7
tion,7
baba,7
payment,7
exclusive,7
florida,7
fert,7
sources,7
deals,7
investors,7
review,7
delivery,7
structure,7
eagle,7
miguel,7
cone,7
limitless,7
esse,7
ante,7
brot,7
block,7
bali,7
customer,7
kiya,7
odon,7
stay,7
shops,7
tomb,7
food,7
ortho,7
beautiful,7
carry,7
susa,7
united,7
pays,7
verify,7
studios,7
tronic,7
beauty,7
jalan,7
mania,7
afrodisiac,7
video,7
ation,7
tombed,7
carr,7
ridge,7
unique,7
mobil,7
collection,7
shared,7
valley,7
lberg,7
daddy,7
followers,7
study,7
miniature,7
sharp,7
perk,7
bible,7
makeover,7
sega,7
bole,7
lamp,7
teat,7
hind,7
toys,7
yuan,7
discover,7
this,7
tyre,7
buzz,7
excel,7
corre,7
eros,7
daily,7
start,7
wert,7
walker,7
infinite,7
trans,7
plexus,7
supply,7
slice,7
kind,7
polar,7
guia,7
motors,7
prev,7
tree,7
prom,7
australia,7
clay,7
assist,7
dance,7
logi,7
micro,7
orientation,7
laws,7
dakar,7
diesel,7
adam,7
item,7
stadt,7
mayen,7
hospitality,7
bright,7
rues,7
endo,7
nagar,7
ical,7
genovese,7
jain,7
gamba,7
corona,7
seventy,7
ruiz,7
delgado,7
dine,7
modulo,7
marseille,7
cover,7
telekom,7
windsurf,7
capetown,7
train,7
spectral,7
katsura,7
novas,6
gram,6
colin,6
banca,6
strat,6
secured,6
keys,6
valid,6
notifications,6
bull,6
think,6
crack,6
panel,6
course,6
pretty,6
dental,6
passion,6
webster,6
door,6
change,6
cure,6
lime,6
rede,6
brea,6
sardine,6
part,6
commissary,6
ciar,6
number,6
plastic,6
berber,6
collagen,6
hail,6
stereo,6
elements,6
giveaway,6
facebook,6
arcade,6
networks,6
stats,6
marine,6
take,6
ional,6
foods,6
read,6
trophies,6
logan,6
castro,6
naval,6
lions,6
festival,6
ebay,6
therapy,6
mercado,6
everyday,6
comcast,6
burke,6
carta,6
stat,6
brim,6
cities,6
avenues,6
vali,6
anca,6
pumps,6
garage,6
housing,6
jokes,6
seco,6
missions,6
bano,6
superior,6
comfort,6
brilliant,6
boke,6
visions,6
rapture,6
avenue,6
ferreira,6
tecnol,6
flight,6
otec,6
blink,6
lazarus,6
exotic,6
elan,6
miller,6
premium,6
earth,6
changers,6
thane,6
diamond,6
gaston,6
island,6
kiev,6
mykonos,6
insular,6
self,6
sara,6
maroc,6
aram,6
icky,6
corin,6
embassy,6
andrew,6
images,6
montana,6
doncaster,6
camp,6
grateful,6
dahl,6
blew,6
lucky,6
brains,6
coins,6
tesh,6
hrer,6
riess,6
bayou,6
badges,6
pool,6
freak,6
kardec,6
mccarthy,6
fluid,6
accountants,6
piano,6
tuning,6
loyalty,6
cobol,6
ideas,6
shav,6
bees,6
randy,6
frank,6
laguna,6
grotte,6
senza,6
after,6
raff,6
lada,6
monster,6
diaries,6
outsourcing,6
alen,6
factory,6
maine,6
have,6
mile,6
ryan,6
fedex,6
jair,6
tavares,6
biotech,6
veterans,6
curia,6
moci,6
tura,6
proxima,6
cabs,6
counter,6
embroidery,6
radu,6
jules,6
jaya,6
grab,6
azteca,6
gosnell,6
podiatry,6
education,6
master,6
charity,6
provenance,6
anim,6
mara,6
silent,6
tresa,6
riel,6
beach,6
lowe,6
torch,6
berkshire,6
gameplay,6
daniel,6
schr,6
links,6
happiness,6
tokyo,6
matter,6
fork,6
ciel,6
vegan,6
brewing,6
chekhov,6
pedal,6
paws,6
erda,6
shalom,6
membership,6
shortest,6
karate,6
welfare,6
ager,6
like,6
mahogany,6
rico,6
twister,6
worldwide,6
kunst,6
kongo,6
rentals,6
antz,6
condor,6
carnac,6
hurtado,6
cera,6
roomed,6
rattan,6
fabbri,6
panoz,6
consul,6
sion,6
gamma,6
epoc,6
autism,6
enjoyment,6
zama,6
legal,6
original,6
philip,6
truck,6
mask,6
taskforce,6
stitch,6
savage,6
conquest,6
past,6
students,6
garhi,6
matrimonial,6
interesting,6
dictionary,6
avena,6
heal,6
trauma,6
caspian,6
dudu,6
hydrolyze,6
ultra,6
veranda,6
jeffrey,6
xion,6
vida,6
fashion,6
personnal,6
vici,6
daniele,6
healthy,6
english,6
bulldogs,6
must,6
restrictions,6
erst,6
bucks,6
greens,6
early,6
detection,6
huni,6
rakyat,6
aromatic,6
braun,6
villa,6
guns,6
glory,6
improve,6
credits,6
saar,6
watson,6
headquarters,6
cede,6
reviews,6
remy,6
seed,6
spartan,6
surveying,6
benson,6
rite,6
colorado,6
constant,6
gold,5
ring,5
quil,5
happy,5
saab,5
feed,5
guro,5
opera,5
church,5
august,5
action,5
standard,5
healthcare,5
solo,5
strato,5
cyber,5
moment,5
felt,5
craft,5
taki,5
mard,5
twitter,5
crito,5
meet,5
poste,5
seguros,5
tudo,5
feliz,5
west,5
recovery,5
graphics,5
benefit,5
dias,5
lita,5
blender,5
ident,5
giveaways,5
deal,5
machine,5
polo,5
dling,5
tray,5
research,5
whistler,5
shire,5
trades,5
mercia,5
casino,5
cart,5
east,5
jani,5
split,5
very,5
doors,5
miami,5
wonder,5
concepts,5
caring,5
preschool,5
integral,5
jcpenney,5
prof,5
mondo,5
ties,5
pearl,5
rural,5
suites,5
highway,5
north,5
great,5
mata,5
khalid,5
sura,5
wayne,5
dale,5
arms,5
inherited,5
elide,5
mahar,5
dien,5
cafe,5
roze,5
utica,5
designer,5
scuba,5
parque,5
mede,5
partner,5
metro,5
marriage,5
astoria,5
militare,5
rich,5
birr,5
glamour,5
stage,5
dosa,5
mage,5
professor,5
kart,5
audio,5
myst,5
tales,5
stand,5
africa,5
five,5
create,5
rinc,5
view,5
session,5
garfield,5
gresso,5
steve,5
alumni,5
compliance,5
plane,5
body,5
castle,5
youth,5
gara,5
department,5
systems,5
laurel,5
arias,5
discovery,5
announce,5
disputes,5
alfa,5
gruppo,5
wealth,5
usada,5
starr,5
geeks,5
womens,5
insurance,5
ikon,5
professionals,5
prot,5
prep,5
pandora,5
mass,5
lena,5
emanuel,5
iran,5
investment,5
today,5
temple,5
cargo,5
stop,5
inspire,5
jalisco,5
baltic,5
brite,5
kuwait,5
mobility,5
auction,5
hormone,5
records,5
mack,5
kite,5
maurice,5
lydia,5
sagan,5
hart,5
charlotte,5
raine,5
chai,5
bravo,5
fazl,4
certificate,4
smil,4
purchase,4
alum,4
salda,4
only,4
elect,4
chico,4
clothing,4
maria,4
mine,4
redi,4
give,4
urban,4
rayo,4
games,4
wellness,4
money,4
loans,4
suisse,4
loopy,4
mere,4
finesse,4
margarita,4
smiles,4
immune,4
clearance,4
kumar,4
brazil,4
gallery,4
trader,4
vite,4
oliveira,4
jess,4
tiptop,4
aude,4
zabel,4
chartered,4
tani,4
homes,4
berca,4
photos,4
dial,4
locked,4
kent,4
enter,4
shacharit,4
prizes,4
roes,4
koper,4
being,4
engines,4
pinta,4
breaking,4
limits,4
mita,4
glass,4
scar,4
gratis,4
playing,4
silverlake,4
engel,4
jeffery,4
jungle,4
cultura,4
ober,4
safe,4
accept,4
pier,4
pharmacy,4
magi,4
people,4
talking,4
shree,4
artha,4
kyle,4
talent,4
alta,4
vile,4
virginia,4
rhino,4
activate,4
liber,4
evolve,4
enterprise,4
nations,4
mails,4
attack,4
gift,4
ramos,4
rangel,4
company,4
vast,4
horn,4
sandy,4
report,4
patios,4
carol,4
daro,4
ater,4
stele,4
woman,4
profile,4
bile,4
brassi,4
lapp,4
umich,4
hydro,4
melbourne,4
apples,4
karen,4
uniform,4
sinaloa,4
troi,4
replace,4
learn,4
location,4
sell,4
hammock,4
vois,4
white,4
joaquin,4
brew,4
next,4
sync,4
mica,4
todos,4
italia,4
masc,4
doctor,4
quick,4
science,4
kindle,4
obedience,4
jared,4
amusement,4
consultants,4
dorf,4
pain,4
overstock,4
cantin,4
eure,4
rang,4
bourse,4
pauls,4
niche,4
madden,4
smoking,4
storage,4
shepherds,4
monika,4
polymer,4
marais,4
virtual,4
baix,4
kingdom,4
bang,4
contract,4
euros,4
pear,4
there,4
hide,4
culture,4
kojak,4
electric,4
venda,4
rash,4
anak,4
advanced,4
information,4
rock,4
generator,4
gorilla,4
lets,4
rack,4
defend,4
books,4
tank,4
huseyn,4
freedom,4
bags,4
temp,4
escola,4
tools,4
mula,4
exodus,4
costa,4
gosh,4
surfing,4
frog,4
motor,4
plata,4
corpora,4
nightvision,4
mika,4
houston,4
sushi,4
decor,4
loge,4
diamonds,4
carpet,4
lock,4
affiliate,4
masters,4
pixel,4
sent,4
rath,4
childcare,4
francois,4
panama,4
river,4
genesis,4
moore,4
london,4
shui,4
ambrose,4
court,4
value,4
acad,4
baru,4
palace,4
berg,4
hospital,4
kimi,4
dati,4
precede,4
mustiness,4
fall,4
beer,4
society,4
yakin,4
conditioner,4
fence,4
custom,4
ices,4
aten,4
diemen,4
reset,4
stars,4
lito,4
strength,4
based,4
boards,4
amos,4
citi,4
gmail,4
ellen,4
neto,4
coco,4
forget,4
scout,4
minnesota,4
hungarians,4
sambas,4
poli,4
stack,4
blitz,4
teaching,4
cleanse,4
tell,4
heavenly,4
bathroom,4
alger,4
harri,4
appin,4
visuals,4
sweet,4
eminent,4
lite,4
temperature,4
docs,4
hotmail,4
cedi,4
krishna,4
omoto,4
ishta,4
coastal,4
vacations,4
soraya,4
kavi,4
chet,4
raid,4
chain,4
racha,4
tora,4
walkin,4
truth,4
kola,4
baku,4
steven,4
universidade,4
tier,4
wholesale,4
agreement,4
rage,4
infect,4
kaba,4
tasty,4
herbs,4
chid,4
resources,4
temporary,4
albert,4
salvation,4
crusade,4
volunteer,4
steamers,4
dentistry,4
diem,4
fortunes,4
designing,4
that,4
boost,4
amend,4
nuage,4
vans,4
koop,4
erat,4
mystical,4
tradition,4
plays,4
brown,4
esso,4
chia,4
production,4
moat,4
kech,4
arts,4
detroit,4
flea,4
aura,4
mian,4
gotha,4
drywall,4
kristy,4
carbon,4
onclick,4
harith,4
profit,4
designers,4
aegis,4
dari,4
queen,4
saba,4
rachel,4
ranking,4
gordon,4
crea,4
slab,4
elastomers,4
mountain,4
mirrors,3
esque,3
suite,3
japan,3
cusco,3
polska,3
quer,3
gens,3
discount,3
privat,3
poly,3
rune,3
half,3
odeo,3
cauca,3
lancers,3
private,3
dead,3
download,3
dela,3
veronica,3
coop,3
europe,3
sacs,3
pomegranate,3
nationalmuseum,3
biblioth,3
viel,3
goods,3
addy,3
mesh,3
derecho,3
aventura,3
ology,3
seer,3
nola,3
ozzie,3
stan,3
challenge,3
payments,3
align,3
novembro,3
tops,3
dumb,3
luma,3
kiwi,3
airlines,3
toll,3
reaper,3
noob,3
hodge,3
cottage,3
hello,3
huckleberry,3
apply,3
competition,3
clash,3
freie,3
begin,3
shin,3
doom,3
hora,3
cento,3
lion,3
nets,3
photographers,3
zara,3
acqua,3
delio,3
poul,3
save,3
fran,3
destin,3
skis,3
vinci,3
studi,3
asar,3
franchise,3
pedestal,3
rfid,3
less,3
stress,3
depression,3
charta,3
swami,3
mission,3
shar,3
airport,3
foto,3
aztec,3
fathers,3
abdul,3
ecker,3
insch,3
deir,3
nouvelle,3
aquitaine,3
terrain,3
bola,3
salinas,3
amigo,3
promised,3
lint,3
gateway,3
hero,3
caregiver,3
nozze,3
nairobi,3
ahli,3
stargate,3
join,3
pipe,3
robinson,3
gabriel,3
kesler,3
broad,3
robina,3
davey,3
overview,3
exit,3
paradise,3
ahmed,3
raina,3
argus,3
provident,3
capella,3
rasp,3
dependable,3
adze,3
forums,3
cheshire,3
surge,3
truly,3
leone,3
liking,3
kristal,3
sanji,3
choices,3
cruz,3
dexter,3
helmets,3
etcetera,3
error,3
domini,3
says,3
medio,3
ambient,3
ales,3
indivisible,3
panorama,3
enclave,3
dome,3
serrano,3
letterbox,3
distribution,3
adarsh,3
clock,3
bunny,3
extensions,3
indra,3
lumina,3
naka,3
mist,3
elbow,3
woods,3
duong,3
travelers,3
madagascar,3
tierra,3
fleet,3
azul,3
pira,3
lund,3
imperial,3
zaco,3
indus,3
tickets,3
terrarium,3
fortune,3
raymond,3
cest,3
hines,3
elevate,3
ronco,3
doge,3
industries,3
unblock,3
funk,3
unip,3
tente,3
uris,3
dost,3
tard,3
coffin,3
collections,3
omani,3
maharaj,3
mejor,3
miso,3
morris,3
worker,3
programm,3
psycho,3
rape,3
revenue,3
employe,3
interac,3
recycling,3
corps,3
spree,3
stella,3
tomo,3
excavators,3
goat,3
meer,3
rosedale,3
bravery,3
sexy,3
bohol,3
labour,3
paco,3
boats,3
elam,3
realtors,3
alianza,3
ganesh,3
chemical,3
outdoor,3
aires,3
pago,3
corrado,3
achi,3
infant,3
baptism,3
luxe,3
cyprus,3
warriors,3
plants,3
mans,3
azeri,3
marl,3
lama,3
kashmir,3
packages,3
polaris,3
fest,3
dish,3
busan,3
ppen,3
shrek,3
date,3
attend,3
summer,3
camps,3
millers,3
guard,3
stain,3
years,3
younger,3
belize,3
guides,3
reins,3
careers,3
muri,3
nord,3
arma,3
remix,3
rodeo,3
pioneer,3
haji,3
melk,3
foils,3
ultrasound,3
dante,3
kwok,3
sews,3
merchant,3
copan,3
lner,3
mamma,3
polder,3
exert,3
arros,3
catherine,3
tico,3
russian,3
ballet,3
duane,3
tonal,3
neboj,3
signum,3
generali,3
swenson,3
auctions,3
mann,3
destination,3
papp,3
mera,3
also,3
liman,3
edify,3
skull,3
prophet,3
coalesce,3
noble,3
eight,3
naci,3
gundam,3
brander,3
connection,3
brothers,3
chops,3
kino,3
overland,3
erzincan,3
terra,3
rewards,3
instant,3
apart,3
clever,3
hands,3
dafa,3
ayub,3
teach,3
grint,3
kowhai,3
experience,3
gamestop,3
novin,3
rafters,3
pizza,3
legit,3
stetson,3
sheet,3
manu,3
izzi,3
mundo,3
message,3
sidus,3
jewellery,3
beyond,3
state,3
journeyman,3
lender,3
zebra,3
couch,3
amid,3
abul,3
iinet,3
jika,3
lawyers,3
khali,3
vintage,3
evolution,3
infra,3
indeed,3
paro,3
gulf,3
cara,3
baccara,3
raul,3
orca,3
otis,3
vonn,3
nomad,3
carte,3
harden,3
electronically,3
tyranni,3
prices,3
chin,3
mechanical,3
swam,3
correcter,3
isms,3
schwartz,3
container,3
maker,3
patrick,3
europ,3
autosport,3
tilda,3
magnolia,3
quang,3
tort,3
laka,3
jazzy,3
maid,3
pper,3
janis,3
diverse,3
nate,3
shinagawa,3
busybodies,3
laces,3
wallets,3
bike,3
billings,3
rises,3
pilota,3
league,3
fastening,3
sibi,3
notes,3
parti,3
commitment,3
crystal,3
genie,3
schneider,3
kamchatka,3
fighter,3
succes,3
collect,3
lasso,3
sustainable,3
cido,3
swallow,3
bitch,3
coast,3
ships,3
mime,3
bitty,3
shale,3
zhen,3
connecter,3
cade,3
vivien,3
scurt,3
medias,3
lter,3
resource,3
cable,3
moderno,3
stadium,3
seating,3
charts,3
buck,3
mothers,3
awakening,3
plug,3
squeegee,3
busy,3
eclectic,3
fiddle,3
exile,3
vitamin,3
quant,3
hope,3
itunes,3
tale,3
trap,3
trim,3
leads,3
omsk,3
nica,3
seda,3
capac,3
nita,3
lika,3
resin,3
clubs,3
whipped,3
ideal,3
caisse,3
citt,3
didier,3
tiga,3
hague,3
catalan,3
conseil,3
afrika,3
marx,3
constructions,3
prize,3
ecole,3
lauri,3
john,3
ashley,3
innovative,3
burst,3
kaya,3
longd,3
drying,3
machinery,3
windsor,3
kanka,3
universe,3
mikula,3
alikes,3
booster,3
jimmy,3
johns,3
allegiance,3
sten,3
antwerpen,3
alkali,3
zing,3
waters,3
interiors,3
suess,3
lamy,3
flooring,3
olde,3
authentication,3
editorial,3
vend,3
unison,3
drip,3
churchill,3
makers,3
manchester,3
fuerte,3
dales,3
dean,3
jabal,3
gotti,3
ulloa,3
immigration,3
siam,3
acosta,3
keith,3
ster,3
donde,3
roar,3
reactions,3
lima,3
hayat,3
burner,3
greg,3
endurance,3
diario,3
tortuga,3
vent,3
replay,3
bugs,3
lisa,3
alaska,3
epos,3
kers,3
igor,3
condos,3
props,3
tweet,3
solomons,3
superstore,3
prepaid,3
luigi,3
avant,3
saal,3
chunky,3
melis,3
cons,3
suarez,3
associazione,3
ller,3
robert,3
bergamo,3
urbain,3
franco,3
atta,3
ystein,3
tics,3
spike,3
prussia,3
pump,3
interface,3
vada,3
courage,3
doktor,3
squads,3
peacock,3
productions,3
mambo,3
metric,3
tomsk,3
register,3
caught,3
camera,3
oops,3
traveling,3
reboot,3
atlanta,3
kale,3
cheats,3
czar,3
thebes,3
damage,3
restoration,3
flannel,3
mouth,3
oaks,3
iste,3
late,3
movies,3
distinct,3
tenzin,3
britz,3
macs,3
trax,3
plan,3
pennington,3
adas,3
maze,3
delhi,3
turbo,3
pros,3
names,3
surface,3
capitol,3
schedule,3
husky,3
roseville,3
braine,3
lude,3
region,3
word,3
footprints,3
sting,3
anthony,3
talks,3
browski,3
vapor,3
refrigeration,3
casting,3
nanda,3
letter,3
shine,3
lulu,3
ntsc,3
cobra,3
mining,3
cerci,3
fier,3
icon,3
lien,3
cash,3
sued,3
rollo,3
about,3
philippine,3
sedona,3
latn,3
fulcrums,3
lust,3
defense,3
giovanni,3
nashville,3
craig,3
decker,3
meister,3
steffen,3
hler,3
electro,3
nile,3
quay,3
dills,3
vetus,3
holiday,3
boston,3
grace,3
spaulding,3
architecture,3
javelin,3
program,3
henderson,3
bridle,3
horses,3
antis,3
customers,3
moves,3
halifax,3
display,3
imps,3
welt,3
kilo,3
produce,3
justus,3
kennel,3
chem,3
author,3
adventures,3
delight,3
skateboards,3
sing,3
hosen,3
muda,3
vere,3
saying,3
eneco,3
folia,3
otto,3
prior,3
tuck,3
mani,3
cross,3
chad,3
liceo,3
slick,3
adela,3
poway,3
welding,3
juan,3
dani,3
araucaria,3
kenai,3
kiri,3
contracting,3
observatoire,3
cite,3
saint,3
denis,3
inka,3
duffy,3
wholesalers,3
goodies,3
judith,3
leoni,3
chung,3
trag,3
grime,3
tiers,3
martinique,3
laser,3
publish,3
binary,3
load,3
abreu,3
wladyslaw,3
monkey,3
claas,3
murals,3
kayak,3
weddings,3
knotty,3
comers,3
stories,3
metals,3
lobe,3
utility,3
grass,3
starts,3
shannon,3
tant,3
saga,3
margot,3
psychotherapy,3
shaven,3
gladiator,3
mala,3
riba,3
republic,3
condo,3
owner,3
souvenirs,3
place,3
drave,3
unico,3
acha,3
labelle,3
montagne,3
toxicity,3
alaskan,3
malamute,3
mira,3
poll,3
acme,3
heinz,3
artur,3
lester,3
reparation,3
veronika,3
string,3
quartet,3
wins,3
samar,3
harmon,3
mach,3
festa,3
ornament,3
kozo,3
bulk,3
anxiety,3
disorder,3
removal,3
coursework,3
acre,3
limites,3
estado,3
cryptic,3
lodging,3
devices,3
corte,3
depart,3
nist,3
internacional,3
seacrest,3
awash,3
lost,3
kasel,3
summit,3
clients,3
royals,3
last,3
linear,3
salon,3
ambr,3
abin,3
gebze,3
prod,3
hani,3
gama,3
carpel,3
hospitals,3
bella,3
perfection,3
fiore,3
adores,3
library,3
develop,3
haiti,3
rental,3
struct,3
rama,3
activity,3
square,3
identical,3
hormones,3
corpus,3
christi,3
maha,3
laxmi,3
globally,3
parts,3
papa,3
advisory,3
ngers,3
constructor,3
taal,3
song,3
bren,3
universal,3
hans,3
karo,3
serie,3
publishing,3
show,3
tokens,3
const,3
fars,3
david,3
richel,3
crazy,3
medi,3
electronics,3
cynthia,3
babi,3
nitro,3
colm,3
ruben,3
modo,3
shirt,3
jorn,3
paulista,3
urna,3
strategies,3
livery,3
stables,3
bose,3
gigs,3
royalty,3
thailand,3
diary,3
craigslist,3
abbr,3
qatar,3
paving,3
themes,3
radar,3
passenger,3
maru,3
islam,3
william,3
omne,3
pandu,3
flav,3
emil,3
martin,3
blessings,3
vina,3
arch,3
andrea,3
details,3
salomon,3
nazim,3
yellow,3
sparrow,3
uchi,3
rooter,3
leesburg,3
roads,3
colt,3
ellis,3
booked,3
boarding,3
rani,3
shade,3
union,3
brad,3
olen,3
captcha,3
admin,3
joint,3
scotiabank,3
mediterranean,3
lighthouses,3
luis,3
rafael,3
prefer,3
hale,3
setup,3
barre,3
falcon,3
elite,3
kosher,3
than,3
suzuki,3
haiphong,3
institute,3
couvre,3
combat,3
formation,3
notice,3
bunk,3
municipal,3
bosque,3
therian,3
physical,3
farmers,3
when,3
usta,2
bogota,2
sped,2
expressway,2
docomo,2
term,2
valeria,2
sbcp,2
aquinas,2
year,2
authentic,2
issac,2
moores,2
sparkasse,2
norske,2
canal,2
madras,2
claim,2
camino,2
bitcoins,2
mahmoud,2
alternate,2
angle,2
landing,2
golden,2
journal,2
alps,2
epic,2
diving,2
princeton,2
tencent,2
blythe,2
suits,2
daft,2
dang,2
eagles,2
environmental,2
shuv,2
expert,2
diego,2
products,2
codes,2
tome,2
kreator,2
seller,2
lily,2
claire,2
lifestyle,2
brac,2
corrente,2
cullen,2
firm,2
gates,2
claro,2
visa,2
boutique,2
side,2
reclaim,2
success,2
inside,2
saudi,2
bark,2
energizer,2
kama,2
halides,2
chandler,2
investigation,2
elle,2
dallas,2
synagogues,2
karan,2
thur,2
alam,2
hari,2
states,2
libris,2
mortis,2
votes,2
back,2
hamid,2
sportivo,2
merchandise,2
colla,2
mexico,2
nero,2
package,2
language,2
fashions,2
rife,2
origen,2
israel,2
cycling,2
order,2
gist,2
allegro,2
loka,2
industry,2
hype,2
beasts,2
dont,2
sleep,2
extremo,2
raging,2
pictures,2
knack,2
grants,2
adder,2
match,2
nisus,2
copper,2
musik,2
verandah,2
builders,2
marianne,2
trip,2
jovi,2
lber,2
valli,2
soka,2
cards,2
sacramento,2
kwai,2
limit,2
greet,2
average,2
creators,2
format,2
axiom,2
consults,2
meek,2
param,2
nano,2
torrent,2
chariot,2
opal,2
sonority,2
enos,2
soap,2
midnight,2
supplements,2
poor,2
pall,2
fans,2
syon,2
kopek,2
gitim,2
platinum,2
pila,2
leaflet,2
sydney,2
leica,2
graph,2
career,2
angels,2
kari,2
ogden,2
ecos,2
tica,2
nice,2
academy,2
llar,2
crush,2
willow,2
uelen,2
crni,2
codename,2
shampoo,2
nter,2
violin,2
newry,2
drama,2
enix,2
boots,2
fleece,2
watch,2
creations,2
cheese,2
fabric,2
chapter,2
demokrat,2
authorized,2
binh,2
crescent,2
batu,2
ruby,2
nasdaq,2
rango,2
czech,2
users,2
floor,2
strip,2
mailbox,2
champs,2
vest,2
novi,2
genomics,2
divorce,2
ambulance,2
crimea,2
enid,2
secures,2
pilar,2
flagship,2
gain,2
whit,2
tasso,2
leap,2
pizzeria,2
malaspina,2
cheery,2
supp,2
cars,2
chaman,2
aceh,2
pound,2
tandem,2
bounding,2
curry,2
nodules,2
envision,2
nong,2
habitat,2
sold,2
nissan,2
measure,2
mare,2
shopping,2
slip,2
reader,2
copyright,2
triangle,2
tire,2
microp,2
cken,2
sine,2
michaels,2
cole,2
pelle,2
zila,2
nitrogen,2
springs,2
moli,2
ultimate,2
exotics,2
guys,2
salad,2
divina,2
scuola,2
rubber,2
community,2
francaise,2
sols,2
ahmedabad,2
meta,2
calma,2
serving,2
pieta,2
rink,2
mabel,2
nart,2
akwa,2
bait,2
slim,2
hati,2
swansea,2
fasteners,2
malta,2
volvo,2
texcoco,2
concurs,2
pola,2
gert,2
euwe,2
alan,2
famous,2
rotary,2
karats,2
tilt,2
bona,2
secco,2
australian,2
avionics,2
brisbane,2
floris,2
teri,2
tana,2
bearings,2
diwali,2
classifieds,2
rida,2
wolf,2
parent,2
viktor,2
augustine,2
jada,2
woodworking,2
rockport,2
cottages,2
baraka,2
feng,2
construction,2
stanton,2
intra,2
comer,2
charly,2
tangerine,2
arial,2
southside,2
broadcasting,2
grevena,2
ministries,2
prince,2
micha,2
manager,2
glee,2
laze,2
eric,2
cocl,2
chun,2
jean,2
azizi,2
smile,2
renovation,2
reporter,2
kate,2
desu,2
suki,2
saks,2
ehir,2
brando,2
first,2
anaxagoras,2
meri,2
nearly,2
newly,2
married,2
earning,2
vinyl,2
deportivo,2
austral,2
veer,2
mers,2
silveira,2
ecac,2
barb,2
sudd,2
junction,2
partners,2
sure,2
crop,2
sciences,2
ludo,2
onett,2
trips,2
young,2
small,2
lightweight,2
safran,2
positiv,2
feira,2
volleyball,2
mobiles,2
drill,2
lingo,2
sitio,2
mote,2
camping,2
acer,2
privacy,2
unlimited,2
hacks,2
casablanca,2
toke,2
dabble,2
devo,2
summerhill,2
fidelity,2
ades,2
once,2
rise,2
andr,2
verdant,2
chita,2
aver,2
palm,2
benz,2
corbett,2
xcel,2
magnet,2
mande,2
kahin,2
humani,2
bakery,2
fondant,2
amir,2
azar,2
jura,2
fernanda,2
vieira,2
gabal,2
pent,2
checkout,2
escapes,2
aphrodite,2
notion,2
adroit,2
constructive,2
classe,2
yuri,2
prat,2
exports,2
renting,2
trang,2
abacus,2
sicilian,2
santiago,2
cabo,2
reilly,2
portals,2
orthodox,2
facts,2
summa,2
short,2
novae,2
flywheel,2
joker,2
racing,2
optimized,2
firewood,2
reef,2
seminar,2
nossa,2
locales,2
welf,2
women,2
antares,2
ladon,2
nara,2
cruiser,2
meso,2
omicron,2
alders,2
dammam,2
ride,2
achille,2
eastlake,2
sitting,2
pete,2
xenia,2
florist,2
spector,2
phillips,2
latina,2
wedding,2
reyes,2
neuron,2
reward,2
calls,2
their,2
prima,2
atco,2
atlant,2
wise,2
geek,2
aptitude,2
confirmation,2
hills,2
toko,2
proteam,2
aral,2
linux,2
recruitment,2
hikari,2
laboratories,2
venue,2
hire,2
relieve,2
build,2
counterfeit,2
gathering,2
heritage,2
actinium,2
ramen,2
lift,2
noon,2
aksu,2
warszawa,2
runescape,2
telus,2
mahal,2
bands,2
barton,2
mama,2
size,2
alle,2
bursa,2
rului,2
nuevo,2
geico,2
keep,2
eedc,2
tavi,2
tata,2
series,2
lili,2
messe,2
edgy,2
coley,2
varanus,2
cake,2
reseller,2
pippin,2
crews,2
manuel,2
fernando,2
transport,2
debate,2
mango,2
habit,2
orion,2
prakash,2
sorento,2
problem,2
kina,2
bolts,2
tracy,2
marry,2
iowa,2
sabina,2
tart,2
kota,2
camargo,2
hous,2
asset,2
sharma,2
bangladesh,2
rossetti,2
payed,2
keen,2
scrapbook,2
counters,2
lala,2
sings,2
remedios,2
seeking,2
vodafone,2
butler,2
francisco,2
fever,2
millions,2
want,2
moles,2
ccea,2
professional,2
tutorials,2
alton,2
wireless,2
kuen,2
ennor,2
guri,2
mahi,2
osma,2
quia,2
crimson,2
mart,2
textile,2
aspire,2
tiling,2
merry,2
kang,2
role,2
prepared,2
plans,2
values,2
adler,2
diva,2
tera,2
amanti,2
musca,2
period,2
gabon,2
minar,2
ensemble,2
jpmorgan,2
scam,2
seine,2
voda,2
desk,2
hemp,2
documents,2
citigroup,2
prove,2
odessa,2
reload,2
zeit,2
italian,2
crime,2
degree,2
balin,2
waterproofing,2
mold,2
hazen,2
stic,2
kada,2
winds,2
arty,2
lichtenstein,2
aviation,2
refresh,2
styles,2
qian,2
ports,2
sico,2
natures,2
poland,2
logia,2
coolers,2
lept,2
converse,2
nieuw,2
hala,2
mandala,2
drone,2
vats,2
aeroflot,2
medell,2
cannabis,2
jeane,2
heroine,2
newsy,2
mckenzie,2
erin,2
vita,2
hawks,2
chen,2
coutts,2
amazing,2
nutrients,2
cero,2
naut,2
yacht,2
oasis,2
windmills,2
wage,2
ronald,2
poster,2
distro,2
painting,2
monc,2
char,2
cute,2
seek,2
refuge,2
academia,2
among,2
jobs,2
artist,2
booking,2
everything,2
knows,2
pram,2
explore,2
artfully,2
restless,2
channel,2
diyar,2
smith,2
cape,2
piper,2
topeka,2
rishon,2
suda,2
cote,2
corfu,2
merle,2
iala,2
cube,2
chic,2
vidal,2
chanel,2
major,2
sparks,2
firehouse,2
deli,2
tian,2
ward,2
saipa,2
courses,2
wish,2
upon,2
cosmetic,2
helper,2
crema,2
trias,2
computers,2
bear,2
before,2
hong,2
futbol,2
financier,2
kita,2
azzurro,2
chesley,2
gray,2
emergency,2
know,2
feuer,2
schie,2
massa,2
celtic,2
device,2
bhatt,2
acharya,2
medo,2
hack,2
ramirez,2
doodle,2
baseball,2
bastion,2
arina,2
vidi,2
vibe,2
neck,2
titles,2
valle,2
marquee,2
roofing,2
router,2
pushkin,2
novel,2
stilo,2
cour,2
zira,2
pediatric,2
practice,2
dashboard,2
barra,2
pies,2
breech,2
consultation,2
sutton,2
subscriber,2
patty,2
barr,2
android,2
ledger,2
cabri,2
sforza,2
covers,2
parcel,2
caspar,2
homem,2
gutter,2
portraits,2
heaven,2
vacation,2
greenery,2
leer,2
hold,2
uncle,2
kick,2
everest,2
development,2
lind,2
dana,2
conditioning,2
traders,2
lyon,2
nema,2
santorini,2
yorkshire,2
collage,1
propel,1
fabrics,1
philippines,1
ranch,1
conduit,1
lotus,1
parlor,1
pippi,1
stock,1
sounds,1
bihar,1
stad,1
bakker,1
manten,1
relampago,1
performing,1
mpla,1
weekends,1
country,1
limp,1
incredible,1
transaction,1
avil,1
ciencia,1
ricks,1
battery,1
guru,1
hanna,1
brooke,1
fords,1
playlist,1
cari,1
reliant,1
cctv,1
kreuz,1
berlin,1
feer,1
promocional,1
reputable,1
harmony,1
gwalior,1
mister,1
miles,1
papen,1
voor,1
protege,1
rapid,1
holidays,1
airplanes,1
plano,1
rishikesh,1
pied,1
poems,1
mato,1
federico,1
bellini,1
shady,1
grove,1
tips,1
boas,1
domes,1
chef,1
marston,1
gabe,1
camille,1
printers,1
kill,1
nazo,1
tros,1
amphora,1
disaster,1
tries,1
photographic,1
skink,1
garry,1
george,1
divinity,1
mindy,1
broiler,1
alive,1
stephen,1
kamal,1
speedy,1
tyler,1
penney,1
sean,1
errs,1
antonio,1
hamlin,1
koch,1
markets,1
confidential,1
knox,1
destino,1
resorts,1
riff,1
crypto,1
fazenda,1
alagoa,1
caribe,1
purples,1
reports,1
vict,1
saffron,1
kiba,1
guin,1
mums,1
bahrain,1
jeff,1
debra,1
infiniti,1
rozi,1
halal,1
burrow,1
positive,1
zaro,1
maud,1
safes,1
boggs,1
certified,1
bayern,1
dank,1
roast,1
latino,1
senegal,1
cartier,1
cide,1
arth,1
renegade,1
knak,1
heathrow,1
arab,1
converts,1
belief,1
rays,1
toya,1
drops,1
expo,1
nueva,1
accounting,1
garc,1
benk,1
revive,1
robot,1
fore,1
optus,1
peni,1
panther,1
redir,1
suffolk,1
saxons,1
vale,1
keeping,1
visibility,1
reinvent,1
rake,1
sains,1
leasing,1
important,1
https,1
consumer,1
shandong,1
sheng,1
associated,1
friends,1
lord,1
cups,1
commune,1
sekolah,1
indonesia,1
scoop,1
terror,1
andrade,1
junior,1
journey,1
kara,1
libby,1
porto,1
ishi,1
bash,1
richland,1
screw,1
decals,1
arul,1
sanat,1
brave,1
oauth,1
itty,1
coro,1
georgia,1
painter,1
connected,1
entertainment,1
duns,1
coma,1
hipster,1
handbook,1
reminder,1
usma,1
holding,1
arco,1
splc,1
mayor,1
cellular,1
meridian,1
creation,1
erde,1
relations,1
visual,1
sorbo,1
protect,1
dave,1
budge,1
deepak,1
gupta,1
sayn,1
kata,1
steal,1
fakes,1
unlock,1
kass,1
sede,1
erdo,1
xiao,1
vince,1
dooley,1
alicia,1
revert,1
cater,1
lease,1
privilege,1
friday,1
hear,1
fill,1
pade,1
sailing,1
lyrics,1
taxes,1
alarm,1
volume,1
elise,1
diocese,1
cinema,1
lagos,1
sussex,1
lumber,1
omni,1
dakota,1
canada,1
guido,1
lack,1
kisu,1
streets,1
subscription,1
stead,1
woof,1
swim,1
arabian,1
brother,1
lanka,1
swat,1
canton,1
sparking,1
clara,1
mila,1
moni,1
cyrus,1
ancillary,1
salvador,1
navarro,1
kami,1
artes,1
calle,1
dina,1
bong,1
corporate,1
critter,1
ladin,1
jaragua,1
apollo,1
agape,1
does,1
exams,1
horizonte,1
cane,1
hall,1
fair,1
drives,1
developers,1
sherpa,1
dolan,1
savino,1
genealogy,1
rubbish,1
manet,1
lovebirds,1
repo,1
esau,1
demon,1
strand,1
reply,1
most,1
synchro,1
interconnect,1
casinos,1
chiang,1
lawyer,1
droid,1
hike,1
meili,1
volt,1
ucla,1
gata,1
duncan,1
amarr,1
stud,1
impulse,1
mean,1
focus,1
kickoff,1
mellor,1
figurine,1
academics,1
calling,1
serva,1
saker,1
interact,1
discord,1
orade,1
dora,1
residual,1
kenn,1
vivir,1
salud,1
patriots,1
atlas,1
schools,1
ruch,1
texas,1
webber,1
guitars,1
phishing,1
logie,1
simon,1
gyorgy,1
shakeup,1
nightlife,1
nascent,1
emissions,1
iger,1
overseas,1
bookstore,1
scripts,1
recall,1
hernandez,1
frida,1
heat,1
gave,1
plac,1
flash,1
hollister,1
fruits,1
amanda,1
eski,1
bever,1
meydan,1
commercial,1
carpenter,1
wake,1
broadband,1
jeri,1
rasht,1
architects,1
salva,1
standards,1
assimilation,1
azione,1
filho,1
greenhouse,1
evan,1
beth,1
singa,1
casas,1
bahia,1
suvs,1
boom,1
stimulating,1
onion,1
migr,1
dfff,1
margaret,1
ville,1
jonas,1
offers,1
curcuma,1
conjunto,1
ramon,1
urie,1
minecraft,1
changer,1
transform,1
nose,1
bran,1
mingles,1
visas,1
bloom,1
artisan,1
isch,1
question,1
drink,1
mash,1
gets,1
beau,1
rote,1
appleton,1
illinois,1
comercio,1
flex,1
iller,1
verg,1
version,1
dynamics,1
diets,1
critic,1
lago,1
vista,1
legacy,1
shark,1
treehouse,1
vise,1
terman,1
couriers,1
daly,1
armstrong,1
tunnel,1
elvis,1
impersonators,1
olive,1
flavors,1
stephanie,1
greven,1
facial,1
jama,1
locator,1
peter,1
brewer,1
amazonas,1
precautions,1
motion,1
query,1
fake,1
masonry,1
tawau,1
hindu,1
hush,1
aluminium,1
come,1
romer,1
mischief,1
managed,1
pickles,1
mantra,1
juri,1
cono,1
athens,1
transmission,1
rear,1
pandas,1
ground,1
cain,1
bien,1
carlos,1
fotogr,1
guillermo,1
fernandez,1
cosa,1
guadalajara,1
vitr,1
gender,1
selection,1
migration,1
vets,1
sunshine,1
bargain,1
chek,1
child,1
liga,1
wiser,1
racion,1
bilbao,1
vantage,1
duan,1
bokassa,1
communications,1
gadget,1
sense,1
babette,1
vital,1
dreams,1
search,1
bourne,1
experiences,1
drapery,1
continental,1
cycles,1
majesty,1
public,1
variety,1
jason,1
aussie,1
gunung,1
slit,1
unani,1
artsy,1
shana,1
oval,1
punjabi,1
togo,1
dime,1
sorte,1
fondo,1
tooling,1
detectives,1
pancake,1
limitation,1
pullman,1
wound,1
hurt,1
heroes,1
staw,1
gizmo,1
spider,1
prevent,1
angoul,1
stickers,1
chief,1
pune,1
estro,1
well,1
done,1
numismatic,1
wells,1
fargo,1
hops,1
lombard,1
resort,1
rabobank,1
product,1
lasting,1
tiki,1
disposable,1
agram,1
teams,1
menu,1
petit,1
monde,1
corroborations,1
scorer,1
hopping,1
campaigns,1
varied,1
nutrition,1
fleur,1
kafr,1
heren,1
dash,1
unusual,1
brokers,1
recruiting,1
pico,1
jesse,1
roth,1
afro,1
mule,1
comt,1
govt,1
projector,1
headshot,1
sistema,1
patria,1
bangla,1
hannover,1
entr,1
plastics,1
rave,1
validator,1
write,1
booted,1
buckingham,1
trail,1
peso,1
extensive,1
bootup,1
abba,1
crossroad,1
large,1
noosa,1
remo,1
alda,1
gies,1
cozy,1
radi,1
bubble,1
script,1
numerous,1
ness,1
switches,1
colomb,1
realtor,1
manny,1
shang,1
ying,1
fang,1
ffef,1
etudes,1
required,1
usual,1
chile,1
berms,1
dinners,1
kele,1
shoes,1
rican,1
leto,1
chav,1
protector,1
rden,1
paso,1
lynam,1
colo,1
classroom,1
churlish,1
thought,1
identity,1
caca,1
backlinks,1
genial,1
spark,1
hutu,1
staffing,1
raleigh,1
wide,1
ship,1
baker,1
ballarat,1
caravans,1
elderly,1
lady,1
cavendish,1
dope,1
equity,1
nitta,1
pasta,1
offshore,1
eden,1
talpa,1
verf,1
hems,1
worth,1
alter,1
impe,1
chaplain,1
circle,1
lodestone,1
jarred,1
freeway,1
rishis,1
edwards,1
lacey,1
perspective,1
escap,1
nanny,1
waves,1
saskatoon,1
brimley,1
diagnostic,1
fish,1
masterplan,1
blinds,1
warning,1
setting,1
marvin,1
spil,1
fibre,1
solicit,1
jimma,1
dwarka,1
durga,1
samiti,1
dhabi,1
dreamer,1
instructor,1
langue,1
plumbers,1
steward,1
sons,1
nominate,1
ending,1
griffin,1
mikes,1
troy,1
urls,1
verified,1
gleam,1
unite,1
softwares,1
idea,1
minute,1
quake,1
cricket,1
timur,1
loin,1
ease,1
elven,1
confer,1
felicidade,1
familia,1
cleaner,1
scalp,1
cabell,1
alba,1
ratt,1
right,1
luisa,1
archive,1
roport,1
cassa,1
final,1
animation,1
cedric,1
zomba,1
premios,1
elementum,1
anna,1
wels,1
ileum,1
kevin,1
keppel,1
fees,1
brunch,1
valet,1
parking,1
schiphol,1
glow,1
mentor,1
esthetic,1
duluth,1
meetings,1
neve,1
indoor,1
verge,1
atelier,1
lier,1
against,1
choon,1
snack,1
diet,1
method,1
specialist,1
arnhem,1
cult,1
groot,1
tone,1
elst,1
twerp,1
zeke,1
rings,1
kanto,1
smit,1
wilde,1
westen,1
industrial,1
lavish,1
dino,1
bati,1
roku,1
britney,1
whitney,1
ribbon,1
shield,1
bust,1
aging,1
wild,1
kaine,1
treks,1
rule,1
timeless,1
sunsets,1
genius,1
hassan,1
etti,1
yoda,1
parkway,1
christ,1
myki,1
lodges,1
praha,1
sumi,1
baskan,1
notification,1
spain,1
furs,1
export,1
bobby,1
cosmetics,1
respite,1
editions,1
panache,1
main,1
paul,1
shore,1
voir,1
barclays,1
ndia,1
same,1
asic,1
sneakers,1
miasto,1
glam,1
girl,1
cells,1
reebok,1
cols,1
executive,1
kwan,1
tattoos,1
silliman,1
instituto,1
historia,1
medieval,1
jira,1
diagnostics,1
planning,1
chino,1
puma,1
killington,1
chukka,1
forces,1
merrell,1
ronaldo,1
neves,1
terms,1
alto,1
pessoa,1
collective,1
chul,1
groupe,1
ferr,1
welsh,1
noodle,1
human,1
movement,1
bangkok,1
joyce,1
tennis,1
protest,1
protection,1
geary,1
bush,1
roma,1
teck,1
roms,1
arnott,1
wilmington,1
adel,1
fines,1
laundry,1
sporty,1
patterson,1
general,1
darshan,1
pipes,1
asari,1
overpass,1
devon,1
servos,1
stays,1
finest,1
atlantique,1
encino,1
hour,1
plumber,1
bapu,1
mountains,1
equal,1
elias,1
johansson,1
kilik,1
safer,1
sada,1
timber,1
retailers,1
ball,1
expeditions,1
soria,1
asmara,1
walters,1
stow,1
alters,1
cours,1
andre,1
flores,1
limon,1
paleo,1
explained,1
norway,1
sochi,1
pave,1
burma,1
motorcycle,1
upgrade,1
skyline,1
astral,1
projects,1
argent,1
famiglia,1
toscana,1
rina,1
magica,1
reliance,1
jana,1
rodrigues,1
call,1
techs,1
este,1
reach,1
marietta,1
billiard,1
christina,1
creates,1
meantime,1
astron,1
heil,1
weil,1
cabling,1
spar,1
natura,1
neuer,1
organic,1
nails,1
hydra,1
phan,1
tawee,1
luxurious,1
each,1
activation,1
dutch,1
quilter,1
casual,1
reddy,1
bureau,1
cond,1
monitoring,1
baud,1
manal,1
macao,1
vele,1
essentials,1
tourist,1
yank,1
diama,1
bolivia,1
limpio,1
ahead,1
owicz,1
alerts,1
shiv,1
availability,1
operate,1
hare,1
gator,1
scot,1
reserves,1
caco,1
mali,1
freed,1
related,1
heng,1
hairs,1
aranda,1
coupons,1
rethink,1
unies,1
samil,1
houseboats,1
hours,1
auger,1
jaffe,1
rate,1
beauvais,1
notre,1
territoire,1
doer,1
teen,1
scented,1
goddess,1
hameed,1
issues,1
publication,1
eben,1
geber,1
avalon,1
bury,1
smoke,1
median,1
karma,1
vink,1
within,1
canyon,1
impress,1
finnic,1
sweden,1
harder,1
septa,1
ugie,1
shiner,1
dwyer,1
thoughts,1
combined,1
destructive,1
dummy,1
jethro,1
knife,1
lede,1
amherst,1
viral,1
ning,1
signboards,1
papaya,1
yarn,1
fireside,1
lodge,1
prestige,1
flats,1
khanda,1
milly,1
sobre,1
fame,1
byte,1
scripting,1
fotos,1
seat,1
jara,1
auteurs,1
amsa,1
ople,1
itchy,1
corey,1
ontong,1
grey,1
born,1
kennels,1
tesla,1
wyoming,1
pace,1
diplom,1
overflow,1
vero,1
mailer,1
globo,1
boutiques,1
forgiveness,1
poni,1
chat,1
uphold,1
essai,1
cheri,1
relax,1
ticket,1
arad,1
anka,1
juku,1
printer,1
radial,1
limitations,1
schule,1
nieder,1
rohr,1
bronze,1
holdings,1
gifted,1
ewha,1
webmail,1
neat,1
rong,1
bach,1
chang,1
nemzeti,1
viking,1
wear,1
knoxville,1
technic,1
shan,1
shara,1
exam,1
engine,1
galva,1
rburg,1
text,1
totally,1
pure,1
cordoba,1
ghar,1
rost,1
tess,1
rita,1
drew,1
chapin,1
bolan,1
hobby,1
jill,1
glia,1
jumu,1
schoolhouse,1
ions,1
monterrey,1
outlook,1
beast,1
mode,1
football,1
cung,1
thomas,1
giles,1
johnson,1
yens,1
chica,1
vibes,1
peeps,1
giro,1
gospel,1
asean,1
maur,1
sant,1
andes,1
linked,1
iffier,1
sala,1
osud,1
landscape,1
opon,1
packer,1
ventures,1
sanl,1
forte,1
receivable,1
generation,1
rajasthan,1
orlando,1
devi,1
casona,1
hartford,1
niko,1
osem,1
capt,1
investor,1
database,1
front,1
room,1
aldo,1
arte,1
paisa,1
gismo,1
opinions,1
madina,1
progressive,1
pine,1
aest,1
iris,1
cultural,1
baad,1
maestra,1
ester,1
crafts,1
ahmad,1
nawaz,1
cruises,1
punk,1
topp,1
traffic,1
carlow,1
pang,1
cameras,1
joys,1
julie,1
chick,1
syne,1
quest,1
uber,1
streamline,1
field,1
milano,1
healthier,1
yesterday,1
flights,1
brenner,1
shrunken,1
brom,1
pardo,1
buff,1
rainbow,1
blazey,1
graphic,1
