login,3575
index,2390
html,2284
account,1677
sign,1592
content,1592
includes,1426
customer,1280
admin,1052
paypal,959
view,942
personal,857
chase,817
aspx,774
home,739
form,689
images,686
update,673
center,659
plugins,586
themes,569
layouts,568
bank,533
forms,433
file,425
support,421
verification,406
frame,394
page,379
online,375
office,375
secure,365
america,360
baba,357
numb,327
user,323
blog,321
mail,314
uploads,309
access,304
china,303
email,292
well,285
wells,276
drive,272
webs,259
known,252
fonts,248
auto,247
twenty,240
info,231
profile,212
client,205
identity,205
adobe,205
verify,201
files,200
validation,190
config,181
guest,181
clog,178
drop,178
read,177
time,176
manager,174
transfer,173
webmail,172
service,170
made,169
fifteen,167
pages,166
student,163
cache,158
simple,155
mobile,154
wordpress,153
site,151
image,151
assets,150
resolution,148
modules,147
weblog,146
redirect,145
fargo,144
board,144
upgrade,141
token,140
response,140
contact,139
https,135
document,135
step,133
security,133
main,130
confirm,129
apps,129
spot,128
docs,126
vali,126
cation,120
excel,120
mainpage,117
yahoo,116
addons,115
router,112
default,111
check,109
templates,109
free,109
media,106
direct,101
card,100
google,98
banking,97
surf,97
retailer,97
control,96
data,96
language,94
your,93
trans,92
http,89
information,85
customize,85
administrator,84
pomo,83
libraries,83
vendor,82
apple,82
smart,81
help,80
tech,78
components,77
link,77
post,76
postal,76
juri,75
global,75
voice,74
note,74
manual,74
ebay,73
libra,73
ries,73
promo,70
storefront,70
billing,69
gene,68
delta,68
dados,67
stripe,67
pain,67
ident,66
editor,66
outlook,66
error,64
port,63
public,62
news,61
person,60
netflix,60
aced,60
smilies,60
resolve,60
success,59
questions,59
device,59
aces,58
payment,58
telekom,58
pass,57
land,57
icons,57
line,56
jquery,56
master,56
item,55
linked,55
verified,55
protected,55
real,54
ciar,54
tiny,54
match,54
legal,54
library,54
present,53
portal,53
sion,53
details,53
facebook,52
sites,52
project,52
microsoft,51
connect,51
fedex,51
logs,50
reader,50
colors,50
slider,50
general,49
privacy,48
redir,48
directing,48
employee,48
system,48
test,47
challenge,47
languages,47
server,47
track,47
fill,47
anti,47
with,46
validate,46
round,45
blue,45
script,45
suhr,45
open,45
domain,45
cube,44
network,44
live,44
panel,44
mailbox,44
onscreen,44
thanks,43
colombia,43
ment,43
acad,43
store,43
badd,43
curs,42
amex,42
first,42
leon,42
space,42
ones,41
prod,41
declaration,41
menu,41
inou,41
scripts,40
assure,39
class,39
comp,39
abbe,39
yann,39
banco,38
astro,38
share,38
express,38
edit,38
bing,38
jpmorgan,38
safe,38
tion,38
unblock,38
digital,37
screen,37
samsung,37
amazon,37
upload,37
plus,37
accounts,37
faff,37
eedc,37
click,36
trust,36
fresh,36
marko,36
download,36
unit,36
forum,36
laban,36
services,35
users,35
final,35
include,35
text,34
core,34
feba,34
requests,34
acme,34
suite,34
intel,33
sica,33
pessoa,33
segura,33
liza,33
valid,33
authentication,33
nden,33
temp,33
case,33
banks,33
shield,33
english,33
source,33
stats,33
hdmi,32
controller,32
desk,32
good,32
pots,32
calendar,32
gmail,32
away,32
requested,31
viewer,31
hotmail,31
mode,31
review,30
delio,30
custom,30
gate,30
nino,30
welcome,30
inter,30
export,30
code,30
point,29
kendo,29
updates,29
shop,29
group,29
dashboard,29
event,29
template,29
verf,29
name,29
documents,28
emails,28
application,28
activity,28
local,28
daum,28
strato,28
ecac,27
bourse,27
oauth,27
snapshots,27
tier,27
taff,27
recovery,26
ajax,26
settings,26
colon,26
nmit,26
summary,26
cont,26
secured,26
bill,26
cacao,25
premios,25
theme,25
crop,25
unique,25
osme,25
haus,25
install,25
redirection,25
sgen,25
aged,25
desc,24
dade,24
back,24
tools,24
parry,24
sliders,24
find,24
societe,24
party,24
faed,24
activation,24
nationwide,24
spreadsheet,24
element,24
ques,24
delivery,23
session,23
true,23
lang,23
alert,23
studio,23
bluetooth,23
catalog,23
finder,23
ation,23
desjardins,23
business,23
product,22
self,22
search,22
transport,22
regional,22
draft,22
assume,22
fire,22
telecom,22
disp,22
ebbe,22
clean,22
artificial,21
validator,21
attachments,21
sing,21
juno,21
iphone,21
member,21
john,21
activate,21
comuni,21
gavar,21
status,21
jotham,21
while,21
talking,21
xxxx,21
preview,21
common,21
cafe,21
terms,21
urgent,21
cefa,20
reset,20
bbbb,20
release,20
arab,20
matthew,20
clients,20
manage,20
trade,20
chin,20
classes,20
next,20
premium,20
batu,20
built,19
message,19
submit,19
demo,19
reply,19
credit,19
folder,19
easy,19
seller,19
cookie,19
tree,19
work,19
skin,19
micro,19
cade,19
loop,19
abba,18
pontos,18
proposal,18
checkout,18
west,18
play,18
notification,18
informations,18
password,18
complete,18
full,18
util,18
floor,18
fact,18
authorize,18
some,18
banana,18
motherfucker,18
windows,18
package,18
role,18
lambert,18
azione,17
editors,17
logo,17
send,17
babe,17
tracking,17
order,17
register,17
protect,17
loading,17
adad,17
jpeg,17
conf,17
widget,17
version,17
category,17
create,17
umps,16
eeee,16
measure,16
gallery,16
godaddy,16
aute,16
what,16
czarina,16
cabal,16
paging,16
redi,16
comment,16
engl,16
nineteen,16
photo,16
nchez,16
allegro,16
capital,16
people,16
formula,16
friends,15
great,15
imagen,15
academy,15
photos,15
renewal,15
fera,15
regroup,15
sail,15
phishing,15
path,15
rest,15
uploaded,15
team,15
spectrum,15
linn,15
casts,15
products,15
exec,15
xtra,15
jett,15
cyber,15
meet,15
central,15
property,15
dist,15
edited,15
times,15
gratis,15
protege,15
banca,14
best,14
opera,14
mart,14
loader,14
finish,14
iseo,14
paving,14
save,14
views,14
quarantine,14
toda,14
cccc,14
limited,14
standard,14
regis,14
latest,14
feed,14
snow,14
sixteen,14
beef,14
partners,14
serve,14
ellin,14
saves,14
senior,14
processing,14
habbo,14
aruba,14
niche,14
filter,14
chas,14
magic,13
vers,13
fidel,13
panh,13
scotiabank,13
dupl,13
comcast,13
corp,13
plat,13
certificates,13
node,13
chall,13
last,13
abcde,13
wait,13
messages,13
major,13
paul,13
ocean,13
footer,13
crypt,13
royal,13
chat,13
list,13
itunes,13
shard,13
action,13
process,13
exception,13
brad,13
aire,13
dafa,13
chanel,13
charter,13
double,13
electro,12
gaga,12
lite,12
important,12
ccea,12
cart,12
food,12
shadow,12
fiesta,12
care,12
internet,12
house,12
show,12
carta,12
request,12
trix,12
decaf,12
visa,12
webpage,12
codex,12
school,12
year,12
fffd,12
number,12
centre,12
bede,12
base,12
approval,12
license,12
safety,12
rien,12
bfff,12
state,12
sylvia,12
tuck,12
kismet,12
model,12
methodist,12
breadcrumbs,12
basic,12
otrs,12
referrer,12
avas,12
seventeen,12
bookmark,12
updated,12
design,11
appa,11
staff,11
ffcc,11
guard,11
tele,11
smartphone,11
american,11
sunrise,11
lanc,11
ffbf,11
matt,11
mission,11
dept,11
twelve,11
type,11
guro,11
article,11
able,11
milky,11
dead,11
deaf,11
santander,11
cloud,11
electric,11
date,11
poli,11
wire,11
coma,11
count,11
report,11
profiles,11
life,11
about,11
shared,11
projects,11
backend,11
nick,11
brasil,11
block,11
widescreen,11
astra,11
malik,11
onenote,11
amel,11
encrypt,10
cash,10
button,10
dour,10
retina,10
camera,10
resources,10
done,10
android,10
power,10
solutions,10
bram,10
acted,10
fields,10
brand,10
ecce,10
cece,10
cbbc,10
endurance,10
legacy,10
software,10
book,10
posts,10
hannah,10
daly,10
storage,10
copy,10
popular,10
pays,10
banners,10
brown,10
popup,10
milano,10
misc,10
enter,10
presto,10
chile,10
cubs,10
navy,10
abed,10
orders,10
passport,10
updater,10
serva,10
russo,10
detail,10
bread,10
crumb,10
objects,10
directs,10
translations,10
lock,10
resume,10
retail,10
composer,10
less,10
fotos,10
burns,10
western,10
citing,10
plot,10
fdfdfd,10
haze,10
mach,10
dddd,9
management,9
black,9
carr,9
preto,9
baad,9
sale,9
fawcett,9
crow,9
primary,9
orange,9
root,9
estado,9
validating,9
write,9
host,9
acrobat,9
money,9
finished,9
checkpoint,9
signature,9
eagle,9
spec,9
camp,9
rios,9
lute,9
homo,9
cheng,9
ping,9
gres,9
joshua,9
godfrey,9
fatu,9
charge,9
tsen,9
instal,9
pasi,9
malai,9
prof,9
caff,9
bbff,9
shopping,9
special,9
implement,9
adff,9
proforma,9
down,9
indent,9
ffdf,9
isms,9
twitter,9
cliento,9
cero,9
mens,9
stirling,9
commerce,9
funding,9
guzzle,9
mega,9
dips,9
luna,9
clothing,9
embed,9
other,9
insurance,9
mirror,9
presentations,9
builder,9
zone,9
jeff,9
shipment,9
libre,9
tyre,9
fefe,9
brain,9
header,9
construction,9
color,9
shtml,9
deal,9
acca,9
george,9
silver,9
course,9
investor,9
ddaa,9
national,9
loan,9
archived,9
balance,9
mailer,9
sales,9
plata,9
civic,9
notebook,9
saas,9
option,9
bene,8
galaxy,8
java,8
remit,8
utils,8
soft,8
font,8
alerts,8
roofing,8
psycho,8
citi,8
dire,8
shipping,8
mobil,8
karn,8
follow,8
desktop,8
started,8
spirit,8
deir,8
south,8
piled,8
deutsche,8
bend,8
load,8
dating,8
walker,8
asce,8
nove,8
invest,8
como,8
maps,8
ribas,8
database,8
uttar,8
grade,8
cree,8
dbfff,8
orca,8
crystal,8
company,8
sett,8
nica,8
that,8
target,8
forums,8
cell,8
section,8
parse,8
readme,8
demand,8
query,8
moji,8
eisen,8
rank,8
tags,8
hosting,8
tura,8
identify,8
plugin,8
dispatch,8
ultra,8
logging,8
virtual,8
website,8
chen,8
notify,8
mathew,8
investments,8
chases,8
positiv,8
karan,8
entr,7
regular,7
captcha,7
feedback,7
sync,7
print,7
ever,7
flash,7
trip,7
fusion,7
press,7
overview,7
mondial,7
call,7
gela,7
japan,7
members,7
steam,7
postmaster,7
chrome,7
statement,7
walmart,7
chem,7
mala,7
prepaid,7
niki,7
bade,7
baade,7
authenticate,7
love,7
porte,7
situ,7
poker,7
indonesia,7
kong,7
adsl,7
contents,7
reminder,7
thumbs,7
configuration,7
accounting,7
console,7
naya,7
converter,7
mall,7
consulting,7
banner,7
tune,7
acre,7
confirmation,7
formation,7
insta,7
feeds,7
heidi,7
mccartney,7
carl,7
june,7
history,7
dede,7
survey,7
successful,7
mango,7
installer,7
fuse,7
quotation,7
restore,7
hoffman,7
stared,7
shell,7
codes,7
portfolio,7
ccff,7
nste,7
magazine,6
parceiro,6
ipad,6
layout,6
mmorpg,6
lola,6
bola,6
dual,6
sistema,6
lesson,6
fbec,6
naver,6
louis,6
adas,6
then,6
issued,6
active,6
muay,6
kroq,6
aafc,6
rupal,6
cabri,6
prime,6
homepage,6
century,6
victory,6
achieve,6
cede,6
manuals,6
undone,6
anja,6
lich,6
dreamer,6
connex,6
saved,6
resource,6
kane,6
tarp,6
sugar,6
forward,6
caid,6
entry,6
ultimate,6
station,6
ease,6
profit,6
maximization,6
corre,6
bitter,6
sank,6
fetch,6
closing,6
nope,6
styles,6
lynne,6
barron,6
peas,6
julie,6
lewis,6
working,6
alta,6
asociaci,6
gprs,6
ether,6
wallet,6
nismo,6
katie,6
higgins,6
hunter,6
cuny,6
amalia,6
technology,6
groupe,6
module,6
harrison,6
protection,6
coms,6
hoku,6
gpss,6
events,6
pitts,6
thick,6
fung,6
supplier,6
eros,6
incel,6
koro,6
counter,6
vici,6
task,6
water,6
high,6
cheap,6
anse,6
iona,6
pavo,6
ecsc,6
many,6
ebenezer,6
thomas,6
ufer,6
apse,6
listed,6
mclain,6
take,6
daia,6
paris,6
flow,6
janet,6
bind,6
jscript,6
riba,6
nguy,6
wien,6
hyde,6
alka,6
harlow,6
bridge,6
coast,6
finance,6
learn,6
wote,6
plan,6
seclude,6
tests,6
temple,6
journal,6
rama,6
telugu,6
movie,6
drip,6
essen,6
vier,6
infomation,6
lighting,6
enrol,6
mnet,6
dash,6
wrong,6
tien,6
karo,6
extension,6
donation,6
beverley,6
latham,6
recruitment,6
gateway,6
dope,6
coste,6
sending,6
thankyou,6
luise,6
adder,6
transaction,6
bennett,6
bowman,6
cffd,6
jbod,6
sort,6
junior,6
legend,6
generic,6
frontend,6
canals,6
ilia,6
works,6
cookies,6
modes,6
social,6
maze,6
terse,6
poln,6
retz,6
mein,6
european,6
delighting,6
javascript,6
interac,6
esso,6
address,6
racc,6
trent,6
ilya,6
enrollment,6
cours,6
tokens,6
chatter,6
fond,6
part,6
engine,6
europa,6
params,6
astros,6
mule,6
williams,6
mime,6
cici,6
payday,6
abbey,6
redd,6
fuel,6
marriage,6
invitation,6
fronts,6
initial,6
blocked,6
mood,6
laming,6
wsdl,6
joss,6
value,6
object,6
sparkasse,6
chemistry,6
properties,6
revolt,6
dossier,6
bills,6
format,6
hawaii,6
logos,6
small,6
plans,6
lado,6
tutto,6
kart,6
grip,6
random,6
ivar,6
ariv,6
mercator,6
ebox,6
mobs,6
voda,6
bookmarks,6
phone,6
ober,6
elle,6
movia,6
rack,6
thera,6
sidebars,6
bras,6
horia,6
tested,6
others,6
labor,6
split,5
nova,5
three,5
column,5
models,5
dada,5
game,5
ffef,5
archive,5
confirmed,5
maga,5
capt,5
items,5
connection,5
beth,5
seven,5
conte,5
aliz,5
advanced,5
ffdab,5
edda,5
issues,5
frost,5
bottom,5
solid,5
entre,5
mille,5
cars,5
links,5
gabe,5
sass,5
consult,5
static,5
title,5
driver,5
stewart,5
ravel,5
kari,5
family,5
bootstrap,5
hakam,5
nuevo,5
archives,5
face,5
dallas,5
analytics,5
logi,5
discuss,5
oregon,5
modern,5
atomic,5
attempt,5
detect,5
dude,5
landes,5
wear,5
qwerty,5
json,5
macros,5
player,5
skins,5
ababa,5
science,5
front,5
flesh,5
return,5
union,5
agencia,5
similar,5
original,5
caca,5
here,5
alfa,5
engines,5
mambo,5
skills,5
blackboard,5
city,5
fffa,5
gent,5
parts,5
factor,5
will,5
stop,5
import,5
funds,5
youtube,5
words,5
partner,5
door,5
homes,5
pedia,5
quota,5
quick,5
aiff,5
modulo,5
thirteen,5
angel,5
aure,5
array,5
webpages,5
coin,5
rodeo,5
fert,5
knowledge,5
marketplace,5
lloyds,5
punto,5
edef,5
scotia,5
initials,5
jaya,5
untitled,5
night,5
jaku,5
darn,5
bonbon,5
cond,4
wall,4
turbo,4
arar,4
bogota,4
kbps,4
urbi,4
lines,4
actualit,4
diff,4
render,4
glory,4
rate,4
close,4
modal,4
ting,4
official,4
teng,4
plug,4
gins,4
comments,4
once,4
framework,4
itemid,4
centru,4
mkmf,4
wipe,4
lolo,4
bonus,4
novo,4
build,4
berca,4
holy,4
adrar,4
program,4
miar,4
cuar,4
oban,4
empas,4
admins,4
results,4
votes,4
heritage,4
holt,4
renfrew,4
yyyy,4
fake,4
bound,4
locale,4
cone,4
eder,4
avatars,4
bole,4
picture,4
chef,4
telus,4
controllers,4
radio,4
rule,4
smileys,4
naoh,4
popo,4
purchasing,4
ratcliffe,4
bounty,4
bethany,4
nada,4
lina,4
regal,4
sicherheit,4
isle,4
memo,4
proc,4
ffcba,4
unlock,4
table,4
rent,4
silicon,4
scanner,4
hosts,4
arak,4
continue,4
gntm,4
tide,4
junta,4
rond,4
xiao,4
french,4
korea,4
anna,4
idea,4
knol,4
area,4
char,4
affiliate,4
tutu,4
firm,4
ffff,4
bidding,4
adde,4
yoda,4
pape,4
aaaa,4
fide,4
grad,4
film,4
ohne,4
solicit,4
white,4
morgan,4
backups,4
samples,4
closed,4
nike,4
payroll,4
kaplan,4
risk,4
owyn,4
decca,4
tell,4
ship,4
fate,4
connie,4
ruth,4
craigslist,4
dumb,4
question,4
reso,4
external,4
coffee,4
allow,4
cached,4
aldo,4
skol,4
crazy,4
mage,4
packages,4
east,4
slide,4
frog,4
unova,4
cabos,4
dell,4
iron,4
fade,4
citri,4
tears,4
mira,4
mili,4
arse,4
bolton,4
errors,4
towns,4
clone,4
hidden,4
verizon,4
protocol,4
world,4
kada,4
pendent,4
lili,4
politika,4
ticket,4
adobes,4
bremer,4
nottingham,4
forest,4
materia,4
retrieve,4
eeeeee,4
continua,4
aecma,4
loge,4
give,4
audio,4
tver,4
authorization,4
diss,4
lava,4
dora,4
securely,4
bilan,4
travel,4
wealth,4
pond,4
maha,4
kuti,4
mann,4
hope,4
edits,4
grid,4
dure,4
rami,4
terra,4
tter,4
defaced,3
beta,3
refer,3
phpc,3
dama,3
eric,3
cest,3
juegos,3
focus,3
meld,3
expr,3
fund,3
stem,3
saner,3
setting,3
scrollbar,3
mails,3
crown,3
wood,3
markt,3
frames,3
pont,3
gera,3
chip,3
squares,3
solo,3
auer,3
donahue,3
booking,3
kufa,3
result,3
scot,3
kicky,3
subject,3
calls,3
pack,3
miles,3
vantage,3
vasts,3
tilts,3
polk,3
moai,3
slats,3
sample,3
comt,3
wick,3
filles,3
friday,3
minh,3
bella,3
fbceb,3
beln,3
void,3
sila,3
muth,3
gabs,3
tour,3
friend,3
campi,3
blowfish,3
freezer,3
relay,3
fleck,3
flap,3
chew,3
bayer,3
tlrs,3
jogi,3
tant,3
iida,3
vall,3
waiting,3
encrypted,3
registration,3
unblocks,3
curit,3
navi,3
shiba,3
cafu,3
mohamed,3
reap,3
downloads,3
verb,3
chasm,3
tics,3
ante,3
supply,3
vlei,3
khal,3
naci,3
barbara,3
cialis,3
ribbon,3
analytic,3
vied,3
inline,3
gharbi,3
jane,3
training,3
henry,3
tamm,3
maskin,3
poke,3
yuji,3
quote,3
deco,3
rome,3
boot,3
james,3
ross,3
norton,3
clearing,3
performance,3
electrical,3
ehir,3
vaca,3
vevo,3
dube,3
orne,3
fdic,3
begg,3
fria,3
taqi,3
bice,3
woes,3
body,3
elaine,3
eleven,3
nord,3
mentions,3
endpoints,3
foyn,3
sram,3
flcl,3
icrc,3
kristin,3
collins,3
goodwin,3
total,3
mcgrath,3
kaval,3
iroc,3
jackson,3
toho,3
scout,3
wnba,3
sich,3
jonah,3
specialties,3
brochure,3
ratings,3
statistics,3
kawi,3
craig,3
cher,3
sewell,3
arda,3
published,3
ycat,3
canvas,3
prima,3
uber,3
zentrum,3
chemical,3
prop,3
gibb,3
lungs,3
alice,3
snob,3
bret,3
supports,3
tape,3
ning,3
paramount,3
fila,3
thumb,3
rocker,3
fanny,3
lung,3
recep,3
eating,3
evan,3
nani,3
noted,3
slice,3
duplicator,3
folk,3
kaew,3
taxo,3
tamp,3
brandon,3
boma,3
nega,3
patrick,3
hodges,3
tool,3
nubs,3
bosun,3
edom,3
bucket,3
quality,3
price,3
native,3
boas,3
qasim,3
saudi,3
diesel,3
proceed,3
checking,3
bien,3
fast,3
roberts,3
longevity,3
logic,3
serra,3
olne,3
salem,3
xerox,3
xmpp,3
corinne,3
selena,3
eternity,3
flooring,3
curd,3
lucy,3
crist,3
monica,3
crews,3
canada,3
norma,3
pwnd,3
cord,3
shakr,3
parking,3
processor,3
rican,3
belz,3
anne,3
michael,3
hamm,3
certified,3
wilkins,3
diva,3
owens,3
serj,3
moro,3
icon,3
euan,3
authenticated,3
angela,3
zeba,3
promote,3
sous,3
menus,3
contest,3
german,3
spanish,3
mini,3
snapshot,3
origin,3
nspe,3
wife,3
swot,3
tuva,3
environment,3
glass,3
irms,3
just,3
smokey,3
backup,3
harmony,3
pictures,3
appliances,3
maun,3
caan,3
smith,3
else,3
directors,3
research,3
bridging,3
summer,3
coor,3
pram,3
safely,3
ward,3
oxus,3
wind,3
sika,3
output,3
monitor,3
usman,3
dreamy,3
klang,3
adores,3
weaver,3
canadian,3
teru,3
opens,3
mires,3
sews,3
arlo,3
rite,3
carlos,3
reservations,3
siam,3
calc,3
tutorial,3
profiler,3
contacted,3
brian,3
wilson,3
valuation,3
lynd,3
blume,3
gallo,3
kaba,3
dina,3
credential,3
ramsey,3
audubon,3
institute,3
ctrl,3
andy,3
alway,3
bristol,3
born,3
simpson,3
commons,3
muir,3
keep,3
gnrh,3
kert,3
conferences,3
schedule,3
accordion,3
dizzy,3
browser,3
connectors,3
lasso,3
nasu,3
york,3
concept,3
blocking,3
alberta,3
ceyz,3
ffba,3
ashton,3
somo,3
sook,3
mono,3
antietam,3
azra,3
bitcoin,3
billionaire,3
dewy,3
baset,3
loggers,3
hank,3
crawford,3
dubs,3
watch,3
scanning,3
redmond,3
unsubscribe,3
suke,3
buss,3
wilk,3
pixel,3
deed,3
nest,3
plaintext,3
bradley,3
moses,3
wbcs,3
reds,3
uncia,3
plano,3
sent,3
doria,3
sots,3
girl,3
courtney,3
thompson,3
bros,3
edition,3
sources,3
descendants,3
helen,3
loyola,3
condominium,3
associates,3
dunn,3
living,3
thro,3
coded,3
thumbnails,3
alef,3
witz,3
doab,3
massed,3
iowa,3
hawk,3
stevens,3
rouge,3
hari,3
bases,3
emirates,3
importance,3
another,3
cheri,3
gcsi,3
quia,3
hida,3
bunt,3
attraction,3
crypts,3
drives,3
trace,3
diverse,3
manufacturers,3
registro,3
datos,3
koko,3
fine,3
scanned,3
glorie,3
walton,3
civil,3
awed,3
shelley,3
college,3
advisors,3
bouy,3
ready,3
sets,3
elisa,3
like,3
quash,3
queen,3
points,3
communication,3
grass,3
health,3
didi,3
mobiles,3
snes,3
mahesh,3
pattern,3
reamer,3
qaum,3
puff,3
villas,3
medical,3
injury,3
lenin,3
lime,3
billboard,3
ology,3
cooking,3
gerri,3
designer,3
supported,3
cats,3
syncing,3
this,3
problem,3
enix,3
boat,3
prog,3
career,3
taylor,3
interactive,3
nursing,3
using,3
updating,3
pune,3
shells,3
deliver,3
games,3
quir,3
niagara,3
sell,3
distal,3
umra,3
johnson,3
lingo,3
moseley,3
drink,3
aware,3
corey,3
insecure,3
mown,3
mills,3
recieved,3
pron,3
cole,3
bruce,3
fisa,3
generate,3
gator,3
jude,3
yael,3
basket,3
decline,3
invite,3
corporate,3
miranda,3
hotels,3
orgy,3
fresco,3
brig,3
secret,3
precious,3
pros,3
adamson,3
sierra,3
expired,3
trou,3
smoke,3
heart,3
booz,3
ectoplasm,3
grey,3
nothing,3
assurance,3
mirko,3
department,3
technique,3
gwinnett,3
masonry,3
stub,3
engineering,3
learner,3
programme,3
beers,3
ordem,3
redo,3
chris,3
waste,3
liker,3
nuns,3
kate,3
bert,3
tatiana,3
boil,3
lats,3
mlia,3
monroe,3
brazos,3
guardianship,3
poise,3
consumer,3
dmbs,3
credits,3
terry,3
sturtevant,3
engineers,3
fried,3
dont,3
ezln,3
grate,3
refill,3
refile,3
oost,3
pear,3
apply,3
where,3
lenders,3
apache,3
cphc,3
melis,3
mero,3
amelia,3
suran,3
disabled,3
warwick,3
riel,3
urie,3
harrell,3
cara,3
tips,3
urna,3
soon,3
erasing,3
latex,3
very,3
width,3
hello,3
setup,3
imrie,3
harsh,3
gupta,3
effective,3
helpers,3
quite,3
kimi,3
unblocking,3
publish,3
relaunch,3
speedy,3
smog,3
weekly,3
organ,3
pels,3
recognize,3
journey,3
mean,3
jamb,3
javelin,3
moises,3
bitcoins,3
candidate,3
refrigerator,3
candy,3
holder,3
suction,3
cups,3
clear,3
cooler,3
shelf,3
leak,3
kind,3
attached,3
brass,3
launch,3
stfold,3
delete,3
simplify,3
bdda,3
drinks,3
redon,3
bricks,3
speak,3
cleartext,3
hennessy,3
pulaski,3
cons,3
identifier,3
voir,3
adminstrator,3
principal,3
registry,3
finale,3
side,3
patria,3
bung,3
coli,3
baaed,3
steps,3
demographics,3
ants,3
rana,3
upgrading,3
chua,3
jennifer,3
lier,3
hbos,3
daily,3
vite,3
alas,3
emergency,3
stockholms,3
universit,3
united,3
shaw,3
webmaster,3
classic,3
vivaldi,3
compagnie,3
palermo,3
sections,3
assignments,3
marketing,3
colourful,3
extra,3
swiss,3
preta,3
lsch,3
avar,3
room,3
winter,3
costume,3
fighter,3
username,3
music,3
carding,3
iiii,3
rover,3
cola,3
payments,3
campaigns,3
infrastructure,3
enroll,3
egba,3
street,3
gram,3
encoder,3
rage,3
nocs,3
exit,3
dacca,3
sibi,3
wide,3
faded,3
mack,3
hold,3
remo,3
unico,3
poly,3
decade,3
oconto,3
been,3
dirk,3
titan,3
regions,3
none,3
savi,3
ansu,3
scam,3
rich,3
listing,3
fixed,3
hind,3
ring,3
bravo,3
veil,3
children,3
chance,3
dull,3
edward,3
hathor,3
fils,3
norway,3
cuse,3
cupping,3
wojty,3
pira,3
ferenc,3
forme,3
parc,3
cedi,3
voce,3
ymca,3
horizon,3
dumbarton,3
reas,3
sein,3
zona,2
safra,2
select,2
nabi,2
enabled,2
kline,2
garr,2
antz,2
schwa,2
upon,2
eastlink,2
larry,2
clos,2
motorola,2
moto,2
mody,2
yews,2
ndler,2
mind,2
izod,2
trabajo,2
irmo,2
circle,2
alpha,2
bask,2
comfort,2
wyss,2
vada,2
dann,2
modals,2
tina,2
each,2
angle,2
jorn,2
momentum,2
essene,2
wiser,2
style,2
decode,2
seed,2
lucretius,2
giveaway,2
weddings,2
planner,2
multi,2
attachment,2
hurac,2
pirats,2
pozi,2
domina,2
hugo,2
pinky,2
monolog,2
lude,2
feist,2
developer,2
aria,2
osho,2
cabo,2
tesla,2
vernon,2
vega,2
command,2
suspended,2
rede,2
comb,2
beams,2
gain,2
league,2
vcard,2
feel,2
pace,2
doer,2
fraud,2
ffffc,2
blubber,2
silicone,2
pendant,2
factories,2
selling,2
collapsible,2
sports,2
inspection,2
used,2
minolta,2
manu,2
greatness,2
linx,2
judi,2
lucas,2
turpin,2
handler,2
leslie,2
stump,2
psych,2
documentation,2
flyers,2
stay,2
emirate,2
layers,2
condo,2
hark,2
agency,2
gnaw,2
timex,2
clank,2
virtue,2
browse,2
grace,2
maria,2
rush,2
sane,2
faced,2
daas,2
individual,2
carrier,2
mill,2
liverpool,2
workplace,2
stpp,2
emmy,2
lans,2
lodi,2
ewtn,2
caring,2
micr,2
sede,2
meow,2
yung,2
trim,2
dfffff,2
federal,2
killer,2
bless,2
colorbox,2
trey,2
israel,2
howe,2
club,2
midnight,2
cote,2
rise,2
france,2
luiz,2
bdbbd,2
mint,2
teens,2
conflict,2
ranch,2
ardent,2
oder,2
garcia,2
usbk,2
kengen,2
carri,2
serving,2
critical,2
analysis,2
reasoning,2
prep,2
lander,2
forgot,2
dutch,2
ebola,2
philippines,2
sncf,2
withdraw,2
from,2
metro,2
escp,2
talon,2
actual,2
wolf,2
germ,2
intranet,2
arch,2
portuguese,2
universal,2
odeo,2
frey,2
infobox,2
dine,2
laze,2
carrefour,2
eira,2
cards,2
luca,2
trhe,2
fixer,2
caro,2
assist,2
fret,2
etti,2
gina,2
move,2
demetrio,2
paes,2
huya,2
authors,2
herring,2
lane,2
francais,2
kraus,2
notes,2
communications,2
hiro,2
janne,2
bbci,2
earth,2
much,2
jell,2
sunday,2
messenger,2
creator,2
threat,2
wild,2
robot,2
motif,2
truls,2
realms,2
capit,2
distro,2
cuyo,2
sues,2
virus,2
thumbnail,2
garland,2
vlad,2
emma,2
related,2
hummer,2
soap,2
pita,2
most,2
dion,2
heal,2
sena,2
tast,2
particular,2
display,2
javier,2
telef,2
nala,2
welders,2
toni,2
dura,2
dien,2
glenn,2
petersen,2
xmas,2
conference,2
upcoming,2
changes,2
persist,2
contribute,2
kids,2
adrian,2
ramos,2
super,2
park,2
valgus,2
tubbs,2
wyoming,2
schools,2
tube,2
bell,2
sfio,2
look,2
saks,2
peja,2
cidr,2
laid,2
reps,2
venus,2
dose,2
talk,2
junk,2
pens,2
tsch,2
spry,2
spector,2
phillips,2
church,2
damm,2
series,2
cuda,2
listings,2
chartered,2
upgrades,2
directory,2
span,2
meir,2
aaddff,2
womens,2
pink,2
ambient,2
binn,2
omoto,2
firewall,2
glas,2
rtos,2
taekwondo,2
stark,2
extracted,2
articles,2
baise,2
william,2
rathbun,2
warrior,2
goods,2
purchase,2
gale,2
nena,2
kickstart,2
gana,2
fairway,2
stan,2
gift,2
optimal,2
exchanger,2
lice,2
muri,2
cassidy,2
smooth,2
coronavirus,2
today,2
rence,2
tabs,2
charity,2
artist,2
invalid,2
deactivation,2
overrides,2
unknown,2
waka,2
salam,2
develop,2
fourteen,2
stor,2
freedom,2
monday,2
agent,2
ware,2
renews,2
cobra,2
boom,2
meta,2
guardia,2
millennium,2
cert,2
david,2
million,2
sheriff,2
hood,2
location,2
visual,2
scenes,2
worldwide,2
poster,2
refund,2
large,2
buttons,2
clue,2
light,2
favicon,2
cameo,2
example,2
vyso,2
deng,2
yuan,2
qian,2
cate,2
zoosk,2
duas,2
sshs,2
pinta,2
whet,2
roter,2
jobs,2
vendors,2
computer,2
edam,2
neot,2
suites,2
sodium,2
installation,2
chse,2
smarty,2
stab,2
references,2
ender,2
ffdb,2
sico,2
nash,2
paragon,2
zilla,2
dong,2
song,2
stone,2
jind,2
mung,2
statements,2
nach,2
columbia,2
willamette,2
derek,2
theatre,2
haven,2
dddddd,2
priv,2
shan,2
dale,2
somerset,2
categories,2
catalogues,2
jade,2
acul,2
corona,2
sure,2
starts,2
queens,2
ceeb,2
currently,1
adam,1
lined,1
restoration,1
ance,1
niro,1
usps,1
nando,1
milles,1
papas,1
confirmations,1
vices,1
mailto,1
establish,1
editing,1
fancy,1
mate,1
phones,1
deutsch,1
poll,1
revision,1
resta,1
sada,1
introduction,1
current,1
vodafone,1
sick,1
nerd,1
pierres,1
servitude,1
sien,1
kill,1
touch,1
erica,1
expire,1
approve,1
identification,1
shoes,1
corne,1
architect,1
oreo,1
sowa,1
roof,1
loud,1
coord,1
cajal,1
redirecting,1
wilts,1
hmmm,1
october,1
tron,1
isch,1
spreadsheets,1
gigs,1
everest,1
inventory,1
hongkong,1
suit,1
king,1
ttel,1
scorn,1
jogo,1
alum,1
monaco,1
tram,1
rosa,1
skull,1
branco,1
dubna,1
chaj,1
kilo,1
lavado,1
rader,1
shaft,1
limit,1
garo,1
foxx,1
americans,1
erie,1
certificate,1
congratulations,1
wasted,1
luci,1
endpoint,1
fold,1
venta,1
tail,1
plumb,1
pall,1
lord,1
permissions,1
denied,1
diamond,1
albay,1
slog,1
linda,1
spaniard,1
ions,1
cach,1
frontier,1
jams,1
sandbox,1
break,1
joki,1
gaud,1
provisions,1
outer,1
arial,1
singin,1
bold,1
terrane,1
holland,1
zila,1
bakar,1
fuze,1
baas,1
iwan,1
locker,1
haywood,1
texas,1
posted,1
asus,1
jari,1
seria,1
samoa,1
brands,1
gone,1
huda,1
sawn,1
pending,1
madrid,1
lvrs,1
dmgt,1
joel,1
solange,1
albrecht,1
azmi,1
awesome,1
grant,1
preu,1
estr,1
zeke,1
meal,1
poem,1
nems,1
kush,1
india,1
elroy,1
oakey,1
nell,1
newt,1
loam,1
pvgs,1
specs,1
assed,1
wins,1
carpe,1
diem,1
sdfghjkl,1
circuit,1
oriented,1
electromagnetic,1
modeling,1
techniques,1
haro,1
tang,1
mmix,1
knin,1
owen,1
zinj,1
logy,1
lodr,1
danz,1
cent,1
jung,1
zeng,1
jody,1
oden,1
izel,1
connections,1
dani,1
lson,1
receipt,1
craft,1
irland,1
kort,1
bead,1
izzy,1
turf,1
byte,1
arbeit,1
over,1
pennsylvania,1
genealogy,1
reno,1
latm,1
saigon,1
dragon,1
espa,1
nder,1
laptop,1
fest,1
blast,1
start,1
morris,1
road,1
geren,1
popol,1
vision,1
winx,1
mant,1
gica,1
guin,1
quart,1
segunda,1
vale,1
faith,1
moment,1
greenhouse,1
casa,1
amok,1
nhat,1
zina,1
goya,1
indexof,1
rica,1
oleo,1
fryer,1
timer,1
para,1
ster,1
join,1
aptitude,1
stand,1
kalan,1
goli,1
poop,1
society,1
functions,1
please,1
bacha,1
recover,1
motion,1
fitness,1
keto,1
wheel,1
juna,1
exam,1
level,1
found,1
notice,1
virgin,1
alma,1
rung,1
lino,1
cssr,1
webb,1
elements,1
christ,1
privet,1
cile,1
pama,1
second,1
have,1
toke,1
rare,1
mining,1
yeni,1
buyer,1
cooker,1
medias,1
gein,1
gies,1
newton,1
chain,1
lets,1
tert,1
alda,1
klein,1
enterprises,1
branch,1
builds,1
hincha,1
dateline,1
invoices,1
peerless,1
maersk,1
dmca,1
konkan,1
sines,1
wellness,1
goss,1
curl,1
cpus,1
renin,1
robs,1
fruit,1
prototype,1
long,1
inner,1
linux,1
radeon,1
dark,1
sport,1
tait,1
plugs,1
interest,1
uley,1
alex,1
river,1
tequila,1
checks,1
reiss,1
leap,1
brink,1
voor,1
eree,1
lios,1
jenn,1
lens,1
quax,1
heft,1
hace,1
fulls,1
child,1
vetting,1
interaction,1
businesses,1
aames,1
alone,1
centurylink,1
ltek,1
daddy,1
fnac,1
metz,1
videos,1
filet,1
verso,1
techno,1
logie,1
ional,1
conn,1
meister,1
cala,1
unity,1
police,1
technic,1
zeit,1
flub,1
staging,1
bumblebee,1
string,1
sakin,1
ghost,1
kano,1
especial,1
duplex,1
inverse,1
erda,1
rosen,1
nissan,1
ando,1
boots,1
cerulean,1
flops,1
argo,1
handcrafted,1
alder,1
ddbec,1
geforce,1
prat,1
machine,1
neal,1
incident,1
bonner,1
young,1
surface,1
picks,1
bran,1
imac,1
condition,1
everything,1
included,1
taiwan,1
olpe,1
revenue,1
memberships,1
verge,1
stat,1
succeed,1
simply,1
tops,1
eras,1
monte,1
tuesday,1
leys,1
feff,1
frontal,1
chanakya,1
redeem,1
arap,1
labs,1
forwarder,1
reviews,1
sutherland,1
riddance,1
loathed,1
taxes,1
killing,1
countdown,1
guth,1
keen,1
shot,1
investors,1
advertisement,1
coaching,1
currency,1
careers,1
callback,1
subs,1
supplies,1
ohno,1
personnel,1
neva,1
plaza,1
quam,1
chelsea,1
clinton,1
enquire,1
attacks,1
against,1
mother,1
goldman,1
president,1
solomon,1
become,1
monet,1
sold,1
painting,1
when,1
more,1
than,1
humans,1
wiping,1
species,1
plants,1
animals,1
warns,1
theresa,1
snaps,1
after,1
tory,1
backbencher,1
sneak,1
ding,1
poste,1
italian,1
consultancy,1
guri,1
ingres,1
topic,1
ordered,1
landing,1
traveller,1
hinds,1
ford,1
devices,1
haim,1
single,1
oscar,1
fidelity,1
assessor,1
star,1
mouth,1
straw,1
violet,1
false,1
colombe,1
dario,1
liber,1
livres,1
musique,1
couvre,1
scoped,1
milli,1
bash,1
confr,1
blocks,1
itch,1
hestia,1
subpage,1
seva,1
worker,1
papers,1
moderate,1
lookup,1
markets,1
priscilla,1
trends,1
puna,1
otto,1
currencies,1
studies,1
uniform,1
vote,1
gata,1
animated,1
tropic,1
unco,1
boxes,1
lend,1
imports,1
outsider,1
slovenia,1
ancestry,1
gast,1
dactyl,1
salaciousness,1
rummer,1
mailman,1
usac,1
resourcing,1
investigations,1
lutz,1
bala,1
records,1
gcie,1
rune,1
raze,1
coba,1
tomcat,1
chad,1
mayan,1
calgary,1
passwords,1
cisc,1
gesu,1
drew,1
ered,1
pleasure,1
iwao,1
louisville,1
fpus,1
teff,1
ansem,1
connor,1
movement,1
need,1
furniture,1
opec,1
rafik,1
akademia,1
landi,1
workshops,1
presentation,1
graphics,1
days,1
warsaw,1
contacts,1
seguros,1
jupp,1
kune,1
story,1
userc,1
camps,1
hara,1
chart,1
newb,1
peon,1
mvps,1
lnwr,1
pity,1
meri,1
belo,1
origine,1
regularize,1
coil,1
simd,1
luck,1
loin,1
klee,1
regi,1
strats,1
function,1
mile,1
royale,1
carpio,1
clark,1
album,1
applications,1
extract,1
swells,1
madd,1
smas,1
cast,1
encryption,1
claim,1
claims,1
obligate,1
aped,1
mutual,1
jardim,1
chapa,1
campinas,1
tronic,1
financial,1
bayview,1
hunters,1
visit,1
boty,1
phillip,1
scientific,1
overbite,1
hygiene,1
male,1
jada,1
ajac,1
wahb,1
kahn,1
oven,1
caen,1
lula,1
mohammad,1
tawa,1
tyra,1
specification,1
salva,1
clay,1
smut,1
disposables,1
pluto,1
amide,1
ilina,1
pyne,1
kartik,1
onee,1
circo,1
wetter,1
acadia,1
harm,1
ueda,1
nose,1
lagos,1
screenshots,1
sear,1
hash,1
eons,1
dinu,1
burj,1
floods,1
tyler,1
scott,1
nicu,1
buddy,1
shadowbox,1
barbour,1
regan,1
slim,1
accuser,1
reception,1
lana,1
gers,1
palm,1
north,1
wutw,1
ycie,1
bhai,1
leaf,1
arrival,1
delivered,1
hard,1
problems,1
diaphanous,1
ness,1
wpvg,1
natural,1
minix,1
yelp,1
dhok,1
gner,1
rnur,1
nuts,1
vamp,1
were,1
cingular,1
myfile,1
swig,1
enable,1
ebbed,1
gibbs,1
kiyo,1
blps,1
segs,1
tickets,1
parental,1
downloading,1
rolling,1
greens,1
offs,1
urfa,1
srem,1
noaa,1
prus,1
membre,1
onda,1
brat,1
basics,1
wander,1
hydrogen,1
binary,1
ched,1
topp,1
authorise,1
chiara,1
pretty,1
square,1
viel,1
dank,1
kata,1
managers,1
mich,1
chan,1
london,1
mandatory,1
extras,1
know,1
graph,1
classifieds,1
notifications,1
