index,15234
login,14283
html,14107
includes,7769
content,7019
admin,6618
images,5386
account,4443
sign,4096
drop,3991
secure,3495
file,3472
home,3414
update,3307
view,2955
plugins,2859
customer,2574
paypal,2546
files,2468
baba,2238
form,2182
themes,2173
mail,2089
online,2036
chase,1860
page,1840
aspx,1804
site,1772
drive,1713
google,1712
document,1702
verification,1635
personal,1623
data,1549
webs,1545
user,1422
center,1419
office,1360
bank,1296
info,1269
docs,1255
wells,1218
yahoo,1145
layouts,1138
uploads,1120
modules,1065
forms,1051
gate,1008
adobe,994
verify,986
media,981
auto,966
support,958
access,955
service,929
blog,922
components,910
webmail,894
email,874
confirm,864
main,854
mobile,853
excel,834
upload,829
image,824
system,822
security,813
https,781
fonts,776
frame,775
libraries,774
client,755
apps,752
templates,752
simple,746
bookmark,742
upgrade,722
fargo,701
time,672
default,665
validation,653
wordpress,650
china,649
cache,645
contact,645
information,637
well,618
help,607
free,606
twenty,601
logs,587
panel,580
payment,575
administrator,574
redirect,568
weblog,562
pages,552
assets,546
spot,537
recovery,532
aces,526
outlook,526
news,517
post,510
validate,510
mailbox,506
share,502
numb,492
check,491
language,488
known,486
america,477
profile,470
port,459
your,455
pomo,454
network,453
apple,452
made,449
feed,439
error,437
secured,437
domain,432
microsoft,425
manager,423
banking,422
download,422
pass,413
clog,403
words,392
read,392
santander,391
products,389
portal,387
step,385
server,378
transfer,377
public,375
http,374
token,372
config,367
identity,366
hotmail,364
voice,361
guest,349
module,347
cation,343
editor,337
telekom,336
tiny,336
test,334
liza,333
link,325
space,322
source,320
connect,318
order,315
linked,313
response,313
others,311
archive,309
jquery,308
postal,303
card,298
languages,297
fifteen,293
router,289
arch,289
tracking,288
control,287
facebook,287
review,280
host,279
true,279
trust,278
dispatch,274
message,273
documents,272
theme,269
down,266
open,265
colors,265
comp,264
stream,264
smilies,261
search,257
pots,257
business,256
ment,251
gmail,247
loader,247
global,245
sites,245
promo,244
student,244
shared,243
point,241
template,239
click,236
assure,236
express,236
zone,236
banco,234
billing,233
redir,233
views,233
skin,233
final,231
segura,230
vendor,228
temp,225
clients,223
folder,222
netflix,221
confirmation,221
details,219
accounts,219
ebay,218
include,218
success,217
text,217
viewer,215
live,215
match,215
product,213
scripts,211
install,210
welcome,210
store,209
direct,208
base,206
proposal,204
script,204
amel,203
smart,201
trans,201
code,201
storage,200
redirection,199
work,198
line,197
project,196
setup,196
forum,195
loading,195
vali,195
session,193
fact,192
surf,191
crop,188
slider,188
research,188
widget,187
users,187
chin,185
gallery,185
processing,183
manage,183
shop,181
device,180
menu,180
style,180
best,177
fresh,177
juri,177
sion,176
blue,175
west,175
questions,174
item,174
amex,172
name,172
mainpage,171
ciar,166
astro,166
general,166
feeder,166
girl,164
track,163
chek,163
pain,162
banners,162
answer,162
credit,160
dados,159
member,159
library,159
gucci,159
person,158
fucked,158
calendar,157
casts,157
centre,155
requests,154
prod,154
delta,152
ones,152
services,151
bill,151
common,150
cameo,150
settings,150
english,149
bins,149
valid,148
protege,147
resolution,147
elle,147
stat,146
updates,145
authentication,144
classes,144
ident,143
unblock,143
dead,143
team,143
good,141
catalog,140
challenge,140
finder,140
editors,139
lang,139
guro,138
customize,138
plus,137
trade,137
copy,137
errors,137
first,136
photo,136
real,136
input,136
fedex,134
board,134
amazon,133
standard,133
linux,132
capital,132
flash,131
resources,131
downloads,131
submit,130
screen,129
full,129
desktop,129
survey,127
renewal,127
cart,126
safe,125
other,125
core,124
manual,124
date,123
done,122
aced,121
list,121
custom,120
video,120
apache,119
tech,118
models,118
icons,118
hsbc,118
certificates,117
tion,117
edit,116
preview,116
pessoa,116
forums,115
sica,115
application,115
colombia,114
count,114
sucks,114
curs,113
font,113
conf,112
activity,112
novo,111
viewtopic,111
master,110
eeee,110
verified,110
shell,110
abbe,110
mailer,110
handler,110
xhtml,110
note,109
crypt,109
about,109
protected,109
banner,109
password,108
senior,108
vodafone,108
anti,107
verf,107
acad,107
category,106
model,106
acme,105
skins,105
demo,104
brad,104
inter,104
modulo,104
laban,103
bourse,103
enterprise,103
offer,103
badd,102
reset,102
action,102
backup,102
addons,101
stats,101
current,101
could,101
frontend,100
part,100
year,99
phone,99
load,99
nden,99
tools,99
unit,99
faed,99
replace,99
process,98
mage,97
validator,97
super,97
libra,97
meld,97
ries,96
ipad,96
digital,95
ajax,95
feeds,95
directing,94
internet,94
show,94
mira,94
eedc,93
firm,93
safety,93
quotation,93
world,93
cade,92
feba,92
back,92
latest,92
draft,92
static,92
gator,92
class,91
summary,91
reader,91
legacy,91
stripe,91
meet,91
logo,90
deutschland,90
area,89
edda,89
controller,88
storefront,88
ccea,87
investment,87
next,85
alert,85
important,85
chamad,85
away,84
societe,84
portfolio,84
fffd,83
micro,82
faff,82
retailer,82
royal,81
serve,81
people,81
invest,81
clear,81
request,80
transport,80
send,80
desk,80
version,80
itunes,80
canada,80
pictures,80
babe,80
misc,79
cafe,79
light,79
counter,79
gold,79
activate,78
case,78
aged,78
cbbc,78
start,78
stories,78
requested,77
sing,77
plugin,77
present,77
what,77
quick,76
life,76
ccff,76
acca,76
article,76
dada,75
abba,75
face,75
soft,75
engine,75
caca,74
diff,74
embed,74
activation,74
assurance,74
imagen,73
banks,73
dashboard,73
group,73
from,73
tier,72
limited,72
register,72
connex,72
wealth,72
money,72
decode,72
gmbh,72
cefa,71
land,71
dade,71
refund,71
easy,71
estate,71
fred,71
legal,70
android,70
informations,70
ceeb,70
dafa,70
lier,70
ques,69
camera,69
database,69
ivar,69
gateway,69
policy,69
foto,69
local,68
popup,68
xxxx,68
employee,68
banca,67
exception,67
windows,67
snapshots,67
tree,67
encrypted,67
posts,67
bret,67
mode,67
play,67
rules,67
ibrahim,67
telecom,66
comcast,66
decade,66
starts,66
leon,66
private,66
sample,65
fill,65
american,65
ffdb,65
total,65
azione,65
cole,65
hero,65
flags,65
notes,64
with,64
ffbf,64
taff,64
player,64
delivery,64
active,64
last,64
mega,64
seller,64
central,64
tura,64
ffdf,63
chat,63
cloud,63
block,63
finance,63
zion,63
word,63
pros,63
iphone,62
cacao,62
fefe,62
cert,62
couvre,62
suhr,62
cont,62
often,62
bone,62
mister,62
links,61
management,61
aaaa,61
citi,61
thumbs,61
fixed,61
beef,61
random,61
photos,61
vida,61
country,61
conceal,61
earnest,61
sprawl,61
fearful,61
complete,60
bbbb,60
notification,60
carr,60
hosting,60
delio,60
thumb,60
recover,60
domains,60
mike,60
safeguard,60
bdda,59
design,59
samsung,59
lite,59
finish,59
ecce,59
styles,59
crystal,59
game,59
package,59
property,59
avas,59
cures,59
have,59
agri,59
updated,58
authenticate,58
element,58
rest,58
type,58
topic,58
filter,58
jpmorgan,58
deaf,58
create,57
resolve,57
checker,57
daum,56
captcha,56
today,56
enter,56
redi,56
mobs,56
status,56
book,56
kismet,56
thankyou,56
color,56
bootstrap,56
groups,56
ecac,55
report,55
round,55
cube,55
contents,55
grace,55
declaration,55
golden,55
fourteen,54
feff,54
premios,54
cece,54
aafc,54
moves,54
cute,54
duke,54
messages,53
visa,53
star,53
java,53
hello,53
deed,52
dede,52
util,52
cyber,52
advanced,52
ffcc,52
favicon,52
charter,52
astra,52
wire,52
mine,52
damp,52
rare,52
identification,52
mailto,52
really,52
select,52
rover,51
notebook,51
wrong,51
eisen,51
cccc,51
root,51
sixteen,51
love,51
investor,51
diamond,51
intel,50
thirteen,50
mach,50
desc,50
cede,50
event,50
baad,50
spreadsheet,50
house,50
twelve,50
notice,50
jetpack,50
bonne,50
provider,50
speed,50
website,49
articles,49
onenote,49
sgen,49
json,49
cffd,49
smartphone,49
protect,49
official,49
make,49
locale,49
ming,49
satu,49
ration,49
treasure,49
calamba,49
mystery,49
hdmi,48
oauth,48
ffff,48
brand,48
find,48
square,48
icon,48
sent,48
adad,48
footer,48
times,48
national,47
clean,47
worldwide,47
press,47
positiv,47
resume,47
export,47
jscript,47
utils,47
kate,47
gary,47
sheet,47
genesis,47
suspicious,47
clever,47
aruba,46
shield,46
aiff,46
detail,46
none,46
high,46
button,46
grip,46
profiles,46
studio,46
history,46
bbff,46
homepage,46
lump,46
save,45
bing,45
dddd,45
sales,45
panh,45
videos,45
purchase,45
shipping,45
projects,45
maps,45
slim,45
john,45
signature,45
uploaded,45
edited,45
enquiry,45
green,45
papa,45
outside,45
rapid,45
aloud,45
unique,44
mobil,44
notify,44
restore,44
able,44
mini,44
formula,44
sale,44
dual,44
emails,44
milano,44
generic,44
import,44
builder,44
fotos,44
supp,44
cure,44
gogh,44
morning,44
number,43
authorization,43
brown,43
orange,43
fbec,43
marko,43
checkpoint,43
navy,43
nnnn,43
france,43
keys,43
chrome,42
regis,42
thanks,42
members,42
power,42
reply,42
caff,42
plan,42
giveaway,42
poll,42
question,41
measure,41
deactivation,41
items,41
black,41
pontos,41
funds,41
categories,41
readme,41
aliz,41
driver,41
regional,41
less,41
loan,41
healthcare,41
newsletter,41
incorrect,41
zonal,41
depot,41
dist,40
checkout,40
seventeen,40
special,40
nmit,40
colon,40
city,40
release,40
forward,40
path,40
jpeg,40
this,40
picture,40
side,40
slides,40
mama,40
bazar,40
coupons,40
fire,39
dire,39
ease,39
prime,39
software,39
arrival,39
nino,39
spectrum,39
cone,39
ation,39
flow,39
directory,39
attached,39
sass,39
generator,39
grew,39
balance,38
desjardins,38
care,38
fade,38
statement,38
western,38
packages,38
asset,38
confidential,38
cookie,37
then,37
fffa,37
bfff,37
mails,37
simply,37
rich,37
front,37
controllers,37
cards,37
juno,37
hash,37
lambert,37
display,37
tool,37
some,37
carta,37
drives,37
header,37
translations,37
ovid,37
chip,37
bless,37
hamster,37
lock,36
spec,36
authorize,36
privacy,36
untitled,36
insta,36
travel,36
landing,36
retail,36
proforma,36
hathor,36
cast,36
mart,36
comuni,36
party,36
michael,36
pear,36
classic,36
dfff,36
ffba,36
functions,36
helps,36
boss,36
secures,36
weblinks,36
yeah,36
portfolios,36
gale,35
piled,35
dirk,35
homes,35
state,35
habbo,35
priv,35
task,35
webpage,35
profit,35
atomic,35
banana,35
ddaa,35
slide,35
extension,35
neues,35
verzeichnis,35
vital,35
ambient,34
edef,34
suite,34
deir,34
godaddy,34
chile,34
shtml,34
exec,34
gram,34
tags,34
academy,34
claim,34
partners,34
feedback,34
maximization,34
ebbe,34
motherfucker,34
role,34
fide,34
direction,34
every,34
haag,34
kami,34
extend,34
ider,34
turbo,34
popular,33
urgent,33
silver,33
bras,33
parry,33
coms,33
cici,33
suran,33
dating,33
limit,33
advice,33
trading,33
market,33
mark,33
byte,33
pack,33
santos,33
mess,33
quote,33
lloyds,32
gela,32
string,32
resource,32
passport,32
more,32
location,32
installer,32
karan,32
labor,32
gavar,32
food,32
brasil,32
bitcoin,32
breadcrumbs,32
bread,32
nationwide,32
samples,32
cons,32
inquiry,32
santa,32
scientists,32
mani,32
lord,32
rename,32
perso,32
bright,32
permission,32
validating,31
gratis,31
overrides,31
george,31
acrobat,31
coffee,31
pretty,31
dose,31
self,31
parse,31
aire,31
amelia,31
cancel,31
suspended,31
awesome,31
advertising,31
travelled,31
vessels,31
almost,31
kilometres,31
chang,31
nearby,31
instructions,31
champion,31
fifa,31
gift,30
saves,30
identify,30
fields,30
killer,30
basic,30
construction,30
niche,30
sync,30
while,30
protection,30
events,30
monitor,30
bremer,30
pdfs,30
ferguson,30
costume,30
human,30
wrapper,30
mise,30
kola,30
powerful,30
crawl,30
small,29
adff,29
goods,29
fatu,29
premium,29
title,29
company,29
shopping,29
funding,29
parts,29
table,29
xiao,29
east,29
write,29
talking,29
como,29
ping,29
rate,29
javascript,29
mambo,29
sunrise,29
union,29
moto,29
warning,29
ting,29
daemon,29
fran,29
platform,29
external,29
boards,29
sirius,29
nameless,29
structure,29
sport,28
dossier,28
decaf,28
engl,28
successful,28
toda,28
beta,28
watch,28
commerce,28
attempt,28
buttons,28
comment,28
course,28
kune,28
installation,28
album,28
financial,28
porte,28
pira,28
snow,28
jotham,28
cash,28
build,28
tests,28
social,28
using,28
confirmations,28
bobs,28
ance,28
there,28
suey,28
maho,28
return,27
electro,27
bluetooth,27
regions,27
cached,27
tele,27
assume,27
need,27
poli,27
appa,27
disp,27
cedi,27
closed,27
burns,27
matt,27
abcde,27
coma,27
xtra,27
objects,27
interac,27
unblocking,27
kind,27
sicherheit,27
comments,27
logos,27
sketch,27
handle,27
nato,27
pool,27
music,27
hotel,27
circular,27
beefed,27
fancy,27
airdrop,27
dora,26
framework,26
school,26
meta,26
loop,26
tested,26
print,26
extra,26
updater,26
hope,26
forme,26
here,26
sure,26
protocol,26
double,26
malik,26
homo,26
updating,26
mirror,26
mass,26
bead,26
para,26
trix,26
fiche,26
ogle,26
attach,26
epic,26
candida,26
piran,26
giving,26
fera,25
rack,25
look,25
quota,25
than,25
logi,25
hoffman,25
swiss,25
follow,25
attachment,25
carding,25
prof,25
wait,25
sail,25
supplier,25
origin,25
terms,25
ready,25
sell,25
properties,25
multi,25
pony,25
result,25
king,25
reports,25
cations,25
options,25
thomas,24
chen,24
vers,24
documentation,24
agent,24
bade,24
partner,24
scam,24
contacts,24
screenshots,24
gabe,24
czarina,24
cabal,24
primary,24
yann,24
twitter,24
demand,24
referrer,24
dragon,24
moon,24
writer,24
putty,24
letter,24
hook,24
advance,24
actual,24
slideshow,24
sports,24
shock,24
boto,24
sani,24
vici,23
french,23
paul,23
continua,23
unlock,23
ticket,23
started,23
ffef,23
poste,23
solutions,23
pendent,23
staff,23
rupal,23
node,23
milky,23
matthew,23
eagle,23
corp,23
issues,23
license,23
approval,23
mein,23
deutsche,23
morgan,23
launch,23
emirate,23
merchant,23
modifier,23
nice,23
rogers,23
solar,23
mastercard,23
cull,23
break,23
ganga,23
ilka,23
nurse,23
joice,23
long,22
ultra,22
call,22
sidebars,22
coin,22
hakam,22
frost,22
street,22
nineteen,22
most,22
example,22
acre,22
kart,22
electric,22
gene,22
dale,22
original,22
bell,22
camp,22
thick,22
prop,22
lung,22
movie,22
insurance,22
dope,22
blackboard,22
brig,22
attachments,22
chemistry,22
plans,22
rush,22
repair,22
smiles,22
insert,22
mysql,22
setting,22
sharing,22
size,22
come,22
helpers,22
layer,22
postmaster,22
mercy,22
normal,22
stra,22
nova,21
virtual,21
codes,21
ribas,21
aute,21
acted,21
youtube,21
confr,21
vote,21
jobs,21
baade,21
edits,21
layout,21
render,21
friends,21
retina,21
boot,21
accounting,21
major,21
allegro,21
sources,21
works,21
steam,21
object,21
privat,21
chinese,21
cool,21
hmmm,21
helper,21
improvement,21
context,21
chama,21
bundle,21
tracker,21
suspected,21
entry,21
filefolder,21
fota,21
caches,21
chas,20
indent,20
fdfdfd,20
jaya,20
stan,20
staging,20
lava,20
water,20
anna,20
proc,20
decca,20
gast,20
mann,20
jaku,20
bonbon,20
phishing,20
ferenc,20
chall,20
lanc,20
nick,20
park,20
focus,20
registration,20
curit,20
regroup,20
linn,20
dept,20
jett,20
citing,20
emirates,20
laming,20
wigs,20
contract,20
omer,20
corre,20
gica,20
town,20
motorola,20
season,20
miner,20
also,20
disk,20
xion,20
virtue,20
thai,20
metro,20
stane,20
austin,20
mips,20
cong,20
licensee,20
inline,19
punto,19
ababa,19
tune,19
machine,19
saas,19
mime,19
ever,19
chse,19
function,19
visit,19
stone,19
ship,19
fert,19
technology,19
take,19
opera,19
temple,19
deal,19
tokens,19
basket,19
sparkasse,19
short,19
smile,19
dati,19
albert,19
field,19
under,19
booking,19
phones,19
wall,19
bard,19
budget,19
tica,19
aero,19
club,19
memo,19
ours,19
usfl,19
executables,19
droop,19
clicks,19
pace,19
elements,19
convention,19
italia,19
plat,18
query,18
engines,18
bookmarks,18
door,18
investments,18
child,18
audio,18
will,18
tabs,18
galaxy,18
savi,18
confirmed,18
pond,18
archives,18
smarty,18
voce,18
blocked,18
composer,18
earth,18
room,18
towns,18
address,18
daly,18
fetch,18
ocean,18
configuration,18
adobes,18
presentations,18
pixel,18
brain,18
bole,18
widescreen,18
isar,18
licence,18
refresh,18
toolbar,18
over,18
ling,18
divi,18
happy,18
proxy,18
head,18
loud,18
mingle,18
monc,18
spam,18
reid,18
gade,18
carousel,18
branch,18
maintenance,18
spiritual,18
even,18
zubs,18
ohana,18
preto,17
option,17
alerts,17
niki,17
sistema,17
nuevo,17
console,17
stor,17
securely,17
reviews,17
guardia,17
white,17
payments,17
imports,17
shard,17
rafik,17
haus,17
floor,17
wear,17
grid,17
ebox,17
angel,17
consulting,17
june,17
continue,17
paving,17
mission,17
codex,17
dupl,17
encrypt,17
quarantine,17
instal,17
bridge,17
learn,17
jeff,17
transaction,17
health,17
seven,17
fuel,17
invitation,17
redon,17
baaed,17
united,17
caps,17
sound,17
ffffe,17
examples,17
selectors,17
finaly,17
lola,17
barclays,17
lone,17
hottie,17
obscure,17
useful,17
gruppe,17
volks,17
enne,17
kenn,17
docg,17
mater,17
germany,17
spark,17
loads,17
filed,17
sine,17
kala,17
medias,17
tlds,17
cort,17
maggiore,17
duma,17
checking,16
dell,16
cookies,16
sett,16
give,16
plata,16
invalid,16
freedom,16
fast,16
mmorpg,16
chases,16
overview,16
friend,16
large,16
maha,16
expired,16
osme,16
joshua,16
edward,16
serva,16
parc,16
hard,16
aure,16
rami,16
russo,16
hannah,16
iseo,16
walker,16
fiesta,16
connection,16
dour,16
ultimate,16
gres,16
dbfff,16
situ,16
kong,16
proceed,16
many,16
sylvia,16
tuck,16
coast,16
browser,16
libre,16
rien,16
methodist,16
film,16
koko,16
games,16
modern,16
otrs,16
cours,16
chris,16
astros,16
archived,16
fronts,16
initial,16
shaw,16
exchange,16
progress,16
quad,16
bonus,16
operaci,16
remote,16
energy,16
equipment,16
posh,16
adde,16
solo,16
darren,16
frank,16
reise,16
critic,16
fata,16
fled,16
gato,16
perhaps,16
drivel,16
movia,15
finished,15
wide,15
haze,15
exchanger,15
saved,15
rence,15
waka,15
titan,15
converter,15
once,15
fuse,15
lend,15
tell,15
ring,15
veil,15
korea,15
gent,15
nach,15
stop,15
cheap,15
ariv,15
mercator,15
analytics,15
tube,15
charge,15
paris,15
snapshot,15
smith,15
journal,15
lighting,15
backend,15
tyre,15
regular,15
nest,15
edition,15
racc,15
generate,15
apply,15
abbey,15
value,15
bills,15
patio,15
corrente,15
cadd,15
edge,15
lead,15
commedia,15
funk,15
rose,15
cielo,15
solution,15
parcel,15
vehicle,15
perfect,15
conflict,15
movies,15
venda,15
bile,15
patch,15
housing,15
htaccess,15
stand,15
christian,15
fashion,15
dieren,15
richard,15
pinky,15
walking,15
sever,15
leia,15
ende,15
cuta,15
vila,15
reference,15
tangerine,15
flex,15
rica,15
yahata,15
cham,15
salt,15
churchyard,15
pair,15
extended,15
plot,14
magic,14
retrieve,14
cree,14
faded,14
scotiabank,14
bede,14
charity,14
mall,14
unknown,14
night,14
sort,14
marketplace,14
ware,14
ingres,14
hosts,14
listing,14
actualit,14
orders,14
shipment,14
cubs,14
chance,14
oven,14
north,14
naya,14
somerset,14
fund,14
crow,14
trip,14
lich,14
training,14
norton,14
wallet,14
lute,14
entr,14
poker,14
logic,14
wind,14
program,14
registro,14
college,14
redd,14
tips,14
soon,14
mood,14
daily,14
webmaster,14
notifications,14
chain,14
grant,14
steinbeck,14
discover,14
deposit,14
moda,14
personnal,14
ions,14
webb,14
mind,14
adapter,14
wove,14
indo,14
initiate,14
dith,14
reason,14
paper,14
zaza,14
pussy,14
stock,14
serviced,14
startpage,14
euro,14
connections,14
aqua,14
loner,14
shed,14
processed,14
guia,14
aggies,14
naja,14
servers,14
dialogue,14
pasteur,14
genk,14
sweet,14
meds,14
cape,14
popups,14
mick,14
bram,13
exit,13
bene,13
dacca,13
checks,13
extracted,13
cell,13
police,13
dash,13
monday,13
eras,13
shot,13
hood,13
single,13
scenes,13
nismo,13
children,13
mala,13
edam,13
extract,13
that,13
song,13
formation,13
fung,13
magazine,13
arab,13
hunter,13
pasi,13
malai,13
brandon,13
isms,13
luna,13
science,13
thumbnails,13
listings,13
adsl,13
conte,13
decline,13
invite,13
working,13
rank,13
lado,13
dfffff,13
tank,13
hora,13
fafad,13
stores,13
deeba,13
craft,13
biel,13
dine,13
singin,13
component,13
swift,13
toes,13
izzy,13
staple,13
kiwi,13
uploader,13
boko,13
five,13
prototype,13
bons,13
todays,13
femme,13
zealand,13
promotion,13
mill,13
consignment,13
nexo,13
aldo,13
anywhere,13
aria,13
cest,13
jena,13
catalogue,13
akio,13
azad,13
ichi,13
dish,13
steelworks,13
plugs,12
logging,12
poly,12
char,12
ruth,12
taxes,12
countdown,12
nike,12
poster,12
blocks,12
bravo,12
story,12
wojty,12
harm,12
ohne,12
horizon,12
terra,12
dumbarton,12
rodeo,12
messenger,12
verizon,12
iiii,12
kids,12
fawcett,12
anja,12
consult,12
cheng,12
grade,12
admins,12
tsen,12
bend,12
just,12
stirling,12
guzzle,12
dips,12
clothing,12
rent,12
presto,12
extras,12
section,12
rios,12
know,12
scanned,12
factor,12
shadow,12
hawaii,12
bang,12
browse,12
kelly,12
usage,12
customers,12
tempor,12
found,12
baka,12
realty,12
pagers,12
route,12
maker,12
intra,12
azul,12
admirals,12
guard,12
wert,12
cent,12
proto,12
intranet,12
confirms,12
kantor,12
revery,12
ffcba,12
manifests,12
ribe,12
detour,12
shares,12
authentic,12
vous,12
charles,12
xcel,12
responsive,12
phase,12
dream,12
installs,12
stic,12
jump,12
installers,12
change,12
ivers,12
three,12
null,12
sixes,12
coding,12
administrative,12
stuff,12
caption,12
vast,12
federal,12
suit,12
sitio,12
label,12
sean,12
folio,12
enso,12
rlogin,12
mount,12
tutt,12
capo,12
animal,12
lightly,12
outlet,12
unicode,12
emma,11
umps,11
dark,11
gaga,11
marketing,11
format,11
smooth,11
been,11
ando,11
artist,11
prat,11
estado,11
tuesday,11
boom,11
affiliate,11
vyso,11
coba,11
telef,11
zilla,11
dong,11
leaf,11
knowledge,11
dallas,11
talk,11
station,11
rule,11
alta,11
endpoints,11
brochure,11
iona,11
nica,11
anne,11
serj,11
alka,11
enrol,11
karo,11
mono,11
adder,11
fine,11
medical,11
enrollment,11
pron,11
fond,11
stub,11
liker,11
europa,11
mule,11
williams,11
marriage,11
mango,11
weekly,11
wsdl,11
joss,11
identifier,11
steps,11
sections,11
tutto,11
dans,11
roni,11
porta,11
choose,11
inverter,11
remittance,11
responses,11
fiction,11
receipt,11
realm,11
steve,11
abuse,11
vice,11
touch,11
appointment,11
roll,11
beebe,11
zero,11
dust,11
designs,11
davis,11
seen,11
surveys,11
tent,11
cross,11
resize,11
topics,11
europe,11
silent,11
folders,11
chav,11
eaten,11
dili,11
strong,11
kert,11
sandbox,11
dispute,11
raid,11
resta,11
ground,11
flog,11
couv,11
appr,11
vijay,11
strat,11
farm,11
nueva,11
scar,11
tony,11
idea,11
clouds,11
austria,11
pawpaw,11
gove,11
rect,11
material,11
future,11
licensing,11
seri,11
wedding,11
assis,11
zeus,11
mali,11
suisse,11
streams,11
perl,11
norwegian,11
ieee,11
artificial,10
iron,10
glas,10
maga,10
scout,10
ghost,10
duplex,10
nord,10
frog,10
bilan,10
coaching,10
commons,10
against,10
david,10
million,10
risk,10
after,10
clue,10
otto,10
gata,10
detect,10
references,10
agencia,10
grad,10
nash,10
buddy,10
spirit,10
statistics,10
statements,10
ymca,10
winter,10
shan,10
catalogues,10
were,10
move,10
queens,10
sunday,10
lewis,10
body,10
century,10
verb,10
bitter,10
sank,10
nope,10
pays,10
eleven,10
cuny,10
groupe,10
godfrey,10
carl,10
target,10
wien,10
drip,10
blocking,10
teng,10
coded,10
crypts,10
datos,10
like,10
problem,10
career,10
trent,10
bruce,10
hotels,10
params,10
ellin,10
payday,10
cara,10
candy,10
bricks,10
revolt,10
debit,10
destination,10
wels,10
zoom,10
mont,10
mask,10
renew,10
split,10
suncoast,10
confer,10
fille,10
nabi,10
lita,10
wave,10
mint,10
fake,10
rash,10
boxe,10
peru,10
slip,10
tall,10
porn,10
minecraft,10
tour,10
utility,10
garo,10
rainbow,10
farms,10
nail,10
systems,10
reality,10
stain,10
yacht,10
clude,10
oncology,10
window,10
cured,10
richie,10
meme,10
maxi,10
resp,10
blessed,10
headers,10
fusion,10
middle,10
lolo,10
outlooks,10
certificate,10
hell,10
calender,10
orci,10
rauch,10
baby,10
socs,10
erde,10
universi,10
tapert,10
provident,10
russia,10
pounds,10
agency,10
communities,10
driving,10
sant,10
aaddff,9
pink,9
binn,9
pape,9
scotia,9
thera,9
gana,9
zona,9
remo,9
lice,9
owyn,9
young,9
cobra,9
kuti,9
hind,9
skol,9
darn,9
sshs,9
whet,9
graphics,9
sodium,9
clark,9
vada,9
claims,9
ender,9
connie,9
tyler,9
scott,9
spry,9
theatre,9
haven,9
jade,9
fate,9
chanel,9
cola,9
kata,9
clone,9
mich,9
lili,9
eric,9
kroq,9
manuals,9
mondial,9
caid,9
chef,9
deco,9
james,9
lines,9
canvas,9
recep,9
native,9
orca,9
implement,9
apse,9
bind,9
wote,9
rama,9
vier,9
infomation,9
mnet,9
macros,9
rite,9
carlos,9
moji,9
andy,9
recruitment,9
york,9
unsubscribe,9
directs,9
living,9
graph,9
series,9
roofing,9
legend,9
modes,9
maze,9
didi,9
pattern,9
ology,9
esso,9
corey,9
chatter,9
yael,9
corporate,9
secret,9
sierra,9
ectoplasm,9
redo,9
consumer,9
walmart,9
disabled,9
very,9
publish,9
speedy,9
principal,9
signed,9
received,9
azzi,9
smtp,9
hide,9
cond,9
argan,9
suffusion,9
bask,9
coming,9
goto,9
departement,9
hermes,9
ture,9
vision,9
range,9
yyyy,9
magnetic,9
better,9
right,9
second,9
peace,9
smiling,9
rita,9
assistance,9
mailing,9
mere,9
alba,9
fans,9
plug,9
tron,9
printable,9
skype,9
band,9
drivers,9
jour,9
foundation,9
dump,9
them,9
method,9
passage,9
south,9
rise,9
disclosures,9
vibe,9
lunch,9
burt,9
denar,9
finale,9
cover,9
laura,9
niza,9
ball,9
bail,9
legit,9
rung,9
fruit,9
campus,9
grupo,9
autumn,9
community,9
thur,9
indiana,9
moca,9
taxpayer,9
wang,9
dealer,9
sabotage,9
wolfs,9
inge,9
wheels,9
daniel,9
foxx,9
victor,9
tfmpp,9
levu,9
restored,9
backgrounds,9
vlad,8
anse,8
womens,8
alex,8
reminder,8
initials,8
stark,8
mathew,8
bottom,8
loge,8
conn,8
ffdab,8
ddbec,8
geforce,8
olpe,8
junior,8
revenue,8
fighter,8
millennium,8
nste,8
clinton,8
attacks,8
sold,8
italian,8
guri,8
sheriff,8
bounty,8
boxes,8
bala,8
passwords,8
pinta,8
roter,8
robot,8
suites,8
fils,8
knol,8
lula,8
columbia,8
derek,8
gprs,8
ness,8
lsch,8
corona,8
tter,8
adas,8
citri,8
wander,8
bolton,8
managers,8
london,8
hidden,8
webpages,8
backups,8
politika,8
louis,8
cabri,8
victory,8
achieve,8
undone,8
friday,8
karn,8
kane,8
tarp,8
iida,8
cars,8
lynne,8
barron,8
julie,8
henry,8
ross,8
ether,8
katie,8
higgins,8
amalia,8
prepaid,8
harrison,8
hoku,8
gpss,8
incel,8
koro,8
paramount,8
indonesia,8
pavo,8
ecsc,8
bien,8
ebenezer,8
rond,8
flooring,8
curd,8
processor,8
mclain,8
daia,8
janet,8
riba,8
hyde,8
harlow,8
glass,8
summer,8
seclude,8
telugu,8
essen,8
dina,8
ctrl,8
donation,8
beverley,8
latham,8
similar,8
luise,8
bennett,8
bowman,8
crumb,8
jbod,8
canals,8
ilia,8
upgrades,8
queen,8
span,8
terse,8
poln,8
retz,8
european,8
delighting,8
boat,8
ilya,8
johnson,8
japan,8
fisa,8
heidi,8
mccartney,8
heart,8
glory,8
grey,8
department,8
harsh,8
organ,8
coli,8
wallpaper,8
changer,8
wise,8
allow,8
bullet,8
cunt,8
bots,8
late,8
lude,8
oder,8
revert,8
fold,8
author,8
guide,8
aloe,8
region,8
payee,8
race,8
road,8
colorbox,8
dung,8
cost,8
tours,8
realtor,8
term,8
aaaaaa,8
sala,8
australia,8
ceded,8
firefox,8
mitte,8
wale,8
botton,8
madrid,8
lari,8
grab,8
setups,8
baix,8
rain,8
nuovo,8
hall,8
remove,8
stem,8
racion,8
tesco,8
arts,8
rust,8
optus,8
lala,8
xlsx,8
ddfff,8
atlas,8
trang,8
ghana,8
atty,8
administration,8
berti,8
summa,8
alien,8
thread,8
kongo,8
boston,8
semi,8
lore,8
telstra,8
owen,8
bark,8
miracle,8
goodluck,8
juku,8
great,8
drake,8
guff,8
kool,8
locked,8
nass,8
animation,8
association,8
orang,8
prefix,8
moos,8
shine,8
stanley,8
limp,8
bren,8
shirt,8
holy,8
seco,8
firebug,8
lover,8
moria,8
tables,8
retro,8
syst,8
illustration,8
forza,8
mojo,8
pons,8
riser,8
livorno,8
wallpapers,8
kindle,8
feel,8
turk,8
coupon,8
loma,8
sans,8
ents,8
amber,8
centurylink,7
psycho,7
scanner,7
midnight,7
unity,7
oconto,7
salam,7
tien,7
labs,7
investors,7
plaza,7
mother,7
president,7
when,7
alfa,7
fidelity,7
liber,7
xmas,7
trends,7
yuan,7
drew,7
movement,7
opec,7
family,7
seguros,7
neot,7
luck,7
luca,7
jada,7
caen,7
eons,7
willamette,7
dddddd,7
ning,7
gner,7
blps,7
hydrogen,7
binary,7
lane,7
naver,7
conference,7
persist,7
pont,7
gera,7
muay,7
vall,7
collins,7
supports,7
diesel,7
chem,7
salem,7
hamm,7
stewart,7
inou,7
contest,7
nguy,7
lasso,7
suke,7
thro,7
oregon,7
another,7
trace,7
forest,7
points,7
mobiles,7
insecure,7
precious,7
adamson,7
smoke,7
masonry,7
learner,7
programme,7
waste,7
nuns,7
boil,7
lats,7
monroe,7
brazos,7
guardianship,7
dmbs,7
credits,7
dont,7
riel,7
urie,7
harrell,7
journey,7
cups,7
demographics,7
ants,7
jennifer,7
vite,7
stockholms,7
universit,7
assignments,7
banker,7
expression,7
mitchell,7
procedure,7
antiques,7
respiratory,7
suspend,7
programm,7
frio,7
zhou,7
haber,7
jill,7
ving,7
selection,7
guin,7
qwerty,7
addy,7
wysiwyg,7
yone,7
results,7
ager,7
spool,7
qualcomm,7
snapdragon,7
represent,7
pago,7
beast,7
kill,7
tweet,7
faebd,7
prva,7
spiel,7
bike,7
thru,7
uasd,7
fool,7
conti,7
kote,7
only,7
august,7
protects,7
goon,7
quotes,7
abella,7
roma,7
closing,7
annie,7
inside,7
defaults,7
april,7
courses,7
abaca,7
left,7
elite,7
mins,7
created,7
catch,7
porno,7
radio,7
stage,7
golf,7
arte,7
statistic,7
virus,7
bilder,7
galerie,7
centro,7
soul,7
limitation,7
column,7
slap,7
lehigh,7
bobo,7
tito,7
iibc,7
sensor,7
profiler,7
assur,7
invests,7
sadd,7
dates,7
attention,7
projectors,7
linker,7
coach,7
wichita,7
fins,7
allied,7
sept,7
international,7
polo,7
idun,7
cheque,7
urey,7
phat,7
bliss,7
innovator,7
faux,7
executive,7
facts,7
bona,7
development,7
niro,7
based,7
graf,7
momo,7
production,7
nicholls,7
virgin,7
loki,7
navi,7
possible,7
rock,7
niet,7
into,7
contador,7
university,7
fermat,7
spring,7
chest,7
rats,7
stefano,7
rehe,7
corpora,7
gifts,7
pedia,7
contrast,7
hincha,7
pall,7
crown,7
singapore,7
okay,7
liberty,7
loss,7
blast,7
receptionist,7
tente,7
torino,7
kopp,7
sudo,7
keywords,7
typo,7
prince,7
wolf,7
army,7
steal,7
africa,7
flickr,7
invoices,7
hand,7
reso,7
lede,7
baal,7
habib,7
musk,7
comb,7
finch,7
maks,7
kada,6
inner,6
kaplan,6
sibi,6
fulls,6
techno,6
fairway,6
capt,6
inverse,6
develop,6
taiwan,6
horia,6
succeed,6
ansu,6
enroll,6
currency,6
careers,6
subs,6
personnel,6
chelsea,6
calls,6
enquire,6
monet,6
tory,6
cabos,6
haim,6
oscar,6
false,6
livres,6
worker,6
papers,6
lookup,6
markets,6
currencies,6
mailman,6
deng,6
qian,6
chad,6
regularize,6
mile,6
mutual,6
tronic,6
boty,6
sico,6
regan,6
lana,6
problems,6
issued,6
etti,6
dank,6
much,6
chan,6
threat,6
motif,6
soap,6
close,6
toni,6
dien,6
changes,6
civic,6
lesson,6
miles,6
vantage,6
polk,6
minh,6
bella,6
ober,6
solid,6
jogi,6
tics,6
vied,6
rome,6
fria,6
kawi,6
fila,6
duplicator,6
folk,6
patrick,6
xmpp,6
cord,6
moro,6
euan,6
harmony,6
output,6
adores,6
teru,6
siam,6
calc,6
tutorial,6
institute,6
keep,6
connectors,6
coste,6
sending,6
billionaire,6
buss,6
reds,6
associates,6
chartered,6
sets,6
supported,6
prog,6
interactive,6
shells,6
aware,6
miranda,6
orgy,6
trou,6
bert,6
tatiana,6
mlia,6
terry,6
engineers,6
oost,6
lenders,6
craigslist,6
imrie,6
quite,6
mean,6
bitcoins,6
voir,6
patria,6
bung,6
rana,6
emergency,6
vivaldi,6
rede,6
amendment,6
flag,6
pedro,6
huge,6
korona,6
enhain,6
intro,6
swish,6
utilities,6
lander,6
mare,6
mils,6
efface,6
benz,6
targets,6
sector,6
rass,6
assist,6
revolution,6
guru,6
between,6
rvis,6
martin,6
amar,6
pure,6
sdfghjkl,6
chasen,6
xenu,6
puig,6
pour,6
torrent,6
branco,6
voip,6
excludes,6
corner,6
hustle,6
liam,6
court,6
iggy,6
evil,6
malo,6
gray,6
parent,6
sense,6
lion,6
stack,6
signal,6
neil,6
cuthbert,6
record,6
ddeeff,6
shit,6
greetings,6
crit,6
pero,6
nelson,6
sheets,6
clans,6
perm,6
nano,6
greek,6
scrip,6
tizac,6
dave,6
diadem,6
obama,6
owner,6
italy,6
sami,6
villa,6
lego,6
mesa,6
soot,6
hooks,6
blogs,6
oracle,6
price,6
fffdd,6
premi,6
deleted,6
importer,6
addon,6
bint,6
customs,6
surest,6
tender,6
picker,6
riki,6
postfix,6
decide,6
lipman,6
bdbbd,6
ocpd,6
amelie,6
lind,6
const,6
reserve,6
advert,6
abed,6
osip,6
orai,6
jack,6
joan,6
supply,6
kant,6
obligation,6
accord,6
fitzgerald,6
morrison,6
delicate,6
mailers,6
disco,6
drug,6
merciful,6
antes,6
heil,6
booster,6
bleue,6
lister,6
dawn,6
indexes,6
todos,6
sandra,6
analysis,6
stern,6
lina,6
compose,6
ulama,6
koki,6
hack,6
margin,6
hunt,6
dynamic,6
jazz,6
gall,6
muda,6
signs,6
testing,6
reginald,6
baptiste,6
modified,6
aaron,6
kash,6
mbox,6
congo,6
crew,6
barclay,6
homey,6
benefits,6
sonata,6
garage,6
cali,6
syndicate,6
groove,6
nouveau,6
marina,6
marcus,6
miller,6
gence,6
mongo,6
rand,6
castro,6
selenology,6
hanja,6
dent,6
digits,6
lica,6
tester,6
tydd,6
drafting,6
duly,6
beach,6
recon,6
cabo,6
cmdr,6
liner,6
winamp,6
spacial,6
missing,6
execute,6
masters,6
noticias,6
copa,6
hong,6
parke,6
flyer,6
iver,6
worth,6
disney,6
sancho,6
nero,6
homer,6
fuck,6
military,6
urge,6
incoming,6
india,6
force,6
escape,6
sdss,6
quantum,6
rotation,6
isom,6
coops,6
credentials,6
myth,6
frei,6
coon,6
companies,6
selector,6
protections,6
meir,5
river,5
eeeeee,5
quality,5
logie,5
mack,5
expr,5
waiting,5
cassidy,5
tver,5
boots,5
diss,5
monte,5
frontal,5
solomon,5
species,5
plants,5
animals,5
snaps,5
sneak,5
ford,5
devices,5
straw,5
bash,5
itch,5
seva,5
studies,5
animated,5
nove,5
gcie,5
cate,5
ered,5
computer,5
userc,5
peon,5
meri,5
simd,5
klee,5
regi,5
madd,5
stab,5
campaigns,5
norway,5
kahn,5
specification,5
salva,5
smut,5
nose,5
jind,5
delivered,5
wpvg,5
acul,5
nuts,5
rolling,5
gina,5
basics,5
paes,5
ched,5
topp,5
communications,5
viel,5
mandatory,5
sues,5
sena,5
modal,5
nala,5
adrian,5
schools,5
scrollbar,5
frames,5
scot,5
comt,5
wick,5
beln,5
void,5
sila,5
sugar,5
freezer,5
flap,5
avatars,5
ante,5
vlei,5
jane,5
tamm,5
poke,5
dube,5
fdic,5
begg,5
iroc,5
jackson,5
ratings,5
craig,5
cher,5
uber,5
gibb,5
tape,5
rocker,5
noted,5
slice,5
taxo,5
tamp,5
nega,5
bucket,5
xerox,5
discuss,5
belz,5
certified,5
angela,5
wife,5
environment,5
dude,5
else,5
safely,5
ward,5
oxus,5
sika,5
usman,5
sews,5
arlo,5
wilson,5
bristol,5
born,5
alberta,5
church,5
dewy,5
moses,5
plano,5
doria,5
bros,5
hawk,5
hari,5
importance,5
gcsi,5
attraction,5
diverse,5
manufacturers,5
civil,5
awed,5
elisa,5
communication,5
puff,5
villas,5
lime,5
enix,5
skills,5
deliver,5
drink,5
recieved,5
jude,5
payroll,5
fresco,5
nothing,5
mirko,5
technique,5
gwinnett,5
engineering,5
beers,5
ordem,5
poise,5
sturtevant,5
fried,5
ezln,5
grate,5
refill,5
refile,5
where,5
melis,5
mero,5
warwick,5
urna,5
erasing,5
latex,5
width,5
gupta,5
effective,5
mille,5
kimi,5
relaunch,5
entre,5
smog,5
pels,5
recognize,5
jamb,5
candidate,5
refrigerator,5
holder,5
suction,5
cooler,5
shelf,5
brass,5
stfold,5
delete,5
simplify,5
drinks,5
speak,5
cleartext,5
hennessy,5
pulaski,5
urbi,5
adminstrator,5
registry,5
upgrading,5
chua,5
hbos,5
alas,5
compagnie,5
palermo,5
classifieds,5
colourful,5
cosign,5
mixed,5
deva,5
sidebar,5
aims,5
atapi,5
tapia,5
lacy,5
stay,5
regal,5
recurs,5
each,5
inscription,5
offers,5
leto,5
mild,5
unzip,5
sima,5
tramps,5
slam,5
dlya,5
clinical,5
reza,5
logistic,5
october,5
carrefour,5
embedded,5
riley,5
permian,5
zing,5
cave,5
hdtv,5
alpha,5
macro,5
hunch,5
seer,5
internal,5
completed,5
timer,5
excels,5
niko,5
holly,5
syfy,5
wiki,5
performance,5
tampa,5
tiger,5
benn,5
kana,5
fira,5
revision,5
voda,5
realtors,5
blessing,5
mary,5
raison,5
pipo,5
marks,5
plain,5
approved,5
decoded,5
prot,5
nger,5
carte,5
loga,5
robb,5
learning,5
makeup,5
tyme,5
mila,5
permissions,5
etta,5
spanish,5
rooms,5
wild,5
lara,5
ells,5
elect,5
fbceb,5
blogger,5
lash,5
newest,5
cray,5
deep,5
agreement,5
nets,5
wash,5
rosh,5
beauty,5
choice,5
macy,5
ubom,5
adam,5
crack,5
planning,5
eden,5
expert,5
avast,5
trojan,5
ways,5
mozilla,5
pasta,5
anime,5
mush,5
echo,5
fend,5
which,5
wins,5
wine,5
adverts,5
baha,5
asia,5
banned,5
usher,5
ozone,5
wipe,5
salvation,5
impress,5
looking,5
galva,5
pele,5
subscription,5
unlimited,5
ages,5
arcade,5
ondol,5
sese,5
swag,5
codd,5
billy,5
disc,5
dreams,5
copyrights,5
alga,5
runescape,5
bouquet,5
engis,5
dictionary,5
hammer,5
cold,5
graphic,5
society,5
gynecologic,5
heaven,5
beat,5
axis,5
geld,5
glance,5
greet,5
gabi,5
natur,5
magnum,5
acid,5
courier,5
bart,5
perry,5
dule,5
integration,5
teamwork,5
duos,5
bond,5
gods,5
prev,5
ville,5
tros,5
accept,5
chau,5
brazil,5
agosto,5
dollar,5
plea,5
volt,5
films,5
galleria,5
please,5
sparks,5
rens,5
books,5
kali,5
akka,5
maka,5
crazy,5
creative,5
mata,5
parser,5
manns,5
unable,5
rewards,5
addfad,5
cleanup,5
vent,5
seniors,5
boats,5
level,5
wake,5
collaborative,5
pepper,5
jebb,5
blueprint,5
agora,5
concepts,5
noor,5
lucky,5
naci,5
constant,5
fads,5
gerd,5
glam,5
ride,5
bela,5
scheme,5
pioneer,5
feels,5
gantry,5
ideal,5
scape,5
curlz,5
deals,5
laga,5
agenda,5
kilo,5
rope,5
artwork,5
paid,5
godwin,5
little,5
inhg,5
multiple,5
vest,5
savings,5
ndez,5
collection,5
berlin,5
recordings,5
securities,5
appears,5
honest,5
laye,5
vivo,5
dental,5
coins,5
wrap,5
diam,5
adma,5
sore,5
michigan,5
toscana,5
egret,5
russian,5
industries,5
lager,5
medic,5
planter,5
nature,5
crea,5
casas,5
koji,5
bulla,5
posting,5
arms,5
nation,5
unicorn,5
looks,5
scribe,5
favor,5
christ,5
vices,5
plane,5
feliz,5
syria,5
coal,5
mmrs,5
lost,5
nuclear,5
gory,5
simpsons,5
shocker,5
modify,5
rito,5
xavier,5
lien,5
membership,5
trend,5
tijd,5
ninmy,5
manna,5
cavy,5
puer,5
sebastian,5
gerlach,5
kryl,5
daar,5
bgea,5
eizo,5
nist,5
sante,5
obili,5
husk,5
iyasu,5
sleet,5
encoder,4
rage,4
nocs,4
materia,4
radeon,4
interest,4
rtos,4
businesses,4
aecma,4
fnac,4
metz,4
bouy,4
hold,4
flub,4
sakin,4
kano,4
erda,4
cerulean,4
surface,4
imac,4
arap,4
forwarder,4
sutherland,4
riddance,4
loathed,4
killing,4
beth,4
keen,4
advertisement,4
callback,4
quam,4
goldman,4
become,4
painting,4
humans,4
wiping,4
warns,4
theresa,4
backbencher,4
ding,4
ordered,4
traveller,4
visual,4
assessor,4
mouth,4
violet,4
musique,4
milli,4
hestia,4
subpage,4
priscilla,4
puna,4
uniform,4
tropic,4
unco,4
rummer,4
resourcing,4
investigations,4
records,4
rune,4
raze,4
zoosk,4
tomcat,4
mayan,4
calgary,4
pleasure,4
iwao,4
louisville,4
fpus,4
teff,4
ansem,4
connor,4
vendors,4
furniture,4
camps,4
hara,4
egba,4
newb,4
dull,4
mvps,4
lnwr,4
belo,4
origine,4
strats,4
royale,4
carpio,4
applications,4
swells,4
smas,4
obligate,4
aped,4
bayview,4
hunters,4
phillip,4
scientific,4
male,4
ajac,4
wahb,4
mohammad,4
tawa,4
tyra,4
clay,4
disposables,4
ilina,4
pyne,4
kartik,4
onee,4
acadia,4
ueda,4
lagos,4
dinu,4
floods,4
nicu,4
laze,4
shadowbox,4
mung,4
palm,4
dure,4
diaphanous,4
irmo,4
natural,4
minix,4
yelp,4
dhok,4
rnur,4
myfile,4
swig,4
ebbed,4
gibbs,4
safra,4
tickets,4
parental,4
downloading,4
greens,4
srem,4
noaa,4
prus,4
membre,4
demetrio,4
herring,4
francais,4
kraus,4
authorise,4
chiara,4
hiro,4
janne,4
bbci,4
truls,4
capit,4
distro,4
cuyo,4
heal,4
particular,4
javier,4
infrastructure,4
welders,4
bethany,4
glenn,4
petersen,4
upcoming,4
contribute,4
defaced,4
ramos,4
tubbs,4
wyoming,4
eros,4
saks,4
peja,4
squares,4
reps,4
auer,4
donahue,4
kufa,4
fidel,4
venus,4
vasts,4
moai,4
slats,4
filles,4
dreamer,4
muth,4
gabs,4
campi,4
blowfish,4
relay,4
heritage,4
tlrs,4
tant,4
unblocks,4
shiba,4
cafu,4
mohamed,4
reap,4
chasm,4
telus,4
barbara,4
cialis,4
analytic,4
peas,4
maskin,4
yuji,4
asociaci,4
clearing,4
ehir,4
vaca,4
vevo,4
orne,4
taqi,4
bice,4
woes,4
elaine,4
mentions,4
foyn,4
sram,4
flcl,4
icrc,4
kristin,4
goodwin,4
mcgrath,4
kaval,4
toho,4
wnba,4
jonah,4
specialties,4
sewell,4
pitts,4
arda,4
published,4
ycat,4
prima,4
zentrum,4
chemical,4
junk,4
fanny,4
nani,4
kaew,4
boma,4
hodges,4
nubs,4
bosun,4
edom,4
qasim,4
saudi,4
roberts,4
longevity,4
serra,4
olne,4
corinne,4
selena,4
eternity,4
lucy,4
crist,4
monica,4
crews,4
pwnd,4
parking,4
wilkins,4
diva,4
owens,4
zeba,4
menus,4
nspe,4
swot,4
tuva,4
smokey,4
appliances,4
maun,4
caan,4
directors,4
bridging,4
coor,4
pram,4
dreamy,4
klang,4
weaver,4
canadian,4
opens,4
mires,4
contacted,4
brian,4
valuation,4
lynd,4
blume,4
gallo,4
kaba,4
credential,4
ramsey,4
audubon,4
alway,4
simpson,4
muir,4
gnrh,4
conferences,4
schedule,4
accordion,4
dizzy,4
spector,4
phillips,4
nasu,4
concept,4
ashton,4
somo,4
sook,4
antietam,4
loggers,4
hank,4
crawford,4
dubs,4
scanning,4
redmond,4
wilk,4
bradley,4
wbcs,4
damm,4
uncia,4
sots,4
courtney,4
thompson,4
descendants,4
loyola,4
condominium,4
dunn,4
alef,4
witz,4
doab,4
massed,4
iowa,4
stevens,4
rouge,4
cheri,4
quia,4
hida,4
cuda,4
glorie,4
walton,4
shelley,4
advisors,4
nottingham,4
grass,4
kari,4
snes,4
mahesh,4
reamer,4
qaum,4
injury,4
lenin,4
billboard,4
cooking,4
gerri,4
designer,4
cats,4
syncing,4
flesh,4
taylor,4
nursing,4
pune,4
quir,4
niagara,4
distal,4
umra,4
lingo,4
moseley,4
mown,4
mills,4
booz,4
leak,4
boas,4
phil,4
jacob,4
manu,4
riffic,4
pending,4
phrase,4
screenshot,4
editing,4
rgyi,4
torch,4
olympic,4
tauon,4
bach,4
mame,4
rang,4
deem,4
exam,4
individual,4
channel,4
jason,4
brenner,4
trekking,4
wood,4
alun,4
strato,4
factors,4
wireless,4
ster,4
dialogs,4
transcript,4
quit,4
yury,4
odyssey,4
xvid,4
safari,4
mountain,4
juice,4
shift,4
clef,4
estaci,4
htft,4
sheep,4
poppins,4
adventure,4
shards,4
lnah,4
peed,4
ripple,4
ogre,4
managed,4
oath,4
nico,4
peng,4
arial,4
gushy,4
dean,4
itza,4
ferr,4
iuds,4
buyer,4
refer,4
roid,4
spor,4
downtown,4
tecl,4
cres,4
ulster,4
lands,4
joker,4
rental,4
gang,4
county,4
anthony,4
travail,4
till,4
dutch,4
still,4
interact,4
hour,4
juni,4
aten,4
failure,4
upon,4
foot,4
nancy,4
awad,4
monolog,4
redirecting,4
trick,4
financier,4
lantern,4
sarai,4
mili,4
duty,4
mien,4
colour,4
howe,4
josh,4
baddest,4
marl,4
formidable,4
asda,4
march,4
vodka,4
vacancy,4
loos,4
pila,4
visp,4
vend,4
loing,4
norm,4
boutique,4
reconfirmation,4
blade,4
jukebox,4
coat,4
nada,4
cruise,4
merge,4
aluminum,4
teller,4
blessings,4
fortuna,4
sorte,4
cable,4
natal,4
slot,4
dani,4
putt,4
epics,4
spread,4
copyright,4
traffic,4
serial,4
rotator,4
motorcycle,4
grand,4
philosophy,4
either,4
subscribe,4
disturb,4
seal,4
odin,4
tempo,4
portugal,4
tani,4
modi,4
crypto,4
zinc,4
ghee,4
steel,4
gems,4
ashy,4
snitch,4
background,4
jian,4
pant,4
vmware,4
nery,4
required,4
medi,4
funny,4
cruz,4
same,4
pana,4
bron,4
thanh,4
chapters,4
oita,4
salda,4
clip,4
wikipedia,4
faced,4
basement,4
serving,4
protector,4
ives,4
amos,4
silk,4
grill,4
added,4
clientele,4
achiever,4
awards,4
adapters,4
offset,4
trove,4
authenticating,4
crat,4
mapper,4
partial,4
passion,4
fall,4
mcintyre,4
higher,4
aust,4
kent,4
ecuador,4
republic,4
prevent,4
gone,4
nunc,4
paulo,4
taxi,4
goad,4
siad,4
minke,4
milk,4
urch,4
ffefd,4
drops,4
grow,4
flight,4
claw,4
never,4
laws,4
tana,4
bypass,4
bodensee,4
fish,4
hone,4
maces,4
lollipop,4
join,4
magn,4
rote,4
dyer,4
essential,4
dialog,4
ekam,4
jeweller,4
babi,4
carre,4
reloaded,4
diffusion,4
finances,4
summit,4
mercado,4
localization,4
chapman,4
oops,4
givin,4
digit,4
tori,4
lolol,4
sexy,4
ordinary,4
allan,4
mino,4
tile,4
fore,4
splash,4
panne,4
verifying,4
barca,4
commerzbank,4
ifil,4
matches,4
nior,4
gtaw,4
purifier,4
boarding,4
aude,4
scraper,4
ucla,4
oahu,4
footers,4
donate,4
provide,4
ellen,4
puesto,4
tommy,4
migrate,4
billz,4
breeder,4
shake,4
resized,4
hearing,4
marriott,4
suppliers,4
augusta,4
minds,4
horde,4
sony,4
fico,4
mars,4
budu,4
nost,4
settlement,4
tert,4
meeting,4
subdomain,4
layla,4
dogs,4
features,4
ricky,4
sere,4
trash,4
ical,4
chive,4
clearance,4
presidential,4
suba,4
nvidia,4
ffffff,4
tact,4
italo,4
tease,4
switzerland,4
investigate,4
bosch,4
balkan,4
knight,4
attribute,4
irene,4
lada,4
petrol,4
types,4
practice,4
roots,4
minimal,4
island,4
checkup,4
tisa,4
glyph,4
vera,4
sais,4
reads,4
sags,4
anca,4
spheres,4
vick,4
becky,4
mole,4
coca,4
texas,4
monster,4
portuguese,4
universal,4
amis,4
deduct,4
creating,4
drag,4
papp,4
australian,4
googol,4
orlando,4
elliott,4
arnold,4
haft,4
wasser,4
reportage,4
padova,4
leeds,4
mowers,4
filial,4
satellite,4
camb,4
anything,4
automotive,4
visions,4
blackbox,4
overcome,4
myalgia,4
lightning,4
posy,4
sliders,4
talker,4
timezone,4
compile,4
slow,4
activex,4
otec,4
upward,4
mikey,4
horse,4
weds,4
bucs,4
carbon,4
dara,4
snap,4
manner,4
quan,4
tires,4
jasmin,4
fiscal,4
subscriptions,4
dice,4
changed,4
tesla,4
ople,4
fabric,4
socks,4
monthly,4
intercepts,4
bombers,4
turkey,4
charly,4
levering,4
kore,4
reconfirmations,4
trial,4
ability,4
reform,4
lifestyle,4
gara,4
building,4
sequel,4
ports,4
assignment,4
capac,4
attendance,4
bree,4
brands,4
multimedia,4
dari,4
schneider,4
kiki,4
yoda,4
miso,4
burk,4
economics,4
toms,4
arros,4
bahia,4
marco,4
variable,4
javelin,4
moises,4
newbie,4
mulk,4
tequila,3
firewall,3
voor,3
taekwondo,3
jenn,3
lens,3
nena,3
optimal,3
unico,3
especial,3
handcrafted,3
incident,3
picks,3
bran,3
dura,3
preta,3
avar,3
moderate,3
outsider,3
dactyl,3
salaciousness,3
duas,3
days,3
chart,3
cuse,3
cupping,3
pluto,3
wetter,3
burj,3
reception,3
gers,3
wutw,3
reas,3
sein,3
urfa,3
realms,3
pita,3
dion,3
tilts,3
bayer,3
ribbon,3
evan,3
ufer,3
norma,3
shakr,3
rican,3
authenticated,3
promote,3
sous,3
reservations,3
baset,3
plaintext,3
bunt,3
quash,3
flood,3
diabetes,3
pope,3
secondary,3
billings,3
savino,3
fetter,3
apis,3
mansion,3
syed,3
snail,3
reload,3
privet,3
iran,3
sdhc,3
nacional,3
voucher,3
pedigree,3
releases,3
handbook,3
belts,3
tardis,3
overcrowd,3
austell,3
belgium,3
cathay,3
coco,3
collect,3
nickel,3
sole,3
hume,3
tern,3
barb,3
robots,3
isdn,3
ballots,3
tridents,3
suggestions,3
vietnam,3
newcastle,3
proton,3
carell,3
seng,3
father,3
anderson,3
travels,3
arbil,3
shows,3
feat,3
mona,3
sbcp,3
parti,3
heating,3
aussie,3
naoe,3
again,3
walt,3
marin,3
klein,3
hemp,3
actions,3
modo,3
hoch,3
twig,3
whoops,3
tail,3
kawasaki,3
bird,3
outdoors,3
artikel,3
vain,3
fops,3
subject,3
prem,3
economic,3
boxed,3
versa,3
truong,3
chrono,3
zila,3
optimum,3
resistance,3
creation,3
denim,3
xpress,3
casa,3
built,3
devo,3
abode,3
hacker,3
stick,3
cram,3
remit,3
hair,3
lops,3
lulu,3
tufa,3
push,3
ppen,3
chach,3
erve,3
meal,3
kota,3
aach,3
klin,3
amil,3
bear,3
marine,3
burn,3
cornell,3
atrium,3
landscape,3
grin,3
viva,3
brew,3
chert,3
excellent,3
jones,3
bulk,3
begin,3
stasi,3
sadhu,3
adit,3
moni,3
vito,3
sparkassen,3
gruy,3
poir,3
ripa,3
staffs,3
skitter,3
shawnee,3
vector,3
ricardo,3
agents,3
dabs,3
vogue,3
bits,3
hala,3
clinic,3
tunes,3
technologies,3
northern,3
sdio,3
domes,3
omni,3
advocates,3
sowa,3
lumpur,3
advocate,3
invites,3
amount,3
oficial,3
cleaning,3
guild,3
attac,3
personals,3
clun,3
cadastral,3
swee,3
desi,3
plex,3
apex,3
bulletin,3
ouch,3
mental,3
alliance,3
botnet,3
nome,3
nude,3
tasks,3
suzuki,3
domestic,3
modification,3
vein,3
ideas,3
becoming,3
grants,3
demands,3
lower,3
volvo,3
avian,3
esta,3
speaking,3
wonder,3
rada,3
perth,3
calculator,3
pela,3
november,3
secrets,3
conclusion,3
tire,3
christmas,3
choa,3
unser,3
stool,3
boof,3
jing,3
geek,3
soar,3
holt,3
weiss,3
laser,3
launcher,3
jewel,3
draw,3
pointer,3
bacon,3
kawa,3
tiao,3
duan,3
miscellaneous,3
msie,3
xing,3
este,3
tico,3
cropper,3
jewelry,3
pane,3
xero,3
inactive,3
ciel,3
lent,3
hurt,3
amazing,3
four,3
levels,3
kenneth,3
cleveland,3
ergs,3
states,3
needed,3
documented,3
hess,3
khaled,3
onscreen,3
paws,3
sessions,3
risc,3
juna,3
edel,3
billion,3
goodwill,3
sunny,3
related,3
fela,3
pension,3
ikon,3
halifax,3
karam,3
dello,3
command,3
reus,3
heel,3
industrial,3
fazer,3
mexico,3
unix,3
alphabet,3
downloadable,3
cfecec,3
gins,3
lorne,3
timo,3
toad,3
mattel,3
partnership,3
diction,3
kamo,3
deer,3
believe,3
extensions,3
loyal,3
depp,3
customized,3
scoop,3
submitted,3
opinion,3
emailed,3
pick,3
lazy,3
pola,3
stud,3
hellion,3
narc,3
kingdom,3
credibility,3
announcement,3
dividers,3
buch,3
adana,3
abebe,3
kele,3
akira,3
saka,3
guti,3
wholesale,3
dirige,3
gads,3
crib,3
gogo,3
praxis,3
coop,3
islander,3
margot,3
refunds,3
dive,3
comma,3
bobby,3
agatha,3
christie,3
scad,3
flasher,3
ouvri,3
yours,3
reversion,3
bonds,3
mods,3
sliced,3
older,3
letters,3
chico,3
ffebcd,3
warren,3
encoded,3
receive,3
period,3
runner,3
advertisers,3
smiley,3
frye,3
duduk,3
fonseca,3
alberto,3
wiesen,3
ilona,3
skynet,3
irish,3
locker,3
prose,3
rapa,3
gert,3
bann,3
kama,3
vert,3
flor,3
bocas,3
duplo,3
rico,3
infected,3
fantastic,3
curl,3
melzer,3
week,3
issue,3
minx,3
elvis,3
vire,3
jesu,3
masa,3
germ,3
slows,3
muli,3
gral,3
doom,3
locus,3
asap,3
ghar,3
spat,3
trump,3
commonwealth,3
permit,3
garr,3
holl,3
iesu,3
adult,3
exclusive,3
amador,3
think,3
ducat,3
geez,3
reconstruct,3
alle,3
beck,3
pablo,3
finzi,3
rider,3
keystone,3
parker,3
academic,3
serb,3
passive,3
afro,3
jojo,3
petro,3
chet,3
kissed,3
notices,3
nine,3
gret,3
kumar,3
aditya,3
nana,3
memorials,3
cargo,3
disclosure,3
locations,3
amro,3
residential,3
prue,3
materials,3
roman,3
bishop,3
atom,3
heat,3
pico,3
dang,3
publishing,3
kraft,3
stilo,3
place,3
lovers,3
lamp,3
proof,3
roms,3
dunham,3
placeholder,3
government,3
slay,3
kenny,3
wing,3
reading,3
seem,3
chick,3
avant,3
migration,3
effect,3
naka,3
mainly,3
blaze,3
configure,3
auction,3
shil,3
dinh,3
duong,3
bara,3
marta,3
sapi,3
leko,3
february,3
arizona,3
regulator,3
superb,3
garrison,3
lodi,3
lewy,3
malt,3
crahan,3
hill,3
estimation,3
wizard,3
itinerary,3
koop,3
bucci,3
previews,3
exmouth,3
hoot,3
spaces,3
rode,3
canton,3
policies,3
woff,3
amol,3
nebulae,3
panic,3
theater,3
contra,3
cena,3
imaging,3
halal,3
zisc,3
cutlass,3
kuper,3
dole,3
overflow,3
appeal,3
borders,3
itemid,3
piccolo,3
sins,3
garland,3
firma,3
riou,3
citizen,3
failed,3
caisse,3
appraiser,3
schl,3
trader,3
audi,3
tabor,3
assistant,3
tide,3
herb,3
chaj,3
aztec,3
imagine,3
coord,3
jeje,3
ebony,3
matrox,3
leong,3
alter,3
salary,3
adua,3
bounce,3
firenze,3
apertura,3
mista,3
hoff,3
judd,3
contrib,3
lucca,3
clique,3
lombardia,3
kirchen,3
productions,3
gorizia,3
ceyz,3
enger,3
heim,3
wiesbaden,3
does,3
loco,3
oklahoma,3
axial,3
derfa,3
handel,3
chul,3
said,3
married,3
difference,3
rail,3
magnet,3
della,3
shower,3
dominion,3
luke,3
pavia,3
advisor,3
celebrity,3
bolt,3
funnel,3
cleo,3
kttv,3
gcms,3
locales,3
chalk,3
character,3
luxemburg,3
mody,3
veni,3
peter,3
underwater,3
haro,3
oden,3
felt,3
easter,3
cfls,3
hole,3
hist,3
rowf,3
compare,3
monk,3
bold,3
stow,3
istat,3
mote,3
shin,3
swat,3
citadel,3
thin,3
fury,3
valentine,3
twice,3
outer,3
demon,3
their,3
expose,3
explorer,3
gora,3
jenny,3
parade,3
riot,3
layers,3
audit,3
forces,3
rinc,3
cinema,3
plate,3
sink,3
rafi,3
bakr,3
retirement,3
sede,3
toggle,3
americas,3
bust,3
angeles,3
podcasts,3
veterinarian,3
truecrypt,3
tuna,3
aide,3
hafts,3
taxa,3
telnet,3
damon,3
transactions,3
fbaed,3
blok,3
nags,3
baum,3
counts,3
featured,3
sick,3
dealers,3
berge,3
cefr,3
midterm,3
scroll,3
referral,3
lifting,3
roping,3
inbound,3
joyce,3
turf,3
distributing,3
lychee,3
hemisphere,3
someone,3
gates,3
goal,3
sich,3
mahle,3
pores,3
trot,3
sergio,3
cates,3
glorification,3
bred,3
fffacd,3
clan,3
fisher,3
lyme,3
liverpool,3
azam,3
ahsa,3
cyte,3
subcategory,3
segment,3
pham,3
subtle,3
ellis,3
armen,3
pires,3
morton,3
fortis,3
delayed,3
nance,3
bolivia,3
sloan,3
amend,3
cotton,3
zine,3
sunt,3
authentications,3
pickering,3
caring,3
lawyers,3
shiv,3
tuma,3
xter,3
mahoney,3
screener,3
limb,3
tiff,3
surge,3
telegram,3
prism,3
gravity,3
davidson,3
allegri,3
cama,3
cheka,3
slims,3
bigga,3
golfer,3
produce,3
crush,3
braintree,3
limitations,3
uley,2
omoto,2
heft,2
alone,2
ltek,2
daddy,2
baise,2
william,2
rathbun,2
warrior,2
ional,2
kickstart,2
cala,2
technic,2
muri,2
coronavirus,2
nissan,2
condition,2
renews,2
redeem,2
supplies,2
dario,2
slovenia,2
ancestry,2
usac,2
lutz,2
gesu,2
presentation,2
jupp,2
coil,2
loin,2
encryption,2
circo,2
paragon,2
sear,2
barbour,2
accuser,2
ycie,2
vamp,2
cingular,2
enable,2
kiyo,2
segs,2
offs,2
brat,2
huya,2
valgus,2
sfio,2
phpc,2
cidr,2
kicky,2
fleck,2
naoh,2
alice,2
cphc,2
tima,2
kolai,2
rdony,2
veli,2
dosis,2
printing,2
breslin,2
documenta,2
cinta,2
bids,2
metadata,2
musa,2
dacha,2
chay,2
respirators,2
lapa,2
pruni,2
operation,2
iota,2
chameleon,2
loomis,2
enzymes,2
academics,2
unprotected,2
mull,2
hydrocodone,2
icao,2
pehr,2
gita,2
cosmos,2
harb,2
undid,2
oled,2
zedd,2
ankle,2
maes,2
fiber,2
llar,2
silvan,2
belie,2
ugui,2
twee,2
pooh,2
winx,2
genie,2
pepin,2
meat,2
wreck,2
gran,2
viana,2
tavares,2
resort,2
vault,2
treasury,2
lack,2
exceptions,2
ipia,2
brin,2
relief,2
heath,2
aristocratically,2
limites,2
vere,2
blaster,2
slink,2
kuru,2
strike,2
intuit,2
zend,2
mariam,2
ottawa,2
tina,2
fark,2
travis,2
years,2
rrez,2
meryl,2
crni,2
xena,2
vagrant,2
recherche,2
exon,2
cobs,2
ecole,2
petl,2
countries,2
projekt,2
newman,2
gens,2
impact,2
dita,2
fraser,2
matte,2
navigation,2
cile,2
kristina,2
dowling,2
shire,2
described,2
reported,2
mogh,2
randy,2
sloop,2
bravi,2
rete,2
neptune,2
vcds,2
shortcut,2
kosb,2
rolex,2
megan,2
huffman,2
golgi,2
pecci,2
firs,2
limits,2
poland,2
hang,2
margaret,2
alaska,2
jobi,2
camper,2
nora,2
iure,2
kilt,2
ecos,2
cycle,2
hover,2
renga,2
pocket,2
alteration,2
batman,2
greg,2
holi,2
ubuntu,2
aberdeen,2
heartland,2
mist,2
russ,2
retry,2
chambers,2
barf,2
echt,2
schaffer,2
henny,2
museum,2
danz,2
shark,2
cleaner,2
oyster,2
always,2
spider,2
holding,2
prayer,2
infra,2
teams,2
procedures,2
playstation,2
rida,2
aizu,2
xanax,2
krom,2
freeman,2
chod,2
mens,2
pong,2
mica,2
regain,2
bana,2
arcy,2
orden,2
dabbed,2
festival,2
iomega,2
bast,2
clar,2
depraved,2
terminal,2
forever,2
mobilizing,2
webby,2
holidays,2
renamed,2
photoshop,2
apart,2
clogs,2
goody,2
doge,2
riva,2
lake,2
dodo,2
counting,2
officer,2
maintain,2
magnetics,2
anak,2
ffffc,2
reggie,2
disable,2
onew,2
rasta,2
haas,2
appel,2
ller,2
fang,2
brats,2
weed,2
election,2
recur,2
viral,2
beautiful,2
affiliates,2
rocky,2
porto,2
quest,2
willing,2
warp,2
flame,2
rmer,2
privation,2
rapids,2
director,2
joad,2
rhode,2
jumbo,2
usaaf,2
dumps,2
without,2
salzburg,2
allah,2
akbar,2
specials,2
fringes,2
foam,2
envy,2
classified,2
nanci,2
desert,2
tutorials,2
gitim,2
dropper,2
mayor,2
papi,2
castle,2
repel,2
zenith,2
rowe,2
abuser,2
ooze,2
ivan,2
bleed,2
kenta,2
interface,2
espa,2
pastor,2
charts,2
fars,2
shaba,2
mane,2
agreed,2
loll,2
atri,2
nokia,2
blew,2
tong,2
honda,2
before,2
darling,2
independence,2
cued,2
haci,2
danger,2
dedicates,2
rachel,2
rubber,2
automation,2
mario,2
sunshine,2
makin,2
gamba,2
viet,2
handball,2
heures,2
tubes,2
diego,2
cases,2
injector,2
tray,2
jogo,2
baja,2
racks,2
baked,2
recipe,2
shoes,2
sportifs,2
amir,2
tens,2
differ,2
iata,2
unger,2
vili,2
kens,2
prez,2
koto,2
lords,2
justice,2
rounded,2
heer,2
choo,2
engi,2
shoo,2
rees,2
soci,2
syne,2
drej,2
tham,2
reed,2
igor,2
ruts,2
pano,2
thoa,2
suns,2
oars,2
glee,2
antivirus,2
blau,2
esche,2
mandate,2
pathway,2
accelerated,2
neat,2
stings,2
smoothness,2
specimen,2
something,2
entertain,2
tango,2
morph,2
torr,2
abstract,2
executable,2
downer,2
aggro,2
directx,2
destiny,2
broadband,2
amon,2
guides,2
novy,2
legends,2
hund,2
oulu,2
mechanic,2
prado,2
berta,2
coppa,2
zopa,2
grind,2
humble,2
maxwell,2
hedge,2
mounting,2
amicable,2
chap,2
dima,2
arrows,2
baru,2
polls,2
flat,2
imai,2
haye,2
leticia,2
araujo,2
elections,2
diana,2
breakthrough,2
sunk,2
amin,2
sino,2
honey,2
yellow,2
geren,2
shutdown,2
tamil,2
achi,2
fella,2
godson,2
pager,2
parallax,2
appointments,2
yoon,2
physics,2
yang,2
haly,2
anantha,2
analyst,2
administrations,2
quip,2
valli,2
roped,2
nees,2
galle,2
astrid,2
canters,2
quai,2
daro,2
manga,2
want,2
tinc,2
dort,2
spake,2
edicts,2
jakarta,2
worded,2
aiming,2
vale,2
dengue,2
builders,2
afternoon,2
akiko,2
twilight,2
kort,2
referer,2
weld,2
scolari,2
marking,2
dieu,2
resolving,2
tora,2
lightness,2
newly,2
grosse,2
marker,2
dune,2
resales,2
populate,2
cnoc,2
farmers,2
bani,2
opportunities,2
imsa,2
brien,2
allg,2
funn,2
inspire,2
escola,2
domincan,2
faith,2
cant,2
leave,2
macquarie,2
asic,2
locate,2
longwood,2
wage,2
motors,2
deux,2
mural,2
bane,2
toki,2
aquarium,2
corsi,2
dies,2
suspension,2
campana,2
ccffcc,2
taxpayers,2
roles,2
hont,2
hungary,2
lopes,2
cahoot,2
sprite,2
fluid,2
venue,2
wadi,2
harman,2
lived,2
reviewed,2
disconnected,2
neopets,2
diver,2
investing,2
fail,2
faces,2
annabel,2
lifes,2
maximise,2
nabs,2
near,2
arise,2
pell,2
bale,2
raquel,2
formal,2
equity,2
balls,2
hint,2
vies,2
canonical,2
minya,2
pray,2
prairie,2
yemen,2
remy,2
withdrawal,2
acrylic,2
bender,2
bilbao,2
dime,2
beats,2
homeland,2
vechi,2
telemarketing,2
spambot,2
noway,2
traders,2
signatures,2
surgery,2
natty,2
nieur,2
mell,2
adel,2
writable,2
cheat,2
tobi,2
yaya,2
bingo,2
boll,2
bello,2
impreza,2
different,2
exports,2
xbox,2
krab,2
recre,2
bris,2
continuous,2
malam,2
iglesias,2
lanz,2
configurations,2
requirements,2
confirming,2
presses,2
inclusions,2
interne,2
nomex,2
apia,2
libba,2
agog,2
celebrate,2
says,2
appraisal,2
florida,2
uncle,2
showing,2
crafter,2
connected,2
coke,2
ireland,2
german,2
zhao,2
logar,2
blend,2
division,2
shut,2
cipher,2
originals,2
zinn,2
additional,2
hors,2
ache,2
hilt,2
ncaa,2
artes,2
biddy,2
reaction,2
fier,2
pols,2
sier,2
gust,2
eids,2
aron,2
plasma,2
immagine,2
amine,2
memos,2
billed,2
aviation,2
preu,2
sender,2
halt,2
roche,2
charges,2
median,2
sucess,2
cria,2
highlander,2
reinsurance,2
chicago,2
papaya,2
cohort,2
intern,2
bite,2
uanl,2
kaia,2
cops,2
spilled,2
databases,2
behaviors,2
tight,2
scaredy,2
smartphones,2
spyglass,2
lama,2
alam,2
haina,2
frontpage,2
mure,2
nardello,2
tipo,2
chocolate,2
choco,2
suave,2
kings,2
eboni,2
maris,2
globally,2
marked,2
ownership,2
khal,2
stirs,2
polg,2
flav,2
ponti,2
rajkumar,2
mans,2
sousa,2
premises,2
watches,2
ella,2
copper,2
jeux,2
kstj,2
marchant,2
animate,2
franklin,2
mang,2
borso,2
trinity,2
expo,2
privilege,2
jeev,2
llby,2
pennsylvania,2
genealogy,2
blank,2
hanne,2
homepages,2
zuko,2
singtel,2
incredible,2
esther,2
holm,2
dove,2
gros,2
rugby,2
canal,2
dossiers,2
napa,2
situation,2
contained,2
investigating,2
murder,2
suicide,2
journ,2
ddffdd,2
sera,2
byes,2
sour,2
maio,2
succes,2
dido,2
forklift,2
grids,2
startup,2
abou,2
flakes,2
latm,2
saigon,2
delf,2
ugcc,2
morse,2
fort,2
studios,2
idaho,2
starting,2
pads,2
evelyn,2
ninja,2
debug,2
distilling,2
teat,2
monitoring,2
infobox,2
thank,2
disclaimer,2
gama,2
telenor,2
hamer,2
sire,2
malta,2
third,2
cowboy,2
rates,2
cifs,2
belt,2
proofing,2
critical,2
frompage,2
keng,2
kirk,2
jakes,2
chung,2
statics,2
nanna,2
neum,2
laurence,2
justification,2
chatroom,2
nder,2
strom,2
vulcan,2
jalal,2
bellsouth,2
enfold,2
lombard,2
navigate,2
henri,2
cocky,2
shih,2
switcher,2
dfdfff,2
afford,2
lustre,2
creativity,2
damn,2
kennels,2
finest,2
blonde,2
licences,2
padre,2
filling,2
spell,2
yuyu,2
wafl,2
sunset,2
manufacturer,2
montreal,2
inventory,2
rime,2
metal,2
madre,2
connector,2
mong,2
admire,2
versus,2
prudential,2
tablet,2
param,2
quer,2
vesto,2
thaw,2
instant,2
espresso,2
teatro,2
cido,2
cheapness,2
bumper,2
fret,2
myeh,2
sega,2
conversation,2
argentina,2
ginn,2
partement,2
safaris,2
viewed,2
fafeff,2
operator,2
pound,2
flik,2
sung,2
detection,2
july,2
vyeh,2
lacan,2
lomas,2
odds,2
cherry,2
poco,2
puzzle,2
grube,2
brookes,2
saint,2
biometric,2
driven,2
extinction,2
kaine,2
cardan,2
rodr,2
avatar,2
cloned,2
inventions,2
racy,2
caribbean,2
buda,2
fasteners,2
kona,2
confined,2
swit,2
toke,2
pentium,2
eski,2
spokane,2
trustee,2
condom,2
emin,2
woman,2
tibur,2
vial,2
roller,2
rimo,2
frisco,2
courrier,2
avoid,2
tabi,2
hern,2
latitude,2
medication,2
devs,2
haiku,2
minimalist,2
pull,2
retrieving,2
reste,2
transcripts,2
neutralize,2
indole,2
machi,2
gauri,2
ultimatum,2
separator,2
queda,2
nesta,2
quart,2
naylor,2
preferences,2
rdia,2
grammar,2
paragraphs,2
pantanal,2
zimmerman,2
stylesheet,2
opis,2
maik,2
trek,2
northwest,2
botin,2
caron,2
heineken,2
glosa,2
grabbing,2
measures,2
sundays,2
jaro,2
lots,2
mets,2
bract,2
sydney,2
gully,2
broker,2
limon,2
familial,2
factory,2
elba,2
piper,2
hoods,2
kamer,2
overseas,2
dobro,2
petronas,2
distressed,2
maximum,2
modulus,2
cixi,2
manipulation,2
benefit,2
coda,2
workbench,2
controls,2
fuss,2
micky,2
galleries,2
osem,2
flicker,2
maca,2
soba,2
nomes,2
galata,2
experts,2
absence,2
loaded,2
yamaha,2
exhaust,2
quotations,2
migr,2
pppp,2
socialize,2
haab,2
knights,2
lites,2
funded,2
array,2
miao,2
daan,2
gawa,2
gaza,2
kili,2
varese,2
philippines,2
photography,2
montana,2
gaku,2
kann,2
bergamo,2
reggio,2
emilia,2
trail,2
ruined,2
elitist,2
cakes,2
tess,2
nantes,2
dresses,2
sleeve,2
candles,2
conspiracies,2
winkler,2
offices,2
dyed,2
uist,2
canon,2
lezion,2
brescia,2
digestion,2
khoo,2
cura,2
ingredients,2
grape,2
concentrate,2
boys,2
ktel,2
forte,2
comune,2
cartier,2
woke,2
legs,2
spar,2
iptv,2
monza,2
brianza,2
wurm,2
parma,2
garcia,2
ortho,2
squad,2
ester,2
carlton,2
scale,2
melbourne,2
deck,2
configured,2
fiberglass,2
lets,2
stahl,2
bologna,2
iste,2
saison,2
invitations,2
being,2
lies,2
abroad,2
hrung,2
bhil,2
reel,2
improve,2
yama,2
oise,2
esqu,2
bridal,2
cake,2
zmir,2
avon,2
lick,2
journals,2
mullin,2
facet,2
danny,2
hart,2
clap,2
conferrer,2
ornate,2
thus,2
feer,2
suri,2
shoe,2
caroline,2
gossip,2
zeta,2
california,2
males,2
peso,2
amok,2
yank,2
lupe,2
hiking,2
areas,2
newsflash,2
pepe,2
scala,2
aris,2
agate,2
inject,2
climb,2
dungs,2
gung,2
cabins,2
papal,2
simm,2
rocket,2
bamba,2
ueno,2
smil,2
kick,2
insight,2
flour,2
cucl,2
gonna,2
seki,2
nith,2
arika,2
igbo,2
charm,2
cctv,2
beet,2
cnet,2
cisco,2
responsibility,2
cupid,2
require,2
buje,2
ubbe,2
gans,2
jara,2
dudu,2
alec,2
azra,2
boeuf,2
ccfl,2
study,2
lynn,2
farewell,2
foreign,2
ridge,2
survive,2
nanny,2
alarm,2
myself,2
authority,2
dick,2
they,2
patient,2
sexiness,2
suffer,2
antigen,2
weev,2
berths,2
bake,2
fuku,2
aqsa,2
emolument,2
molecular,2
ankh,2
potter,2
morrow,2
ancient,2
colas,2
rewrite,2
cornea,2
muse,2
dons,2
dike,2
lele,2
insider,2
panther,2
rend,2
chosen,2
perez,2
kiln,2
latino,2
lumi,2
combo,2
cousin,2
czech,2
abdul,2
shops,2
apes,2
making,2
sons,2
pref,2
kiosk,2
boob,2
tang,2
evolution,2
buck,2
focused,2
padm,2
yoyo,2
lending,2
aldi,2
jonathan,2
medicine,2
inky,2
evening,2
brer,2
everyone,2
lian,2
meng,2
grav,2
definition,2
eight,2
evidence,2
available,2
sister,2
telephone,2
stable,2
obey,2
frodo,2
advertiser,2
firmware,2
gets,2
colombian,2
cocain,2
seventh,2
commission,2
officers,2
defence,2
correa,2
sama,2
naia,2
threads,2
saum,2
dfsg,2
unmasked,2
tilak,2
tres,2
slick,2
questionnaire,2
receiver,2
gain,2
rows,2
eben,2
cult,2
tone,2
monkey,2
certain,2
behave,2
players,2
leaks,2
kommen,2
hundred,2
agree,2
khan,2
women,2
digest,2
dublin,2
motor,2
behind,2
warmth,2
thousand,2
enron,2
kman,2
tzow,2
rile,2
simo,2
fitr,2
oecd,2
sacred,2
exes,2
dost,2
lept,2
mjhl,2
entertainment,2
iepe,2
ralf,2
kobe,2
flos,2
blink,2
crono,2
linx,2
mire,2
mard,2
arco,2
fios,2
fills,2
sbcl,2
vaccine,2
chair,2
interiors,2
camping,2
textcolor,2
ends,2
inspectors,2
traces,2
chemicals,2
mideast,2
crisis,2
israel,2
angry,2
coverage,2
exercise,2
bernie,2
supporters,2
headaches,2
hillary,2
remix,2
thar,2
unreal,2
served,2
whiz,2
bellevue,2
swimming,2
satisfaction,2
opie,2
katy,2
reinstate,2
lampedusa,2
moby,2
fucking,2
pixies,2
tibi,2
beacon,2
valdo,2
gomes,2
boos,2
pogo,2
chamber,2
mandela,2
saba,2
motion,2
hurry,2
paro,2
bonn,2
correct,2
halkidiki,2
domini,2
preparer,2
annual,2
paintball,2
burling,2
ccccff,2
september,2
fudd,2
wealthy,2
brute,2
ponzi,2
switch,2
giles,2
lieu,2
giang,2
formed,2
daft,2
goshen,2
ungol,2
interviews,2
bres,2
coetzee,2
cosmic,2
pearls,2
anur,2
jeju,2
taxonomy,2
lois,2
feng,2
bloc,2
scrolling,2
kris,2
specialist,2
bikes,2
indoor,2
whip,2
accurate,2
streaming,2
inen,2
laurens,2
philip,2
booth,2
highlight,2
ventas,2
accessories,2
dens,2
nave,2
discount,2
michaels,2
execution,2
approve,2
praise,2
sally,2
seeds,2
hutu,2
technical,2
miss,2
idiom,2
skill,2
rene,2
ilsley,2
testers,2
wald,2
tung,2
imola,2
solos,2
tiempo,2
reno,2
gook,2
collections,2
bongo,2
lettre,2
izmir,2
testes,2
vouchers,2
woods,2
technet,2
running,2
patri,2
simi,2
rani,2
reboot,2
guayaquil,2
lanterns,2
designing,2
connecter,2
pupa,2
escu,2
stds,2
rifer,2
react,2
porter,2
flip,2
mitra,2
mumbai,2
pvgs,2
rations,2
huda,2
geli,2
roses,2
winn,2
past,2
bong,2
odio,2
carib,2
genies,2
wwwf,2
mmix,2
detected,2
extender,2
modifiers,2
marshall,2
usps,2
hosted,2
dreamers,2
caution,2
vanguard,2
kengen,2
mendy,2
sores,2
flare,2
alix,2
sweep,2
eurt,2
blood,2
marie,2
propane,2
carried,2
moir,2
plod,2
recovers,2
restricted,2
pelle,2
lodging,2
econometrics,2
uncompressed,2
privas,2
patriot,2
equip,2
automated,2
lisp,2
chandler,2
pula,2
nathans,2
robin,2
blogging,2
patents,2
elegant,2
ally,2
mead,2
suki,2
harvey,2
headquarters,2
caml,2
ames,2
filing,2
income,2
fork,2
mayra,2
corr,2
ebola,2
mcafee,2
bent,2
leigh,2
linkin,2
iceman,2
arvo,2
keith,2
breaking,2
registrant,2
schm,2
seda,2
lobo,2
surprise,2
makai,2
seth,2
advancement,2
delgado,2
maureen,2
citizens,2
knin,2
awek,2
allergy,2
chaudhry,2
distance,2
turgid,2
gail,2
gout,2
hdec,2
outdoor,2
troph,2
imation,2
vitali,2
erin,2
kuwait,2
historical,2
acton,2
hobo,2
recipients,2
warmia,2
itty,2
lindstrom,2
winners,2
nono,2
securer,2
piece,2
diji,2
reach,2
maison,2
dumb,2
cycling,2
hours,2
eoghan,2
floppy,2
niklas,2
ludwig,2
unpaid,2
finn,2
xfce,2
chestnut,2
nicholson,2
ough,2
january,2
elastica,2
tangelo,2
montecito,2
kerk,2
mati,2
chimp,2
merchandise,2
bullies,2
typical,2
virginia,2
mercer,2
colorado,2
puns,2
girls,2
favorite,2
logistics,2
renato,2
monteiro,2
ndes,2
acht,2
hazel,2
nemo,2
testimonial,2
trott,2
powered,2
instruction,2
thumbnail,2
rakyat,2
spike,2
dock,2
minato,2
lozi,2
pollard,2
kuro,2
seconds,2
charitable,2
dining,2
registrar,2
tait,1
reiss,1
leap,1
brink,1
eree,1
lios,1
quax,1
hace,1
clank,1
vetting,1
interaction,1
aames,1
filet,1
verso,1
meister,1
zeit,1
bumblebee,1
rosen,1
flops,1
argo,1
alder,1
neal,1
bonner,1
everything,1
included,1
memberships,1
verge,1
tops,1
leys,1
eira,1
chanakya,1
guth,1
ohno,1
neva,1
consultancy,1
hinds,1
colombe,1
scoped,1
cisc,1
akademia,1
landi,1
workshops,1
warsaw,1
pity,1
jardim,1
chapa,1
campinas,1
overbite,1
hygiene,1
amide,1
bhai,1
onda,1
username,1
dama,1
juegos,1
gharbi,1
smileys,1
lungs,1
snob,1
eating,1
pens,1
tsch,1
bases,1
chten,1
trucking,1
maws,1
punt,1
associate,1
verg,1
bagh,1
rentals,1
resolver,1
laren,1
villages,1
madison,1
polio,1
rika,1
feet,1
tariffs,1
vary,1
chita,1
respirator,1
archiver,1
organization,1
timi,1
lorin,1
aren,1
begs,1
dera,1
detector,1
upgraded,1
alexander,1
exotic,1
wildcard,1
frontline,1
earthy,1
eligible,1
satr,1
infocomm,1
reals,1
offsite,1
bookstore,1
empas,1
eywa,1
celine,1
catherine,1
erft,1
coro,1
luiz,1
telefonica,1
gmfo,1
worldcat,1
slave,1
packs,1
oaep,1
ofce,1
popo,1
purchasing,1
ratcliffe,1
electrical,1
klan,1
garrett,1
haney,1
stephen,1
berne,1
hoco,1
vine,1
hyundai,1
disrobed,1
liefer,1
adress,1
bonuses,1
adultery,1
cellphone,1
lignin,1
piau,1
dillon,1
mouse,1
puck,1
todt,1
rues,1
bald,1
kevin,1
crosby,1
cias,1
nidas,1
divas,1
cooper,1
favoriten,1
smaw,1
avit,1
heed,1
nikro,1
tite,1
altu,1
revised,1
dunk,1
emily,1
verde,1
morn,1
compel,1
ezov,1
veer,1
zerg,1
commando,1
arpa,1
eked,1
onsite,1
apollo,1
briggs,1
dimension,1
maat,1
plac,1
bambi,1
trailer,1
swept,1
hail,1
columbus,1
winterize,1
increments,1
mbti,1
consul,1
updraft,1
somos,1
paler,1
cook,1
lande,1
joris,1
beets,1
saratoga,1
numbers,1
fibre,1
widen,1
colomb,1
catty,1
malian,1
acquire,1
strand,1
zeds,1
masks,1
chak,1
fruitful,1
quang,1
rong,1
filer,1
selja,1
unlocked,1
colla,1
clam,1
emerge,1
macbook,1
ange,1
expire,1
nadp,1
boris,1
karen,1
eglinton,1
czar,1
diet,1
keto,1
sensei,1
refreshing,1
heavenly,1
adjusting,1
sulfur,1
andrea,1
andrzej,1
chapel,1
grez,1
zipf,1
bath,1
tomb,1
raider,1
flue,1
returns,1
outgoing,1
berry,1
sourcing,1
shahin,1
welt,1
krla,1
lugo,1
mita,1
weirs,1
pearce,1
xliv,1
escrow,1
halogen,1
shadz,1
empty,1
invent,1
droopy,1
acura,1
populaire,1
mainz,1
sops,1
electron,1
skyl,1
onna,1
dieter,1
tizzy,1
lairs,1
diagnostic,1
carb,1
blur,1
sprinkler,1
thunder,1
contracting,1
womans,1
dant,1
irving,1
abilene,1
winky,1
morin,1
mines,1
scramble,1
aries,1
outing,1
kudo,1
usual,1
bankers,1
came,1
accede,1
went,1
alvar,1
micah,1
arturo,1
tadi,1
trusted,1
usda,1
hati,1
sith,1
huish,1
guys,1
roster,1
limed,1
weir,1
pipa,1
lockout,1
imjin,1
sect,1
curt,1
tally,1
cobweb,1
fern,1
acceded,1
compute,1
trey,1
maxim,1
chefs,1
spreadsheets,1
trivia,1
hory,1
satis,1
christi,1
deuces,1
securing,1
haws,1
taki,1
cricket,1
gaya,1
shay,1
keane,1
automate,1
konga,1
campaign,1
fantasy,1
partitions,1
entropy,1
crest,1
noises,1
repeated,1
fart,1
laxmi,1
earn,1
england,1
rains,1
distances,1
couples,1
wrath,1
tosh,1
wendy,1
honesty,1
nerds,1
assures,1
clash,1
micr,1
arcs,1
flesch,1
vigo,1
flores,1
dooly,1
dwells,1
velo,1
texte,1
accommodation,1
newell,1
expenses,1
tast,1
doctor,1
tamer,1
mosh,1
jain,1
rahim,1
lady,1
toot,1
egan,1
pedis,1
tennis,1
wellington,1
abby,1
tokyo,1
neko,1
maur,1
commercial,1
bmas,1
halas,1
banquo,1
rique,1
hiphop,1
adore,1
gong,1
dummy,1
orbit,1
omani,1
azmi,1
riffle,1
melon,1
assert,1
agra,1
trich,1
nama,1
lope,1
rick,1
taxon,1
realest,1
silva,1
patrik,1
therapy,1
armin,1
mercia,1
ewtn,1
yong,1
refunding,1
comba,1
taku,1
antara,1
contests,1
mola,1
miley,1
cyrus,1
reaper,1
tahitian,1
sora,1
margherita,1
cracking,1
acha,1
merti,1
zden,1
steed,1
walsh,1
abused,1
violence,1
jovanotti,1
staid,1
ormen,1
cinch,1
mothers,1
subtraction,1
scorpio,1
virgo,1
female,1
pati,1
concertina,1
skits,1
hindi,1
defeating,1
discs,1
raven,1
teaching,1
anatomy,1
theft,1
lamer,1
coolest,1
kept,1
claro,1
convinces,1
arranges,1
addressing,1
joint,1
tovar,1
probably,1
amateur,1
bugs,1
keeping,1
defined,1
regulations,1
frequently,1
hyperventilate,1
sporran,1
refusal,1
values,1
extreme,1
soonest,1
sends,1
riding,1
celt,1
expanding,1
communed,1
ameba,1
regard,1
alternate,1
reincarnate,1
panhandled,1
internees,1
tipsier,1
stuttgart,1
infidel,1
pegu,1
mendel,1
gadget,1
mining,1
minim,1
delfi,1
razor,1
alexa,1
speaker,1
variations,1
catcher,1
scalier,1
notepad,1
naturally,1
fender,1
calibre,1
hitman,1
cato,1
sculpt,1
tractor,1
troop,1
macromedia,1
freehand,1
downe,1
conjunto,1
carmen,1
polar,1
lori,1
psychic,1
terre,1
kenz,1
reliance,1
futebol,1
portugu,1
supernatural,1
roof,1
mozzarella,1
sticks,1
seafood,1
alfredo,1
bakers,1
atlanta,1
balad,1
balne,1
cambori,1
ballet,1
ballistic,1
balmoral,1
baltimore,1
orioles,1
hats,1
vectorial,1
navajo,1
translation,1
inti,1
tabla,1
salle,1
asse,1
allium,1
hommes,1
crime,1
gangplanks,1
trysted,1
concedes,1
diggers,1
chino,1
elah,1
goux,1
watt,1
desa,1
internazionale,1
lillo,1
concerto,1
corte,1
rimes,1
carrell,1
babylon,1
vcard,1
accident,1
tomo,1
monaco,1
swazi,1
banalities,1
carmine,1
dingo,1
estr,1
spacey,1
egress,1
poniards,1
figurine,1
errant,1
bunked,1
tinning,1
treader,1
yuppie,1
staying,1
vanishings,1
yeni,1
naan,1
fels,1
goya,1
governing,1
institution,1
fatal,1
hayy,1
ogles,1
toph,1
whig,1
shac,1
lees,1
nats,1
lacha,1
ocoa,1
efta,1
thyre,1
lure,1
tons,1
rost,1
wado,1
stomo,1
agli,1
steen,1
nasa,1
apses,1
keck,1
soaps,1
sees,1
sols,1
tack,1
yves,1
notch,1
kurd,1
dirt,1
wham,1
sardo,1
ludo,1
soshu,1
hoodoo,1
sate,1
shap,1
agnon,1
shuzo,1
altes,1
pans,1
ovaj,1
hove,1
sula,1
foom,1
nuri,1
grisham,1
aksu,1
kyro,1
chug,1
diki,1
loore,1
shogo,1
olawe,1
hedy,1
groat,1
noon,1
soak,1
jeep,1
steer,1
suny,1
zach,1
eest,1
answered,1
polynomial,1
eccentricity,1
serviceable,1
garda,1
mirin,1
vena,1
gald,1
knot,1
stiff,1
unveiled,1
slime,1
rancher,1
feces,1
gerry,1
hotspot,1
creator,1
gmaw,1
messe,1
corel,1
chao,1
ragdoll,1
savers,1
cooled,1
integer,1
arata,1
blotter,1
marketer,1
foxy,1
chicken,1
invaders,1
cluck,1
hallow,1
treasures,1
montezuma,1
distributive,1
modem,1
aires,1
financiers,1
toolkit,1
addictive,1
mercury,1
hanger,1
daman,1
guan,1
thys,1
zhongwen,1
peep,1
tonic,1
ascii,1
accomac,1
genre,1
asheville,1
islam,1
milo,1
filesystem,1
mera,1
dairy,1
fourth,1
attic,1
lalla,1
knottier,1
offline,1
continental,1
reactivate,1
agriculture,1
leads,1
indexing,1
frances,1
sirs,1
asmara,1
chapter,1
eazy,1
pierre,1
pann,1
jensen,1
jess,1
anted,1
acte,1
goldrush,1
atta,1
roads,1
kuma,1
hayk,1
martino,1
jorge,1
unions,1
zips,1
going,1
auch,1
hens,1
whit,1
santo,1
delve,1
drill,1
norn,1
mate,1
chars,1
chaim,1
backlinks,1
ramen,1
sated,1
pimp,1
phish,1
calan,1
rival,1
borderless,1
secci,1
resolutions,1
paged,1
mara,1
accrual,1
serf,1
mugs,1
enterprises,1
seems,1
definitive,1
gero,1
malay,1
keik,1
molly,1
innovations,1
colorful,1
lincoln,1
anterior,1
rebate,1
facilities,1
koran,1
norms,1
atka,1
shakti,1
spain,1
ogni,1
depth,1
realer,1
chok,1
isle,1
greatest,1
bois,1
muni,1
resist,1
rochelle,1
attackers,1
paging,1
forefront,1
logger,1
coll,1
grower,1
finger,1
bowdoin,1
kommun,1
coutts,1
hornet,1
creed,1
citizenship,1
testimonials,1
oral,1
tourism,1
undetectable,1
nests,1
toral,1
gnat,1
swab,1
missa,1
tudo,1
munich,1
slate,1
scarf,1
scarface,1
hiiu,1
sprit,1
collector,1
picard,1
shore,1
swifts,1
adidas,1
aziz,1
outed,1
kirsten,1
rescue,1
cyan,1
gund,1
freed,1
anzac,1
satchels,1
spree,1
graves,1
dustin,1
surgical,1
adri,1
expecting,1
kassa,1
zile,1
shawn,1
avars,1
nele,1
newsletters,1
rahman,1
bass,1
battle,1
impression,1
increase,1
eing,1
omid,1
kaid,1
nile,1
motivation,1
spears,1
unep,1
conquista,1
diger,1
azur,1
anim,1
titanic,1
tobacco,1
iwork,1
blocker,1
hercule,1
shab,1
fortune,1
ostr,1
collaborator,1
noda,1
yute,1
frou,1
cill,1
avail,1
hutt,1
blica,1
miko,1
kwame,1
massimo,1
sert,1
cantus,1
cesar,1
medo,1
lago,1
kish,1
villette,1
contrary,1
perfections,1
names,1
hare,1
rger,1
pedersen,1
celebrant,1
easily,1
isabel,1
neto,1
marcia,1
injection,1
crystals,1
mendes,1
morla,1
carla,1
rosemary,1
sanaa,1
diniz,1
jimmy,1
dwarka,1
hmcs,1
armel,1
lube,1
jaur,1
tine,1
goten,1
facere,1
frik,1
lyrics,1
erich,1
gali,1
belled,1
sarah,1
teri,1
chink,1
bose,1
unite,1
acts,1
renders,1
lobe,1
ventures,1
nordic,1
bureau,1
beli,1
spicy,1
slye,1
stella,1
lams,1
ikea,1
trna,1
gmtv,1
siler,1
memory,1
edgewater,1
foremost,1
locator,1
ciara,1
diemen,1
tose,1
praia,1
casino,1
pastas,1
headphone,1
planner,1
mackenzie,1
spence,1
manuel,1
ailly,1
plywood,1
marvel,1
champions,1
thursday,1
caras,1
waterfall,1
bossed,1
pore,1
developer,1
refuse,1
msds,1
boso,1
spending,1
arbeit,1
millie,1
sellers,1
unwanted,1
ilex,1
sparkling,1
durch,1
billiard,1
chel,1
hoffmann,1
palmer,1
chuva,1
blackboards,1
calf,1
sake,1
huwa,1
hark,1
corsa,1
alph,1
mchl,1
aern,1
ehux,1
rdns,1
anal,1
thirty,1
pint,1
menage,1
cylon,1
hgba,1
calculations,1
noddy,1
geng,1
wishes,1
usada,1
dvds,1
erst,1
colegio,1
cathy,1
lima,1
medicals,1
chaser,1
salient,1
gregory,1
recieve,1
luncheon,1
mult,1
cutie,1
replay,1
pave,1
pediatric,1
baux,1
crediting,1
portland,1
tors,1
cari,1
fabrics,1
inward,1
kroc,1
kitti,1
penny,1
pipe,1
fitting,1
mbts,1
bahi,1
yens,1
spare,1
kuga,1
docker,1
macs,1
nihon,1
manoel,1
afonso,1
mailings,1
rubin,1
susi,1
alalam,1
romania,1
faire,1
mals,1
iller,1
silla,1
annan,1
hush,1
nard,1
compress,1
aidi,1
kyda,1
lark,1
tines,1
cools,1
aquifer,1
mayo,1
kamal,1
seiko,1
strete,1
flavour,1
cabs,1
monograms,1
eeri,1
liev,1
henn,1
acorn,1
written,1
fifth,1
afeeee,1
alianza,1
prosper,1
acer,1
nene,1
authorisation,1
lennart,1
ingy,1
lawyer,1
efefef,1
terrance,1
spells,1
alor,1
imps,1
dann,1
kijiji,1
lyte,1
ninety,1
hoto,1
puyo,1
kerr,1
dante,1
blake,1
prema,1
copter,1
salami,1
suter,1
famous,1
talos,1
purpose,1
ncel,1
spice,1
agama,1
preventive,1
jaguar,1
fotogr,1
farmland,1
drei,1
nextstep,1
puffy,1
cles,1
hospital,1
pete,1
sverige,1
dink,1
lapo,1
airbus,1
printemps,1
milan,1
taxed,1
oxer,1
severa,1
iwan,1
hayner,1
dayton,1
ander,1
wellesley,1
veranda,1
burbank,1
bomb,1
breezing,1
lilly,1
encore,1
govia,1
achy,1
geller,1
turn,1
vung,1
envision,1
dear,1
maher,1
ducts,1
urban,1
piazza,1
connects,1
angels,1
orientals,1
meso,1
vanuatu,1
jure,1
pollen,1
midwest,1
bizkit,1
sabc,1
jean,1
override,1
andorra,1
gross,1
movers,1
organisations,1
mccormick,1
viti,1
furnitures,1
nunn,1
rating,1
neighborhood,1
sindi,1
wbtv,1
inks,1
hasek,1
petty,1
reef,1
traviata,1
buds,1
husky,1
merrill,1
lynch,1
lila,1
lptb,1
pates,1
zori,1
juicy,1
integrated,1
concern,1
trait,1
paolo,1
ecebbd,1
cambio,1
formulation,1
refundable,1
armando,1
awal,1
rehab,1
death,1
former,1
entity,1
keller,1
shots,1
struct,1
revista,1
checkouts,1
harlequin,1
khqn,1
continues,1
atul,1
stip,1
jags,1
parameter,1
outlines,1
arrivals,1
winer,1
baltic,1
concierge,1
felicity,1
gard,1
gustav,1
laude,1
otis,1
janel,1
samara,1
zuckerberg,1
mongol,1
visitor,1
coauthor,1
deduction,1
broy,1
karta,1
kham,1
comerica,1
stary,1
oman,1
bushland,1
negotiate,1
getup,1
caro,1
wets,1
aere,1
concealed,1
demi,1
artefacts,1
chromes,1
donne,1
ffdddd,1
frida,1
fondo,1
coral,1
surrey,1
glow,1
later,1
hanna,1
mages,1
sweets,1
geshe,1
wigwam,1
chuma,1
acquaintance,1
recreational,1
leisure,1
mimi,1
gradient,1
granny,1
wizards,1
indefinite,1
roamer,1
loops,1
ruhr,1
bajo,1
hasty,1
nmap,1
internationl,1
miel,1
undp,1
tikka,1
shuttle,1
sander,1
assassin,1
blockade,1
saro,1
karina,1
allahabad,1
erik,1
screens,1
starship,1
successes,1
pecs,1
ello,1
umbra,1
teach,1
samsu,1
paint,1
mant,1
sinn,1
saud,1
voix,1
puts,1
berman,1
labb,1
sapphire,1
baloo,1
showcase,1
troy,1
webber,1
texts,1
ewers,1
carnivorous,1
dota,1
donations,1
fink,1
allocations,1
amigos,1
forklifts,1
forbidden,1
francis,1
oara,1
gordo,1
etsi,1
jaws,1
cristal,1
abbot,1
blowing,1
zola,1
flames,1
barq,1
heid,1
valve,1
determine,1
distant,1
financing,1
demeter,1
privy,1
mavericks,1
shade,1
chavez,1
nieuw,1
relate,1
recke,1
rings,1
barcode,1
carica,1
arol,1
kirov,1
troys,1
flashes,1
odeo,1
frey,1
phantoms,1
epos,1
termination,1
nter,1
armstrong,1
isles,1
lance,1
freshest,1
adug,1
dignity,1
impaired,1
efforts,1
effects,1
abul,1
publicity,1
showroom,1
robe,1
introduce,1
amblin,1
arse,1
offensives,1
roca,1
pioneers,1
administraci,1
sien,1
stork,1
jair,1
vivien,1
milla,1
leaked,1
pakistan,1
pings,1
blackberry,1
superman,1
skid,1
kino,1
salc,1
adman,1
diama,1
azadi,1
floyd,1
schwartz,1
gossips,1
political,1
likes,1
nazi,1
ncos,1
reasons,1
efim,1
nari,1
tavi,1
lohn,1
poppy,1
haunted,1
erick,1
martial,1
mighty,1
euros,1
buildings,1
barman,1
odor,1
tasty,1
venezia,1
interior,1
merman,1
races,1
goll,1
syco,1
pcha,1
schule,1
avenue,1
chic,1
ntop,1
helios,1
contradictory,1
carmela,1
soprano,1
garc,1
remembering,1
pill,1
equal,1
gowns,1
ionized,1
lorn,1
pits,1
ides,1
lecco,1
urea,1
geologic,1
alia,1
perla,1
terri,1
sugarloaf,1
ravenna,1
lyeh,1
milford,1
hongkong,1
concentrates,1
jank,1
bago,1
faxing,1
ordinarily,1
extraordinary,1
dwell,1
nuff,1
salute,1
coventry,1
ammi,1
corn,1
hebron,1
cheer,1
calendars,1
championships,1
hollywood,1
herbert,1
schoen,1
neuer,1
ttel,1
bromley,1
mohammed,1
pandora,1
affecting,1
struck,1
mejor,1
universidad,1
fles,1
medico,1
vibrations,1
marches,1
tented,1
bats,1
celebration,1
coiffure,1
orchestra,1
yomu,1
cercle,1
ronne,1
macgregor,1
primeros,1
maracaibo,1
auditorio,1
arista,1
stev,1
asti,1
radi,1
commissions,1
sinkhole,1
alda,1
tamest,1
trap,1
klose,1
prana,1
frueh,1
kein,1
intelligenz,1
licht,1
emotion,1
asesor,1
iast,1
practices,1
television,1
amit,1
gnis,1
hann,1
medes,1
scapula,1
dalhousie,1
duplicate,1
bari,1
sane,1
vegas,1
baar,1
barratt,1
loses,1
giro,1
eine,1
gave,1
ocampo,1
palace,1
pottery,1
routes,1
utrecht,1
authorized,1
wolfsburg,1
gladbach,1
platz,1
ghat,1
dubu,1
saxe,1
palais,1
hombre,1
quill,1
glitter,1
truth,1
pact,1
flux,1
functionality,1
infusing,1
lame,1
calo,1
nuncio,1
speeds,1
relation,1
geelong,1
camperdown,1
gfci,1
ionizer,1
synonym,1
hauling,1
mondo,1
prada,1
mezzo,1
murray,1
attorney,1
meno,1
stye,1
dart,1
cities,1
peps,1
cava,1
alertness,1
artists,1
fiona,1
pardi,1
biography,1
aoba,1
kurf,1
ivor,1
remiss,1
toyota,1
kulm,1
eoin,1
tbol,1
fene,1
handl,1
perception,1
lidl,1
wagn,1
icbm,1
oper,1
kickers,1
deli,1
approvals,1
caserta,1
ingles,1
lyes,1
wnew,1
aboutus,1
fabi,1
liao,1
lise,1
ivani,1
iyaz,1
csma,1
cote,1
tabl,1
tcdd,1
aadbff,1
riaa,1
fabbri,1
lush,1
unti,1
fpah,1
aves,1
millers,1
casework,1
vinh,1
witt,1
acqua,1
hain,1
campagna,1
cadel,1
rnik,1
spezia,1
venta,1
morelos,1
bernese,1
silex,1
redondo,1
turino,1
fulda,1
markham,1
belly,1
fitness,1
deez,1
premier,1
league,1
laughter,1
funniest,1
fails,1
nang,1
temur,1
cero,1
nusa,1
tyus,1
jeane,1
epps,1
stal,1
corrie,1
cattle,1
hulk,1
levar,1
estadio,1
dree,1
lydia,1
nema,1
enrique,1
judi,1
amor,1
kjell,1
dadu,1
mows,1
duet,1
nubia,1
enwp,1
installed,1
amur,1
hags,1
contractors,1
chief,1
cooker,1
math,1
kurdish,1
bigos,1
posters,1
paginate,1
mash,1
belge,1
heartlands,1
pulp,1
krajina,1
dmca,1
bunny,1
emailing,1
entrep,1
mops,1
pops,1
histoire,1
leading,1
cebu,1
cooh,1
brod,1
audiofile,1
chrysanthemum,1
ralph,1
loman,1
racing,1
cheats,1
irony,1
salomon,1
keylogger,1
turkmenistan,1
advantage,1
hungry,1
linex,1
hydra,1
vanessa,1
asco,1
commands,1
infect,1
chromel,1
verdi,1
lorena,1
mend,1
diario,1
hmas,1
songs,1
spotlight,1
horizonte,1
avenger,1
atalanta,1
mazurek,1
zard,1
joki,1
mats,1
csun,1
oswald,1
rashest,1
comfortably,1
bustle,1
reciprocal,1
elbe,1
gored,1
rendell,1
abacus,1
rough,1
nails,1
puppy,1
stress,1
extracts,1
hype,1
polite,1
albany,1
elie,1
marginal,1
gunboat,1
bristle,1
deny,1
thor,1
drang,1
getty,1
yoen,1
kusel,1
socket,1
kern,1
stamping,1
gratifies,1
beater,1
temerity,1
rated,1
ried,1
brows,1
backpacks,1
mingled,1
nava,1
raab,1
secretary,1
throw,1
kara,1
mehdi,1
sart,1
indulgence,1
eggs,1
however,1
vlast,1
linger,1
sentence,1
errand,1
plant,1
lose,1
dagr,1
kale,1
regret,1
upfront,1
expectancy,1
pyxis,1
hudf,1
aunt,1
kori,1
vrba,1
rcmp,1
gars,1
awes,1
lcds,1
blabs,1
tarn,1
least,1
peruses,1
reinvent,1
trag,1
ahab,1
glacier,1
fuga,1
capitol,1
beautify,1
perishes,1
sharks,1
ecru,1
inexpensive,1
alternative,1
unavailable,1
wahl,1
maeve,1
rosi,1
rural,1
felling,1
trees,1
salon,1
forty,1
worry,1
brow,1
faster,1
unless,1
quarrel,1
holiday,1
whom,1
carriage,1
thief,1
clad,1
breath,1
fist,1
smell,1
shutter,1
ridiculous,1
grasp,1
gaze,1
knock,1
armor,1
whistle,1
fudge,1
conduct,1
lighter,1
whoever,1
slope,1
flush,1
tread,1
transparent,1
early,1
firing,1
snub,1
revolvers,1
dunav,1
several,1
poet,1
jinx,1
lahr,1
glia,1
rabbit,1
bowl,1
within,1
torment,1
anyhow,1
painful,1
willow,1
toast,1
helmet,1
shadowy,1
doze,1
noise,1
bargain,1
brave,1
unpleasant,1
opportunity,1
clumsy,1
awful,1
unseen,1
graceful,1
distract,1
oxford,1
eels,1
including,1
instance,1
emdr,1
hibs,1
fugu,1
resentment,1
weta,1
laudatory,1
stairwell,1
reduce,1
seagulls,1
grammarian,1
gusto,1
streamlines,1
odour,1
aesthetically,1
repository,1
latin,1
tattoo,1
myriads,1
moral,1
coauthored,1
pillaging,1
shrinking,1
radium,1
prepare,1
petrels,1
carnal,1
dagger,1
mina,1
extent,1
drizzles,1
glossary,1
calligrapher,1
seeking,1
immigration,1
bravest,1
noli,1
porch,1
plow,1
stoppage,1
messi,1
yegor,1
ruslan,1
marca,1
sham,1
netbot,1
alina,1
shang,1
shipp,1
shakur,1
marvin,1
grease,1
arlon,1
blacker,1
grove,1
maurice,1
kindergarten,1
abuja,1
worst,1
shape,1
gulp,1
crank,1
standing,1
wired,1
wank,1
playboy,1
filters,1
phantom,1
mathias,1
ponies,1
tekken,1
colin,1
collin,1
gino,1
brother,1
andr,1
miners,1
elder,1
dolan,1
baro,1
siri,1
shaka,1
dollars,1
crores,1
ernest,1
dekalb,1
eddy,1
surfing,1
novice,1
boxing,1
blinks,1
mafia,1
stealer,1
astor,1
hive,1
novel,1
merlin,1
madness,1
zulu,1
dexter,1
graced,1
stealth,1
recyclable,1
herding,1
sola,1
limpopo,1
autos,1
raff,1
enumerate,1
melanie,1
maybe,1
influence,1
settle,1
nutritional,1
aeroflot,1
except,1
herself,1
pine,1
miserable,1
interesting,1
shiny,1
rises,1
falls,1
specific,1
spools,1
kelvin,1
fired,1
would,1
freeze,1
hiring,1
pushes,1
ising,1
ties,1
arif,1
zoes,1
nerf,1
miyu,1
huff,1
qshl,1
declares,1
missile,1
hazard,1
twitch,1
twin,1
pion,1
luxembourg,1
igua,1
strengthen,1
pili,1
liang,1
auxiliary,1
kolya,1
xian,1
certainly,1
anymore,1
fasten,1
thoughtful,1
seize,1
rustle,1
nearly,1
workouts,1
workout,1
recently,1
entire,1
toys,1
powder,1
disguise,1
effort,1
breast,1
nonsense,1
backs,1
depreciation,1
valuations,1
husband,1
should,1
camberwell,1
listen,1
weapon,1
kannada,1
contestants,1
cunning,1
frighten,1
beard,1
shrill,1
blind,1
sock,1
uruk,1
lender,1
ought,1
motive,1
corridor,1
chengdu,1
sensible,1
haunt,1
bench,1
snore,1
meanwhile,1
grippe,1
malware,1
seldom,1
sword,1
baiji,1
soil,1
flipping,1
profits,1
zune,1
ordering,1
audios,1
attitude,1
cope,1
sidekick,1
attempts,1
narrow,1
teal,1
duve,1
appalachian,1
dali,1
katrina,1
piranha,1
espying,1
cubr,1
motoko,1
kusanagi,1
compiled,1
fawn,1
turquoise,1
description,1
cigar,1
chuck,1
gilbert,1
tomorrow,1
occurrence,1
encouraged,1
blak,1
writing,1
gamma,1
mahon,1
economy,1
tangible,1
recommends,1
sikh,1
trialed,1
juniors,1
mates,1
seeks,1
batch,1
parity,1
neue,1
ceni,1
gonzalo,1
bomba,1
serov,1
uniqueness,1
reveal,1
websites,1
used,1
niels,1
stacks,1
integrity,1
scheduler,1
referee,1
retrievals,1
sari,1
glitziest,1
serialize,1
tablets,1
tzar,1
yamanashi,1
lean,1
gimme,1
nigga,1
accurately,1
tapas,1
cents,1
stocks,1
decrypt,1
defile,1
emap,1
presser,1
asma,1
phra,1
dyno,1
dahl,1
hezbollah,1
usmc,1
exploits,1
drawer,1
destroy,1
crackle,1
shuffle,1
strap,1
mortal,1
uncomfortable,1
noble,1
rather,1
thrust,1
beru,1
belize,1
rink,1
kamil,1
wiry,1
studi,1
lips,1
wings,1
shua,1
fabian,1
thelma,1
succ,1
mpgu,1
sump,1
velvet,1
declare,1
upset,1
mistaken,1
cigarette,1
steady,1
olaf,1
tarts,1
encounter,1
temporary,1
tremendous,1
absorb,1
amid,1
ghoul,1
twinkle,1
neng,1
ikuo,1
interfaces,1
partook,1
hadad,1
almaz,1
awol,1
loeb,1
vista,1
fujii,1
brak,1
voisin,1
yossi,1
euwe,1
flowers,1
horses,1
goose,1
collar,1
bound,1
discards,1
shanghai,1
muss,1
tourist,1
snake,1
cartoon,1
nrem,1
spoon,1
purple,1
triumph,1
seat,1
butter,1
curve,1
frequent,1
sherlock,1
exceeding,1
carve,1
shaft,1
confess,1
peek,1
sncl,1
conclude,1
referent,1
rgen,1
lasagna,1
maxine,1
producers,1
ironing,1
wrinkle,1
grabber,1
considerable,1
convey,1
nods,1
pmmp,1
monstrous,1
arrive,1
wherever,1
hopeful,1
departure,1
altogether,1
atmosphere,1
badge,1
peculiar,1
udfy,1
peer,1
sebb,1
hackers,1
baht,1
atms,1
nira,1
nanda,1
associated,1
gere,1
buns,1
paho,1
puss,1
punch,1
marvellous,1
peaceful,1
princeton,1
stade,1
jeffrey,1
yell,1
fright,1
assemble,1
sergeant,1
handkerchief,1
frightful,1
alte,1
dads,1
mulc,1
sustainability,1
disability,1
accessibility,1
warr,1
olympics,1
opon,1
darkness,1
toll,1
stoop,1
cheerful,1
moan,1
clothe,1
roadhouse,1
finds,1
loyalty,1
biggest,1
crash,1
everywhere,1
susan,1
simk,1
barbe,1
jons,1
both,1
moten,1
drugs,1
suva,1
blueberry,1
cream,1
brit,1
pediatrics,1
premature,1
ovarian,1
authorised,1
paco,1
lixo,1
brooklyn,1
sensation,1
somehow,1
cling,1
creature,1
objection,1
obvious,1
shiver,1
xavi,1
judo,1
jape,1
demographic,1
relationship,1
emotional,1
influences,1
decisions,1
boyac,1
victorias,1
spots,1
nerd,1
mykonos,1
luxury,1
siro,1
puny,1
dyke,1
eastwood,1
narrative,1
sacp,1
moci,1
extends,1
bring,1
mammals,1
dwellers,1
microbats,1
buying,1
drawing,1
leader,1
senegal,1
opel,1
sedan,1
undefined,1
pica,1
kars,1
feature,1
datacenter,1
delegate,1
qualifying,1
transformed,1
affairs,1
meps,1
fires,1
pyongyang,1
launches,1
projectile,1
strikes,1
residents,1
consider,1
expansion,1
inaugurates,1
diplomatic,1
asean,1
mismatch,1
newsid,1
stein,1
underway,1
ukraine,1
syrian,1
rockets,1
aleppo,1
perfects,1
veterinary,1
collide,1
nils,1
veganism,1
arma,1
judas,1
jawi,1
fupa,1
pigs,1
qaim,1
violation,1
bianca,1
stupid,1
pharmacy,1
brutal,1
zhen,1
kaya,1
boron,1
arkas,1
ergo,1
bows,1
yumi,1
casta,1
mahl,1
arcc,1
tujh,1
yogurt,1
tied,1
recipes,1
sashimi,1
wasabi,1
daiko,1
dressing,1
peneus,1
poni,1
neon,1
valle,1
norris,1
jogs,1
boke,1
coir,1
quant,1
vaux,1
lany,1
isch,1
lupa,1
bibi,1
sfpa,1
hana,1
torn,1
axel,1
gobs,1
pawl,1
emir,1
elea,1
destinations,1
backpackers,1
southeast,1
spira,1
samu,1
analog,1
keeps,1
improving,1
given,1
conditions,1
flay,1
doak,1
pupo,1
woon,1
dkny,1
spee,1
vets,1
remitted,1
csup,1
klux,1
bchl,1
csec,1
huai,1
jets,1
tuff,1
hctz,1
echm,1
cuia,1
styled,1
jklf,1
exup,1
kreis,1
peay,1
fess,1
jibe,1
noun,1
yvon,1
dobre,1
koll,1
serendipity,1
doggy,1
cssr,1
hele,1
conk,1
folded,1
twist,1
gabriel,1
dimond,1
mugu,1
rector,1
gadgets,1
skool,1
kinetics,1
plumbs,1
limbo,1
magoo,1
luci,1
siit,1
foxe,1
exploit,1
kingz,1
daud,1
dolph,1
kuta,1
cicada,1
comet,1
cage,1
pone,1
hemi,1
pier,1
rfcs,1
ncsu,1
experiences,1
resorts,1
titles,1
huan,1
orul,1
claus,1
ayte,1
gigabyte,1
agen,1
baer,1
chong,1
junta,1
marm,1
bier,1
piff,1
empire,1
tepee,1
temper,1
chye,1
haul,1
argent,1
veritas,1
deadline,1
nosh,1
hans,1
irix,1
puget,1
roper,1
nelly,1
chill,1
panels,1
taro,1
sammy,1
cocaine,1
chilly,1
valuing,1
vineyard,1
vaud,1
logb,1
certification,1
quincy,1
architectural,1
massa,1
incorrectly,1
peal,1
correspondences,1
frond,1
emmen,1
composition,1
susanna,1
repo,1
merrick,1
enlist,1
sours,1
blackstone,1
skinny,1
spear,1
sight,1
michelle,1
tabak,1
screw,1
lovely,1
armani,1
closer,1
bursa,1
successfully,1
poseidon,1
temps,1
discovery,1
giga,1
braj,1
promocional,1
yuck,1
tonal,1
baxter,1
dropping,1
geed,1
oily,1
serves,1
landline,1
garten,1
christopher,1
nore,1
alignment,1
cach,1
southern,1
orfeo,1
paste,1
pital,1
cayman,1
aspect,1
historia,1
buyers,1
tando,1
finals,1
maja,1
teases,1
logan,1
palio,1
hugh,1
hamper,1
unsafe,1
rake,1
elkhart,1
chains,1
glob,1
berar,1
zines,1
heavens,1
detached,1
janeiro,1
regia,1
because,1
ciales,1
senate,1
stad,1
bitty,1
fees,1
radiate,1
container,1
behring,1
alma,1
tria,1
gluck,1
rango,1
shannon,1
constants,1
booty,1
pani,1
chide,1
llah,1
lateral,1
erdo,1
berger,1
vermont,1
dorm,1
stam,1
namo,1
wellcome,1
weber,1
photographer,1
warcraft,1
naha,1
collage,1
novembro,1
donald,1
drifter,1
perret,1
optic,1
rives,1
khawaja,1
dore,1
commodore,1
nicki,1
varg,1
barn,1
negotiating,1
patent,1
thuy,1
automatic,1
bolling,1
exist,1
ambitious,1
recharge,1
brasileiro,1
heir,1
plastic,1
debentures,1
tupi,1
divers,1
tierra,1
espanol,1
habs,1
yasi,1
sadia,1
loose,1
tackle,1
welded,1
srbs,1
galore,1
passing,1
grappa,1
skull,1
psyche,1
ghara,1
comming,1
anglais,1
ladin,1
pause,1
aluta,1
looked,1
alicia,1
melville,1
explosion,1
istanbul,1
compromise,1
shopkeeper,1
melt,1
through,1
sounds,1
futbol,1
kanda,1
tiki,1
diode,1
chum,1
plaster,1
creatives,1
waterproof,1
forgotten,1
calves,1
concurs,1
triple,1
stables,1
donec,1
tellus,1
yaxh,1
nausea,1
woolworths,1
timbers,1
marcos,1
nicks,1
onide,1
dominate,1
rind,1
bling,1
novas,1
mold,1
spiro,1
kato,1
anytime,1
instrumental,1
radar,1
premiere,1
partie,1
lugar,1
conform,1
protein,1
psst,1
kelp,1
sawn,1
gogi,1
quadrennial,1
voters,1
flower,1
replacement,1
jove,1
oleg,1
grandma,1
mathematics,1
solving,1
blueprints,1
mediawiki,1
brooke,1
cameron,1
trams,1
stephan,1
brittain,1
josef,1
micha,1
assembly,1
cardo,1
romm,1
checkbook,1
todd,1
yates,1
abingdon,1
usar,1
birds,1
education,1
dees,1
toque,1
holme,1
emme,1
monumentale,1
nouvelles,1
missions,1
schedules,1
comeback,1
buffett,1
worlds,1
sara,1
mergers,1
paras,1
cccccc,1
uris,1
knak,1
vance,1
subcontractor,1
induction,1
sonic,1
gulf,1
matchbox,1
glbt,1
fair,1
bayern,1
giggle,1
bragg,1
espn,1
ammad,1
patel,1
akron,1
kriss,1
zide,1
celebrities,1
bogus,1
camden,1
evap,1
anzio,1
kapital,1
guidelines,1
coordinate,1
determination,1
recap,1
tenu,1
rion,1
clery,1
baas,1
sift,1
restaurants,1
alger,1
clave,1
dwan,1
gwan,1
tricks,1
knowing,1
zand,1
loch,1
doping,1
achievement,1
binding,1
redirected,1
mchale,1
diminish,1
immediately,1
prom,1
storyteller,1
christa,1
umbrella,1
perk,1
brel,1
shreyas,1
sage,1
lega,1
albino,1
antony,1
davi,1
gameplay,1
franky,1
ibrahimovi,1
necro,1
germanotta,1
thnks,1
santiago,1
abstracts,1
catedral,1
payoff,1
cove,1
curva,1
huesca,1
marti,1
opened,1
tafe,1
coot,1
armada,1
kero,1
vibes,1
rotate,1
sonia,1
wording,1
savage,1
unusual,1
neem,1
schwa,1
ewer,1
topaz,1
urga,1
medusa,1
kown,1
ales,1
dango,1
sheng,1
staples,1
escort,1
mahi,1
cnbc,1
pkcs,1
pama,1
linearly,1
ukko,1
sticky,1
applet,1
gunter,1
rims,1
offense,1
sticker,1
stickers,1
cary,1
zlib,1
recommendations,1
kuen,1
sleek,1
plexus,1
sizzle,1
checked,1
bilis,1
mises,1
contemplate,1
pang,1
alumni,1
visite,1
umpire,1
bracelets,1
appeared,1
grading,1
comfort,1
marktplaats,1
navidad,1
salves,1
warfare,1
futility,1
allianz,1
weather,1
dales,1
ggen,1
gloves,1
enabled,1
gibe,1
bluray,1
cams,1
brookfield,1
watchlist,1
correspondence,1
monmouth,1
chili,1
dpkg,1
pizza,1
bytes,1
stratos,1
fonda,1
ifos,1
directives,1
complements,1
eclipse,1
nchez,1
joseph,1
consultation,1
outstanding,1
amer,1
classifications,1
genera,1
duct,1
deum,1
loving,1
tinder,1
exia,1
broad,1
regards,1
obituaries,1
obituary,1
khamis,1
blatt,1
lingerie,1
sleep,1
upstream,1
huon,1
repairs,1
jang,1
formations,1
dunes,1
cagy,1
teacher,1
depend,1
hayes,1
varga,1
tempt,1
klasse,1
liese,1
breward,1
gear,1
stands,1
aston,1
yankee,1
jotun,1
tiko,1
carri,1
passions,1
ibdp,1
flights,1
prepared,1
award,1
zinj,1
kass,1
logy,1
dela,1
clos,1
dyna,1
mika,1
carp,1
unauthorized,1
lodr,1
constructor,1
stephanie,1
glover,1
reasoning,1
prep,1
handyman,1
rizm,1
christians,1
workplaces,1
zurich,1
mawr,1
scores,1
samson,1
spellchecker,1
manul,1
maximal,1
checkpoints,1
staffing,1
printer,1
took,1
href,1
pura,1
olms,1
sises,1
easiest,1
solve,1
jung,1
mileages,1
koon,1
reject,1
dubz,1
timon,1
cologne,1
howard,1
christina,1
brokerage,1
tenant,1
angeli,1
strada,1
zeng,1
jody,1
effortlessly,1
smoothly,1
stranger,1
things,1
trucks,1
agcl,1
akwa,1
prefer,1
manger,1
redlink,1
pose,1
robert,1
stafford,1
elven,1
electronic,1
train,1
insides,1
lassi,1
jira,1
gummo,1
xlvi,1
poky,1
dilly,1
highlights,1
engagement,1
erica,1
burundi,1
taste,1
antilles,1
daniela,1
delineate,1
macht,1
budd,1
ollywood,1
lederer,1
dios,1
tuning,1
dior,1
audiophile,1
lenten,1
viktor,1
yume,1
goldbach,1
colditz,1
markt,1
benedikt,1
teil,1
bali,1
lland,1
rangers,1
albums,1
piedmont,1
lynx,1
pacer,1
fina,1
nzen,1
ruffed,1
juris,1
prices,1
staw,1
fendi,1
colt,1
pale,1
extractor,1
judy,1
tenser,1
goodyear,1
chiswick,1
auctions,1
rmit,1
dismissed,1
bangalore,1
monasteries,1
aceh,1
interrupt,1
minder,1
alus,1
cornu,1
scholarship,1
checklist,1
professional,1
ahlen,1
nicht,1
alten,1
knoxville,1
loans,1
suzy,1
ardc,1
subscriber,1
baqi,1
corrections,1
locke,1
bottoms,1
forgot,1
literature,1
motoo,1
asker,1
pods,1
ladak,1
seminal,1
roger,1
extravaganza,1
nuss,1
generators,1
surname,1
tmnt,1
nanga,1
ritz,1
betting,1
pcgn,1
naru,1
pavel,1
pilaf,1
derby,1
francisco,1
sponsors,1
swep,1
kommune,1
contae,1
pinaceae,1
cleansing,1
hamid,1
instruments,1
liners,1
winkle,1
cause,1
olga,1
penn,1
bidding,1
sphere,1
enhancement,1
oceanside,1
glider,1
millennial,1
graduate,1
msud,1
carlsbad,1
knob,1
anfal,1
zeman,1
tara,1
blount,1
sncf,1
russell,1
parks,1
tracer,1
macao,1
cuba,1
messer,1
hett,1
strain,1
erste,1
colby,1
loup,1
fight,1
sufferers,1
mwai,1
charlie,1
universidade,1
jerseys,1
mirage,1
autism,1
galv,1
philippe,1
mano,1
miro,1
laurie,1
rivas,1
arni,1
opry,1
foes,1
transmit,1
urchin,1
nsson,1
latif,1
bays,1
seducing,1
hampton,1
lovett,1
rotes,1
shivering,1
cheryl,1
bookkeeper,1
prates,1
trophe,1
reflection,1
agus,1
shane,1
wade,1
pirate,1
alternatives,1
dobson,1
delray,1
izel,1
defeatism,1
maldon,1
ites,1
tonian,1
fulness,1
loges,1
riven,1
worship,1
expensive,1
sped,1
odon,1
reward,1
lisa,1
buis,1
birthday,1
markdown,1
renes,1
binet,1
enlisted,1
tabled,1
weddings,1
receptions,1
constituent,1
faculty,1
meetings,1
elizabeth,1
spoiler,1
manuscript,1
disposable,1
sauce,1
agung,1
kanye,1
enjoy,1
yaks,1
quadra,1
hunks,1
hori,1
oleo,1
fryer,1
fricative,1
justify,1
odious,1
everest,1
iambic,1
inch,1
roar,1
friendly,1
tutu,1
biya,1
regina,1
faty,1
sigma,1
glib,1
thyssenkrupp,1
patry,1
means,1
atwt,1
teed,1
unicef,1
tatum,1
duat,1
danielle,1
faber,1
zaco,1
demos,1
npsl,1
schu,1
jerry,1
korn,1
roly,1
traditional,1
struggled,1
uomo,1
overhang,1
indescribable,1
innes,1
facile,1
covey,1
dolled,1
karr,1
bourne,1
barrie,1
hookup,1
canvasser,1
optimistic,1
researching,1
withdraw,1
schen,1
rful,1
floral,1
shirts,1
linda,1
menlo,1
gilf,1
offered,1
csce,1
lson,1
lamella,1
mainstream,1
ruby,1
aboard,1
chass,1
undo,1
hots,1
gomi,1
broth,1
handbag,1
shoulder,1
backpack,1
tarpaulin,1
jolene,1
eighteen,1
seditious,1
sandro,1
phobia,1
danes,1
mundi,1
cancer,1
sleeves,1
washable,1
jogging,1
afon,1
freax,1
alain,1
signing,1
tenet,1
cosmo,1
yeti,1
salat,1
explore,1
refinance,1
quid,1
folds,1
ovary,1
escp,1
unhappiness,1
underarms,1
removal,1
cuon,1
sacco,1
buffet,1
cabbed,1
african,1
pris,1
maestro,1
disease,1
phane,1
tawni,1
translate,1
aram,1
seus,1
wanna,1
lamb,1
fotf,1
haig,1
pian,1
schw,1
rollers,1
talon,1
distributor,1
huil,1
purchases,1
lined,1
olympia,1
progression,1
mmog,1
vive,1
scottsdale,1
synchronized,1
tessa,1
rasp,1
annia,1
reopen,1
rafael,1
metros,1
foss,1
foods,1
qazi,1
timestamp,1
intermediate,1
bronze,1
caton,1
suru,1
capability,1
enhanced,1
garden,1
soun,1
inga,1
permi,1
homie,1
funnels,1
spas,1
kalan,1
iccd,1
penelope,1
leverton,1
gimmicks,1
moonshine,1
presence,1
denver,1
headway,1
mock,1
tulle,1
alps,1
kang,1
gunn,1
waning,1
rader,1
definitions,1
strategy,1
caitlin,1
horn,1
richmond,1
commodities,1
blonds,1
having,1
cascade,1
puma,1
nevi,1
safi,1
fheis,1
gaap,1
kuhn,1
lasky,1
stil,1
getting,1
ldin,1
ivory,1
prismatic,1
rhombus,1
stainless,1
necklace,1
lows,1
must,1
allen,1
irland,1
wilkes,1
tenn,1
aerial,1
bridges,1
interestingly,1
champ,1
gauge,1
emerald,1
score,1
until,1
gash,1
lessons,1
purity,1
obes,1
cooperate,1
funky,1
lott,1
seasons,1
princess,1
abgd,1
ndash,1
blom,1
cass,1
dame,1
biggie,1
aver,1
vixen,1
squash,1
saeed,1
vicki,1
ayers,1
immensely,1
vero,1
bola,1
clube,1
seac,1
levi,1
mirroring,1
raceday,1
vres,1
hardcore,1
imported,1
centers,1
programs,1
restitution,1
removes,1
tresa,1
contentment,1
validated,1
rotu,1
incas,1
broke,1
workstation,1
knit,1
cheb,1
amsterdam,1
convert,1
georgia,1
squid,1
fifi,1
motu,1
guzm,1
tazz,1
snare,1
attractions,1
adriana,1
bassi,1
onset,1
singles,1
matchmaking,1
pontiac,1
laden,1
alles,1
bowling,1
lanza,1
assortative,1
walk,1
acrobatic,1
plop,1
puritan,1
employment,1
whelp,1
ringo,1
cite,1
drinkers,1
napped,1
insulting,1
cabby,1
branded,1
conflicted,1
paradise,1
vries,1
fray,1
softening,1
customizes,1
michel,1
gioco,1
shippers,1
sentiment,1
saha,1
appeals,1
arius,1
shiro,1
chima,1
deans,1
pking,1
timeline,1
motogp,1
selle,1
etch,1
attempted,1
mindstorms,1
nowy,1
firms,1
aisha,1
yale,1
marc,1
exceeded,1
sayang,1
isma,1
lode,1
mute,1
solti,1
summerhill,1
places,1
manta,1
stevenson,1
nobody,1
beaded,1
advise,1
meth,1
rive,1
outlaw,1
sigh,1
donner,1
weak,1
kiss,1
jiro,1
dint,1
shading,1
limet,1
ssem,1
raja,1
versions,1
facets,1
circle,1
anos,1
luigi,1
lights,1
maki,1
wola,1
scars,1
cannan,1
yogas,1
ambassadors,1
spil,1
koei,1
mizo,1
odium,1
dregs,1
ulja,1
whsv,1
kesh,1
intelligence,1
digg,1
sacr,1
seamless,1
lares,1
framingham,1
goodies,1
antz,1
favors,1
caer,1
neymar,1
clock,1
ctype,1
morehead,1
neves,1
meant,1
linha,1
mobo,1
cluster,1
sosa,1
phan,1
trending,1
bridged,1
shopper,1
partition,1
khalifa,1
infection,1
sufi,1
