email,1288
login,1254
submit,1176
session,1039
token,639
access,607
guest,515
docid,514
form,507
action,412
country,377
http,372
dispatch,371
light,368
aspx,363
rand,338
locale,334
aaaaaa,261
mail,249
battle,248
https,236
user,183
abuse,157
page,135
index,135
domain,131
legal,117
client,115
source,109
service,95
html,92
true,87
account,86
send,85
media,82
link,80
product,79
nobody,77
error,76
open,75
craft,74
file,73
acted,73
match,72
update,72
host,72
bidder,72
block,72
branch,71
prepaid,69
public,68
lang,68
info,68
type,67
sign,66
online,66
verify,66
brazil,66
sharing,61
state,60
example,60
feed,59
faed,58
babe,56
post,56
fefe,55
enroll,55
acad,54
deaf,53
identify,53
default,50
shield,49
path,49
gmail,48
baba,46
secure,46
response,46
cafe,45
aafc,45
aaaa,45
prag,44
redirect,44
webs,44
fffa,44
agency,44
fade,44
ffbf,42
channel,42
dade,42
code,41
mode,40
caca,39
united,39
original,39
states,38
invalid,38
acca,36
google,36
dispatched,35
bank,35
main,35
home,34
profile,34
fbec,34
chase,34
view,33
track,31
trna,31
encrypted,30
cookie,30
connecting,30
drive,30
anti,29
cece,29
abbe,29
panel,28
tina,28
bbbb,28
smith,28
imap,28
tram,27
rent,27
bdda,27
ceeb,27
target,27
bbff,27
eeee,26
secured,26
office,26
note,26
dada,25
platform,25
cade,25
cffd,25
admin,25
deed,25
phase,24
ffcc,24
check,24
test,24
raymond,24
james,24
text,23
microsoft,23
label,23
ccea,23
data,23
alum,22
reason,22
ecac,22
cloud,22
lynx,22
scope,21
ffdf,21
informations,21
request,21
from,21
referrer,21
badd,21
dddd,20
apple,20
terra,20
cede,20
feff,20
ecce,20
unknown,20
vira,20
details,19
services,19
hoot,19
suite,19
feba,19
edef,19
dfff,19
requested,19
ffba,19
yahoo,19
ffef,19
medium,19
arid,18
root,18
limited,18
ffefd,18
edit,18
bdbbd,18
portal,18
char,18
customer,18
ticket,18
information,18
faff,17
secret,17
live,17
authentication,17
cefa,17
njan,17
blob,17
thomas,17
hamann,17
spot,17
bfff,17
date,17
beef,16
ddbec,16
subdomain,16
business,16
security,16
ffdb,16
click,16
locales,16
share,16
ddaa,16
viewed,16
ussr,16
origin,15
cbbc,15
null,15
burke,15
family,15
local,15
shared,15
faebd,15
dead,15
hint,15
option,15
laura,15
passive,15
continue,15
bead,15
paypal,15
number,15
name,14
partner,14
support,14
with,14
fbaed,14
campaign,14
decaf,14
eedc,14
iphone,14
dafa,14
files,14
site,14
storage,14
solutions,14
thursday,14
member,13
consumer,13
phish,13
ccff,13
center,13
bede,13
survey,13
connect,13
properties,13
nonce,13
sites,13
base,13
execution,12
common,12
settings,12
tiki,12
cadd,12
woit,12
proxy,12
content,12
fadadd,12
yelp,12
alexandra,12
ntsc,12
contact,11
oauth,11
kcrc,11
global,11
flog,11
snow,11
followup,11
return,11
header,11
trace,11
notifications,11
dany,11
samsung,10
fffd,10
corp,10
federation,10
llyn,10
brea,10
zuko,10
lazy,10
france,10
single,10
fbceb,10
latt,10
ruud,10
club,10
bell,10
personal,10
documents,10
frame,10
title,10
faced,10
caff,10
copy,10
space,10
baad,10
race,10
wednesday,10
waxy,10
aced,10
threat,10
saturday,10
final,9
bellsouth,9
brand,9
landing,9
gold,9
term,9
work,9
visualization,9
tapes,9
voyage,9
draw,9
reset,9
filters,9
component,9
hill,9
people,9
ebay,9
systems,9
verification,9
solution,9
nels,9
patrick,9
vauxhall,9
sportscar,9
active,9
invite,9
framingham,9
specs,9
setup,9
daniel,9
zoom,9
message,9
kind,9
chatter,9
unified,9
digest,9
internet,9
signed,9
jklf,9
siey,9
onry,9
technical,9
department,9
drew,9
phone,8
radni,8
skull,8
cart,8
ffff,8
tank,8
template,8
valid,8
adde,8
homepage,8
lilt,8
system,8
tracking,8
quick,8
notes,8
mobile,8
aces,8
ever,8
hard,8
paul,8
christian,8
michael,8
youtube,8
task,8
identifier,8
redir,8
jive,8
marn,8
wallace,8
piper,8
leal,8
friday,8
david,7
abba,7
android,7
star,7
edda,7
preto,7
furl,7
optus,7
john,7
adas,7
first,7
xlsx,7
mainpage,7
meyer,7
meet,7
application,7
order,7
milk,7
lisa,7
urine,7
franziska,7
mann,7
drop,7
role,7
kidd,7
dist,7
adad,7
marketing,7
ffffe,6
method,6
handle,6
ffdab,6
bade,6
reply,6
naas,6
offline,6
galaxy,6
purl,6
basic,6
products,6
destination,6
gaza,6
love,6
beck,6
payment,6
pool,6
subject,6
wchl,6
grip,6
niem,6
spades,6
nation,6
blank,6
span,6
produce,6
tale,6
chun,6
fwiw,6
amazon,6
thais,6
sima,6
greece,6
barb,6
bend,6
print,6
luzon,6
emerge,6
moore,6
grace,6
location,6
wolfgang,6
script,6
trans,6
brice,6
enne,6
colas,6
captcha,6
pilatus,6
aircraft,6
process,6
lnah,6
azure,6
bone,6
core,6
reprocess,6
memory,6
debug,6
senior,6
gabriele,6
events,6
alberta,6
errors,6
found,6
radio,6
amer,6
footer,6
checkout,6
enid,6
calc,6
bennett,6
bowman,6
consulting,6
attachments,6
focal,6
spare,6
jimmy,6
ducks,6
pictures,6
laue,6
mutter,6
silvia,6
fell,6
nberg,6
logi,6
anna,6
yvonne,6
goebel,6
rena,6
susan,6
hoffmann,6
select,6
model,6
safety,6
collaboration,6
management,6
argentina,6
conrad,6
bipm,6
blog,6
case,6
xxxx,6
xxix,6
wert,6
ebbe,6
plus,6
desktop,6
wulf,6
clara,6
miel,6
tees,6
zine,6
klee,6
restore,5
west,5
gateway,5
store,5
agent,5
wars,5
initiate,5
admissions,5
suhl,5
gorz,5
american,5
steve,5
parent,5
welders,5
fill,5
english,5
andrea,5
windows,5
emil,5
onenote,5
sales,5
kerstin,5
erster,5
jochen,5
telecom,5
validating,5
quota,5
ececec,5
false,5
help,5
pontos,5
accessing,5
ebbed,5
conjunto,5
versa,5
fact,5
hdmi,4
elit,4
play,4
ling,4
shirley,4
harvey,4
jack,4
sing,4
comp,4
ababa,4
groupe,4
self,4
auto,4
mart,4
realm,4
head,4
flex,4
fffdd,4
river,4
dawn,4
thur,4
mito,4
tion,4
mogi,4
glis,4
agne,4
attempt,4
register,4
igor,4
greatest,4
joshua,4
pitts,4
grade,4
coma,4
wells,4
fargo,4
voice,4
mess,4
owen,4
meow,4
result,4
start,4
took,4
khan,4
server,4
pass,4
split,4
cuia,4
drones,4
bethke,4
hagen,4
reserved,4
offer,4
spam,4
aike,4
accounts,4
rich,4
andreas,4
cccc,4
affiliate,4
dacca,4
facebook,4
fashion,4
santander,4
fred,4
says,4
albert,4
olaf,4
schmidt,4
keng,4
beim,4
farr,4
howell,4
glib,4
tmnt,4
fear,4
fafad,4
bran,4
alvaro,4
novae,4
beebe,4
authorize,4
abebe,4
granted,4
fafeff,4
dana,4
motu,4
dima,4
tewo,4
deface,4
news,4
promocional,4
javier,4
white,4
contacts,4
loco,4
chet,3
young,3
section,3
username,3
unauthenticated,3
successful,3
completion,3
module,3
bridge,3
metadata,3
assertion,3
klaus,3
bernhardt,3
sylt,3
verf,3
canada,3
rica,3
djadja,3
year,3
step,3
loge,3
wife,3
homo,3
branco,3
myna,3
burger,3
hume,3
midwest,3
automation,3
kenny,3
holley,3
wholesale,3
mill,3
stfu,3
terry,3
leek,3
afternoon,3
giga,3
haye,3
america,3
benefit,3
centre,3
best,3
bufo,3
stds,3
orph,3
spark,3
fuze,3
karg,3
cuin,3
iuds,3
oaks,3
pain,3
azul,3
trip,3
voor,3
hutt,3
tyne,3
darlene,3
fawcett,3
yaki,3
indeed,3
dahuk,3
java,3
programs,3
cargo,3
manager,3
apps,3
spring,3
parameters,3
rite,3
caraway,3
jose,3
lima,3
chris,3
wang,3
kimball,3
hospitality,3
mies,3
tumblr,3
glop,3
flamengo,3
davidson,3
lurch,3
fuzzy,3
alexander,3
koch,3
laval,3
ology,3
lora,3
sicherheit,3
edwards,3
industries,3
developer,3
jpmorgan,3
lambert,3
nils,3
lippmann,3
bosch,3
your,3
unit,3
urns,3
tower,3
boof,3
stats,3
doug,3
hurd,3
sense,3
adhd,3
vire,3
pace,3
decide,3
than,3
control,3
redi,3
stil,3
sensors,3
phishing,3
time,3
tail,3
bawl,3
frank,3
concern,3
pending,3
flds,3
axle,3
emma,3
jien,3
dede,3
adff,3
mdgs,3
serif,3
string,3
spent,3
owens,3
well,3
lvrs,3
gabe,3
zend,3
experience,3
brett,3
jackson,3
dream,3
plugins,3
markus,3
rajesh,3
config,3
happen,3
query,3
seiy,3
tuva,3
iron,3
scales,3
farsi,3
bree,3
review,3
hannah,3
judge,3
disc,3
other,3
suspend,3
below,3
annei,3
kuhn,3
hangouts,3
mews,3
panels,3
washington,3
nter,3
walter,3
cyst,3
kaid,3
vair,3
dams,3
commission,3
webmaster,3
node,3
fret,3
jones,3
kidder,3
lira,3
westbrook,3
slye,3
leiter,3
latest,3
andrews,3
plan,3
kings,3
seeds,3
polaroid,3
uploads,3
insurance,3
jazz,3
neptune,3
kira,3
puck,3
agosto,3
parcel,3
funds,3
requisition,3
laugh,3
jump,3
seamless,3
sufyan,3
moke,3
whitesmoke,3
miep,3
ross,3
bach,3
ewald,3
daniela,3
cornelia,3
rhin,3
johannes,3
hendrik,3
danielle,3
huber,3
tachi,3
eger,3
sara,3
rosa,3
high,3
navy,3
identity,3
claimed,3
pape,3
lter,3
holt,3
alex,3
back,3
enquiries,3
landscape,3
opec,3
zaid,3
kiya,3
trap,3
mich,3
lumo,3
bonn,3
causa,3
kang,3
guava,3
berry,3
juices,3
prime,3
docs,3
oregon,3
steel,3
khaled,3
rodrigues,3
melo,3
oracle,3
wander,3
cari,3
iced,3
velo,3
citi,3
partners,3
equal,3
bunt,3
remi,3
motiva,3
smarter,3
paint,3
powder,3
coat,3
report,3
bush,3
rugby,3
drama,3
rote,3
bases,3
drei,3
july,3
irmgard,3
slavia,3
petroc,3
group,3
royer,3
aviation,3
item,3
oahu,3
continent,3
disp,3
bowl,3
webmail,3
company,3
shops,3
lons,3
jaya,3
flop,3
academy,3
includes,3
theme,3
firm,3
asti,3
veria,3
rivas,3
perkin,3
elmer,3
rehe,3
person,3
rodau,3
soft,3
here,3
mega,3
cache,3
reminder,3
started,3
quit,3
extra,3
param,3
social,3
essentially,3
yours,3
more,3
acre,3
wood,3
brain,3
itunes,3
enone,3
discount,3
puerto,3
banu,3
styles,3
visa,3
program,3
astro,3
sdfghjkl,3
twice,3
investment,3
proposal,3
cobra,3
guro,3
callback,3
activity,3
vote,3
confirm,3
exxonmobil,3
afds,3
flub,3
dual,3
abed,3
layouts,3
clients,3
echo,3
mats,3
ricardo,3
davis,3
eure,3
lios,3
ions,3
defaults,3
chrome,3
instant,3
administraci,3
writ,2
tucker,2
paris,2
guide,2
network,2
berg,2
sdhc,2
heng,2
dbfff,2
tide,2
mexico,2
quil,2
seap,2
sports,2
confirmation,2
amount,2
buru,2
cloys,2
schr,2
dafoe,2
gion,2
redid,2
vict,2
kiel,2
duly,2
weil,2
kele,2
ombo,2
material,2
fire,2
zwei,2
tork,2
fair,2
strut,2
afraid,2
huwa,2
rind,2
tyme,2
seri,2
ages,2
sill,2
most,2
exclusive,2
website,2
regi,2
lint,2
trade,2
scam,2
dnvp,2
goto,2
urch,2
face,2
develop,2
leaders,2
quotation,2
mlle,2
michelle,2
slid,2
baaed,2
mkmf,2
went,2
hymen,2
guzm,2
widor,2
taff,2
cach,2
zinda,2
usac,2
ehud,2
jody,2
isdn,2
nowe,2
small,2
licensing,2
lynd,2
rayo,2
safe,2
pvgs,2
hump,2
lawrence,2
hotmail,2
authenticate,2
deux,2
kond,2
himiko,2
forward,2
pariz,2
otto,2
mailto,2
gaspar,2
staging,2
earth,2
objects,2
cruze,2
mercedes,2
picard,2
heritage,2
langi,2
runescape,2
weblog,2
frau,2
marlene,2
cont,2
ship,2
breeze,2
eastern,2
alice,2
ctrl,2
object,2
bona,2
secco,2
house,2
forum,2
school,2
miami,2
week,2
modules,2
advanced,2
compliance,2
controllers,2
medical,2
components,2
commedia,2
images,2
comuni,2
digital,2
hash,2
scorning,2
southwest,2
funding,2
eric,2
barefoot,2
upgrade,2
king,2
plastic,2
corporation,2
fabbri,2
yuki,2
alte,2
bred,2
arnie,2
bacon,2
gate,2
teller,2
mate,2
marf,2
mama,2
beta,2
steele,2
route,2
sunshine,2
coast,2
miguel,2
clam,2
delores,2
untitled,2
chat,2
counter,2
entity,2
coba,2
wsop,2
humu,2
haik,2
yall,2
berca,2
blaze,2
marianne,2
document,2
dawns,2
saxe,2
multi,2
nexo,2
jard,2
marine,2
eorl,2
podi,2
soon,2
lark,2
chai,2
kyun,2
moai,2
fffacd,2
reed,2
chor,2
tarpon,2
wall,2
stupid,2
tadi,2
mera,2
belgium,2
kids,2
banking,2
caribbean,2
comcast,2
allowed,2
silvio,2
macon,2
replace,2
current,2
monday,2
robin,2
huang,2
tuesday,2
beverly,2
chew,2
lakes,2
soca,2
uncle,2
kick,2
sources,2
bury,2
ring,2
point,2
andrei,2
decca,2
euro,2
ddffdd,2
launch,2
creative,2
feedback,2
rusa,2
ipad,2
black,2
caesar,2
stone,2
ergo,2
assessor,2
esteban,2
parte,2
funn,2
kristina,2
liber,2
added,2
feds,2
sans,2
pane,1
warp,1
abaca,1
then,1
yair,1
sent,1
beos,1
minh,1
motorola,1
moto,1
kathie,1
moreland,1
carl,1
cory,1
associate,1
millet,1
nell,1
sherry,1
sohma,1
esparza,1
stan,1
land,1
requests,1
success,1
golden,1
sion,1
jackie,1
taylor,1
seco,1
leto,1
micro,1
phil,1
tecl,1
paro,1
rapid,1
haus,1
ohio,1
wouk,1
boty,1
eira,1
oleo,1
fryer,1
mondial,1
timer,1
debar,1
scene,1
world,1
mauro,1
gail,1
cardoso,1
alison,1
dunn,1
winn,1
edgar,1
kate,1
zico,1
cero,1
leet,1
mast,1
juni,1
ppen,1
coda,1
macy,1
ccfl,1
tzen,1
molko,1
piss,1
vhsl,1
avro,1
warn,1
sores,1
sumba,1
kill,1
bock,1
sean,1
grow,1
chile,1
dupl,1
broken,1
yuga,1
collections,1
avul,1
gugb,1
udfy,1
agri,1
myki,1
hove,1
suns,1
visit,1
meta,1
csup,1
koku,1
kasey,1
ends,1
bozo,1
pick,1
jhao,1
verified,1
uchi,1
thiem,1
npsl,1
cadence,1
urban,1
inspire,1
caras,1
dokdo,1
kafka,1
coro,1
random,1
hayden,1
keeffe,1
ptah,1
authorization,1
allegro,1
loka,1
olimpia,1
globo,1
daniels,1
freestyle,1
film,1
blind,1
anyone,1
pugh,1
wichita,1
dina,1
kota,1
kqed,1
sunny,1
xing,1
zeit,1
pero,1
recap,1
gplv,1
godaddy,1
neil,1
helpers,1
armand,1
roma,1
paix,1
wool,1
creator,1
rips,1
brok,1
akil,1
ascq,1
southeast,1
mutual,1
nero,1
baer,1
farm,1
neill,1
fans,1
cent,1
rugs,1
emit,1
miya,1
koon,1
ward,1
simon,1
melk,1
sped,1
elba,1
riko,1
jhvh,1
nasu,1
josh,1
bhig,1
aral,1
utah,1
benni,1
fowl,1
nail,1
serial,1
sandra,1
tent,1
blak,1
abos,1
prado,1
iberia,1
lmxbs,1
vcrs,1
ryan,1
sleigh,1
visual,1
dewy,1
ache,1
sdtv,1
efefef,1
members,1
quito,1
galv,1
voya,1
hazi,1
doak,1
parking,1
simmons,1
mlia,1
chner,1
giri,1
perez,1
resolve,1
hied,1
guis,1
ugui,1
desa,1
sushi,1
sawi,1
duis,1
uhci,1
shag,1
mick,1
leds,1
tung,1
joel,1
gies,1
turm,1
nica,1
supreme,1
care,1
paco,1
imagelink,1
direct,1
sync,1
validate,1
sanchez,1
lung,1
express,1
whalley,1
benjamin,1
clark,1
under,1
armour,1
nair,1
anton,1
hassan,1
anka,1
sands,1
andy,1
yuen,1
ahmed,1
sato,1
adam,1
aaron,1
wong,1
cush,1
wake,1
renaud,1
chamb,1
broker,1
performance,1
electrical,1
approval,1
brian,1
chambers,1
hors,1
fifa,1
vito,1
itch,1
sepp,1
suzi,1
matin,1
market,1
merit,1
guet,1
werl,1
guys,1
nigh,1
milestone,1
context,1
salt,1
kbos,1
sapa,1
jbic,1
fark,1
rafi,1
jeet,1
mikes,1
smartphone,1
chip,1
jogo,1
brin,1
life,1
optima,1
mica,1
silver,1
ultra,1
wide,1
scanner,1
kihn,1
prem,1
haka,1
skip,1
viae,1
logb,1
cozy,1
alcl,1
yogis,1
itty,1
lots,1
rude,1
otek,1
mavi,1
brother,1
protos,1
canc,1
dube,1
dmbs,1
yuck,1
okra,1
rachel,1
kbps,1
kuen,1
andrew,1
landmark,1
mcgraw,1
status,1
eeeeee,1
otis,1
shel,1
umps,1
akko,1
cond,1
inverter,1
frio,1
period,1
isola,1
gratis,1
beefed,1
greater,1
screen,1
toku,1
moms,1
foil,1
shang,1
download,1
ramon,1
rate,1
hann,1
witz,1
cover,1
hilt,1
outlook,1
brad,1
crown,1
vision,1
bois,1
gerard,1
enrol,1
messe,1
press,1
ngler,1
chem,1
anne,1
mers,1
linden,1
franklin,1
bruce,1
cutler,1
angie,1
rossi,1
dant,1
credentials,1
apulia,1
raza,1
buraq,1
vietnam,1
george,1
width,1
height,1
tiny,1
ruble,1
century,1
swam,1
gela,1
deir,1
gera,1
bras,1
temp,1
frost,1
free,1
pods,1
lutz,1
chye,1
ubbe,1
porte,1
christ,1
decker,1
emmanuel,1
dufour,1
cologne,1
julia,1
official,1
adnan,1
sami,1
seed,1
ancient,1
wouldnt,1
position,1
needs,1
difficult,1
general,1
stick,1
less,1
kebb,1
ezov,1
shelby,1
grove,1
nicky,1
knight,1
broadband,1
bubl,1
akan,1
duck,1
suck,1
balls,1
will,1
tell,1
promise,1
rodrigo,1
zurich,1
told,1
personnal,1
brooke,1
buff,1
serva,1
londrina,1
blue,1
tree,1
received,1
brac,1
phisher,1
environment,1
fins,1
vera,1
unique,1
pablo,1
taiy,1
ricky,1
hung,1
pity,1
dzrh,1
park,1
hctz,1
york,1
qian,1
carlos,1
gpss,1
whew,1
ivar,1
cker,1
sons,1
hole,1
handler,1
category,1
search,1
down,1
sort,1
nute,1
force,1
estar,1
katrin,1
gulp,1
thankyou,1
labs,1
tydd,1
curl,1
knak,1
ebro,1
rudi,1
moca,1
dyas,1
vela,1
alta,1
siddi,1
deck,1
klum,1
gino,1
lanc,1
wavin,1
moshe,1
wolf,1
patricia,1
steiner,1
barbara,1
using,1
habib,1
india,1
line,1
tony,1
kitchens,1
todd,1
currie,1
masonry,1
boss,1
mint,1
ventura,1
osborn,1
loading,1
please,1
wait,1
bien,1
cady,1
sots,1
bragg,1
sigma,1
tune,1
addition,1
thom,1
lins,1
arai,1
susi,1
mercia,1
even,1
bolero,1
responder,1
mailer,1
yuna,1
gain,1
moreno,1
beri,1
cars,1
quadra,1
toner,1
capital,1
salud,1
stacey,1
wend,1
ushu,1
pete,1
muir,1
guidance,1
francesco,1
electric,1
kingdom,1
lucia,1
lopez,1
rupe,1
tros,1
quin,1
aria,1
lavado,1
ceres,1
aran,1
baran,1
hector,1
marvel,1
crowd,1
autoed,1
offers,1
europe,1
torr,1
alba,1
negros,1
arna,1
noticias,1
none,1
pano,1
karr,1
rouse,1
cleaver,1
brooks,1
display,1
widget,1
bastida,1
magnetic,1
admins,1
azov,1
badajoz,1
ignacio,1
alvarez,1
caravan,1
roda,1
deter,1
nuncios,1
barcelona,1
terrassa,1
rituals,1
shire,1
coen,1
clifford,1
chance,1
madrid,1
shop,1
marta,1
gana,1
lalon,1
delmar,1
rudd,1
vers,1
international,1
vliw,1
book,1
embed,1
colin,1
berkeley,1
cplp,1
blay,1
brih,1
hime,1
meek,1
riaa,1
till,1
seht,1
muck,1
apna,1
brook,1
away,1
registration,1
hall,1
toll,1
lamb,1
tagging,1
griffith,1
science,1
bole,1
signal,1
woff,1
ooty,1
blvd,1
yodo,1
maro,1
