login,6245
html,4147
index,4141
includes,2973
content,2550
account,2546
sign,2427
admin,2088
customer,1941
home,1670
view,1588
form,1433
paypal,1410
chase,1387
personal,1331
aspx,1280
images,1165
update,1057
center,1005
office,975
plugins,958
forms,925
layouts,925
themes,766
online,746
support,728
wells,699
mail,679
page,670
verification,660
file,657
access,631
user,629
frame,624
drive,611
bank,603
spot,535
secure,532
well,509
china,504
uploads,501
numb,484
drop,467
known,454
validation,446
fonts,428
email,428
baba,416
mobile,415
service,396
blog,390
files,384
adobe,367
info,364
auto,344
fargo,342
made,342
webmail,341
simple,338
https,336
twenty,330
client,326
weblog,325
main,323
token,315
confirm,311
read,309
security,308
cation,307
pages,305
time,305
america,296
guest,288
router,283
apps,280
identity,279
transfer,272
response,271
site,268
profile,267
verify,264
contact,255
image,250
postal,240
student,239
fifteen,235
voice,234
upgrade,233
assets,232
redirect,231
cache,228
webs,227
data,222
step,221
wordpress,214
aces,212
yahoo,206
linked,203
document,202
banking,201
free,192
promo,191
excel,191
default,188
vendor,187
surf,187
netflix,185
jquery,183
http,181
modules,179
trans,178
device,176
templates,170
vali,169
smilies,168
mainpage,167
amex,166
ciar,158
media,158
language,158
sion,157
juri,156
check,154
final,153
error,153
global,152
your,151
card,150
portal,148
protege,147
apple,146
help,145
person,144
information,143
docs,143
dados,141
item,139
ones,138
pain,137
port,136
microsoft,133
banco,133
open,132
questions,129
control,128
pomo,128
requests,128
system,128
success,126
google,125
pass,125
fedex,123
news,123
challenge,121
line,120
connect,118
details,117
outlook,116
fresh,114
trust,113
blue,113
administrator,113
space,112
colombia,112
comp,111
smart,108
widget,108
curs,107
upload,106
colors,105
direct,105
first,102
desktop,102
server,102
business,99
addons,98
unblock,98
acme,97
prod,97
aced,96
download,96
libra,96
ries,96
laban,95
post,94
directing,94
manual,94
public,93
unit,93
sites,92
english,91
click,91
telekom,91
store,91
ident,90
script,89
tion,89
stripe,89
year,88
redir,88
temp,88
storefront,88
billing,87
link,87
general,86
components,85
ebay,84
customize,83
clog,83
share,81
libraries,80
tiny,80
folder,79
good,78
edit,77
facebook,77
retailer,77
live,77
track,76
editor,76
slider,76
payment,75
validate,75
source,75
network,75
test,74
library,74
protected,74
master,73
point,73
domain,72
review,72
abbe,72
project,71
badd,71
requested,71
transport,70
plus,70
safe,69
reader,69
liza,68
code,67
legal,66
decade,66
users,66
match,66
ques,64
verified,64
leon,64
employee,64
banks,63
template,63
delta,63
ment,63
taff,63
nden,63
express,63
icons,62
starts,62
activate,61
eedc,61
scripts,61
conf,61
logs,61
suhr,61
manager,61
present,60
delio,60
tier,59
manage,59
pessoa,59
authentication,58
forum,58
digital,58
accounts,58
societe,58
secured,57
session,57
land,57
shell,57
welcome,57
inter,57
amazon,56
daum,56
mailbox,56
sica,56
next,55
anti,55
message,55
clients,55
verf,55
install,54
shop,54
exception,54
telecom,54
case,54
chin,54
standard,54
rules,54
moves,54
cute,54
dashboard,53
languages,53
assure,53
fixed,53
super,53
astro,51
core,51
hotmail,51
premios,51
charter,51
screen,50
include,50
away,50
round,50
decode,50
services,49
eeee,49
theme,49
onenote,49
back,49
panel,49
cube,49
menu,49
resolve,49
desc,48
cyber,48
lang,48
ajax,48
acad,48
jpmorgan,48
ccea,47
micro,47
santander,46
mach,46
samsung,46
carr,46
valid,45
shield,45
segura,45
downloads,45
calendar,45
desk,45
aged,45
model,45
updated,44
panh,44
summary,44
util,44
viewer,44
loading,44
crypt,44
gate,44
spreadsheet,44
declaration,44
password,43
text,43
marko,43
aruba,42
feba,42
feed,42
search,42
dead,42
snapshots,42
product,42
latest,42
popup,42
activation,42
banca,41
measure,41
classes,41
eisen,41
hdmi,40
bill,40
comcast,40
sing,40
posts,40
nmit,40
colon,40
export,40
products,39
nino,39
spectrum,39
signature,39
application,39
desjardins,38
shared,38
gmail,38
citi,38
validator,38
square,38
bourse,38
bing,37
full,37
aiff,37
informations,37
novo,37
finder,37
brown,37
name,37
ovid,37
royal,36
guro,36
clean,36
updates,36
true,36
tree,36
faff,36
group,36
find,36
lambert,36
emails,36
intel,35
custom,35
authorization,35
member,35
recovery,35
grip,35
positiv,35
studio,35
process,35
juno,35
count,35
chrome,34
cade,34
dire,34
resolution,34
documents,34
profit,34
maximization,34
host,33
authenticate,33
fill,33
american,33
parry,33
dafa,33
babe,33
redirection,32
iphone,32
camera,32
number,32
plugin,32
order,32
cafe,32
send,32
enter,32
redi,32
karan,32
labor,32
last,32
gavar,32
activity,32
mode,32
unique,31
credit,31
proposal,31
delivery,31
abba,31
preview,31
funds,31
faed,31
draft,31
team,31
central,31
builder,31
notebook,30
class,30
crop,30
work,30
tools,30
register,30
action,30
category,30
money,30
config,30
academy,30
pontos,30
sixteen,30
party,30
jpeg,30
banana,30
motherfucker,30
save,29
godaddy,29
notify,29
serve,29
sgen,29
messages,29
insta,29
type,29
list,29
random,29
block,29
filter,29
comuni,29
balance,28
controller,28
dist,28
toda,28
passport,28
create,28
settings,28
niche,28
checkpoint,28
jotham,28
while,28
talking,28
seller,28
coms,28
ation,28
nationwide,28
validating,27
gela,27
deir,27
oauth,27
element,27
rest,27
chat,27
trade,27
gram,27
button,27
assume,27
package,27
handle,27
cookie,26
cefa,26
engl,26
windows,26
bluetooth,26
tracking,26
piled,26
bras,26
ccff,26
event,26
poli,26
partners,26
john,26
xxxx,26
fera,25
local,25
with,25
urgent,25
note,25
exec,25
hoffman,25
prime,25
pira,25
closed,25
kismet,25
some,25
banner,25
adad,25
imagen,24
catalog,24
bbbb,24
fire,24
base,24
notification,24
saves,24
android,24
ecac,24
confirmation,24
zone,24
tested,24
power,24
acrobat,24
habbo,24
basic,24
malik,24
snow,24
czarina,24
cabal,24
release,24
protect,24
yann,24
role,24
side,24
national,23
care,23
west,23
fatu,23
premium,23
gratis,23
editors,23
capital,23
common,23
alert,23
reply,23
software,23
baad,23
burns,23
board,23
double,23
status,23
matthew,23
ping,23
azione,23
best,22
decaf,22
electro,22
captcha,22
cacao,22
chile,22
lite,22
fact,22
smartphone,22
loop,22
skins,22
profiles,22
retail,22
show,22
tele,22
brad,22
astra,22
logo,22
dual,22
plan,22
edited,22
advice,22
submit,21
request,21
suite,21
dede,21
continua,21
regis,21
hakam,21
limited,21
visa,21
nineteen,21
contents,21
styles,21
edits,21
porte,21
setup,21
style,21
hmmm,21
demo,20
bookmark,20
wrong,20
thomas,20
edef,20
fdfdfd,20
jaya,20
untitled,20
centre,20
shtml,20
detail,20
funding,20
tags,20
jaku,20
acre,20
bonbon,20
kart,20
disp,20
gene,20
important,20
lanc,20
bell,20
friends,20
regroup,20
sail,20
easy,20
linn,20
casts,20
xtra,20
jett,20
western,20
citing,20
property,20
play,20
times,20
wigs,20
punto,19
vici,19
processing,19
forums,19
dossier,19
fffa,19
saas,19
archive,19
fefe,19
misc,19
rich,19
cccc,19
projects,19
fields,19
phishing,19
skin,19
photo,19
carta,19
cancel,19
rush,19
omer,19
chen,18
thanks,18
life,18
staging,18
dora,18
dade,18
travel,18
cece,18
thumbs,18
soft,18
updater,18
chse,18
hosting,18
maps,18
node,18
self,18
ebbe,18
referrer,18
isar,18
plat,17
certificates,17
website,17
rack,17
spec,17
chas,17
mobil,17
vers,17
reset,17
resources,17
niki,17
frost,17
json,17
lava,17
advanced,17
copy,17
restore,17
renewal,17
loader,17
cede,17
report,17
state,17
ecce,17
solutions,17
special,17
cont,17
nick,17
mart,17
webpage,17
como,17
quarantine,17
itunes,17
caps,17
indent,16
quick,16
bdda,16
phone,16
other,16
bfff,16
successful,16
storage,16
sidebars,16
plata,16
acted,16
company,16
mmorpg,16
items,16
chases,16
school,16
partner,16
identify,16
font,16
maha,16
article,16
cart,16
mann,16
bbff,16
xiao,16
proforma,16
joshua,16
edward,16
hathor,16
frontend,16
caff,16
pendent,16
ferenc,16
forme,16
parc,16
cedi,16
rami,16
mega,16
crystal,16
russo,16
resume,16
chall,16
staff,16
hannah,16
daly,16
cbbc,16
iseo,16
paving,16
fiesta,16
matt,16
mission,16
rupal,16
codex,16
safety,16
real,16
sylvia,16
tuck,16
methodist,16
breadcrumbs,16
otrs,16
aire,16
avas,16
dating,16
movia,15
virtual,15
authorize,15
complete,15
option,15
finished,15
aute,15
exchanger,15
date,15
george,15
freedom,15
mime,15
hope,15
shard,15
about,15
ariv,15
mercator,15
prof,15
retina,15
uploaded,15
gres,15
tests,15
brasil,15
part,15
mailer,15
start,15
door,14
sett,14
cree,14
ultra,14
people,14
stor,14
titan,14
marketplace,14
ffcc,14
guardia,14
brand,14
down,14
front,14
pond,14
decca,14
table,14
ring,14
osme,14
haus,14
appa,14
floor,14
follow,14
feedback,14
naya,14
dale,14
somerset,14
house,14
dupl,14
book,14
protection,14
prop,14
approval,14
parse,14
twitter,14
ddaa,14
tokens,14
loan,14
inquiry,14
steinbeck,14
multi,14
jetpack,14
bram,13
plot,13
small,13
return,13
dddd,13
extracted,13
internet,13
ribas,13
give,13
privacy,13
resource,13
regions,13
securely,13
banners,13
able,13
seventeen,13
logi,13
ease,13
actualit,13
views,13
shipment,13
cubs,13
course,13
construction,13
formation,13
fung,13
fbec,13
aure,13
version,13
path,13
corp,13
events,13
charge,13
configuration,13
backend,13
header,13
sunrise,13
steam,13
fronts,13
patio,13
gica,13
adapter,13
lloyds,12
query,12
engines,12
popular,12
cookies,12
paul,12
sales,12
silver,12
call,12
scotiabank,12
stan,12
coin,12
nuevo,12
tune,12
water,12
statement,12
none,12
savi,12
bade,12
words,12
youtube,12
converter,12
shopping,12
attempt,12
black,12
acca,12
scenes,12
worldwide,12
print,12
bravo,12
veil,12
history,12
swiss,12
children,12
chance,12
electric,12
baade,12
wojty,12
wear,12
ebox,12
mobs,12
stone,12
angel,12
consulting,12
horizon,12
dumbarton,12
grace,12
rodeo,12
fert,12
ceeb,12
readme,12
walker,12
fawcett,12
crow,12
primary,12
dour,12
write,12
milky,12
abcde,12
eagle,12
camp,12
ocean,12
invest,12
lute,12
homo,12
cheng,12
encrypt,12
milano,12
tsen,12
instal,12
regional,12
pasi,12
malai,12
canada,12
isms,12
dept,12
stirling,12
opera,12
major,12
guzzle,12
dips,12
luna,12
clothing,12
embed,12
allegro,12
presto,12
presentations,12
jeff,12
libre,12
tyre,12
brain,12
directory,12
deal,12
abbey,12
senior,12
fotos,12
archived,12
stats,12
widescreen,12
corrente,12
bootstrap,12
grant,12
pagers,12
estate,12
admirals,12
trading,12
staple,12
inline,11
lock,11
retrieve,11
saved,11
amel,11
finish,11
connex,11
management,11
location,11
fuse,11
hosts,11
refund,11
comment,11
example,11
vyso,11
orange,11
root,11
sure,11
composer,11
sync,11
trip,11
wallet,11
icon,11
lighting,11
thankyou,11
done,11
static,11
color,11
translations,11
investor,11
engine,11
chris,11
official,11
meet,11
limit,11
discover,11
remittance,11
chip,11
insert,11
policy,11
appointment,11
booking,11
slides,11
wert,11
umps,10
artificial,10
exit,10
iron,10
dell,10
plugs,10
glas,10
design,10
adff,10
french,10
cell,10
haze,10
dada,10
deactivation,10
cloud,10
night,10
homes,10
started,10
commerce,10
ruth,10
high,10
shipping,10
more,10
hood,10
landing,10
archives,10
press,10
white,10
feeds,10
beef,10
others,10
ever,10
agencia,10
serva,10
blocked,10
ymca,10
ship,10
terra,10
stop,10
formula,10
caca,10
address,10
diff,10
render,10
wire,10
knowledge,10
city,10
sale,10
century,10
endpoints,10
godfrey,10
food,10
wien,10
backup,10
insurance,10
sources,10
works,10
mein,10
interac,10
sell,10
footer,10
less,10
tura,10
weekly,10
sass,10
plans,10
inverter,10
smiles,10
edda,10
cure,10
divi,10
preto,9
pape,9
scotia,9
wide,9
alerts,9
poly,9
duplex,9
survey,9
console,9
overrides,9
legacy,9
quota,9
countdown,9
overview,9
aaaa,9
topic,9
nike,9
members,9
listing,9
tech,9
hind,9
light,9
module,9
installer,9
darn,9
need,9
aafc,9
java,9
mala,9
sodium,9
ivar,9
telef,9
here,9
chanel,9
queens,9
lewis,9
carding,9
magazine,9
lich,9
wait,9
fetch,9
license,9
counter,9
brandon,9
many,9
target,9
research,9
demand,9
atomic,9
teng,9
objects,9
datos,9
generic,9
europa,9
using,9
dans,9
choose,9
stores,9
argan,9
suncoast,9
anse,8
aaddff,8
womens,8
pink,8
deed,8
bene,8
ambient,8
stark,8
ababa,8
mathew,8
investments,8
logging,8
thera,8
links,8
gale,8
fffd,8
gana,8
scout,8
ffbf,8
smooth,8
charity,8
artist,8
mails,8
estado,8
young,8
sort,8
junior,8
ware,8
anna,8
database,8
street,8
millennium,8
once,8
nste,8
encrypted,8
david,8
million,8
risk,8
sheriff,8
bounty,8
poster,8
large,8
clue,8
parts,8
tell,8
skol,8
sshs,8
pinta,8
whet,8
roter,8
jobs,8
suites,8
function,8
cast,8
financial,8
coffee,8
knol,8
grad,8
nash,8
hash,8
scott,8
ohne,8
spirit,8
zilla,8
dong,8
song,8
gateway,8
voce,8
statements,8
nach,8
derek,8
theatre,8
winter,8
haven,8
gprs,8
priv,8
shan,8
categories,8
catalogues,8
east,8
jade,8
lsch,8
corona,8
cola,8
cheap,8
task,8
tter,8
bolton,8
errors,8
towns,8
clone,8
hidden,8
webpages,8
verizon,8
protocol,8
analytics,8
original,8
lili,8
politika,8
gabe,8
louis,8
connection,8
cabri,8
victory,8
achieve,8
manuals,8
undone,8
anja,8
karn,8
mondial,8
kane,8
tarp,8
forward,8
caid,8
arab,8
ultimate,8
cash,8
station,8
rule,8
bitter,8
sank,8
nope,8
lynne,8
barron,8
julie,8
alta,8
boot,8
pays,8
ether,8
katie,8
higgins,8
hunter,8
cuny,8
amalia,8
technology,8
prepaid,8
groupe,8
harrison,8
hoku,8
gpss,8
grade,8
coma,8
thick,8
dbfff,8
supplier,8
incel,8
koro,8
entr,8
orca,8
situ,8
poker,8
indonesia,8
kong,8
implement,8
iona,8
nica,8
pavo,8
ecsc,8
bend,8
ebenezer,8
apse,8
mclain,8
paris,8
flow,8
janet,8
bind,8
riba,8
hyde,8
alka,8
harlow,8
accounting,8
bridge,8
coast,8
learn,8
wote,8
seclude,8
temple,8
journal,8
rama,8
telugu,8
movie,8
drip,8
essen,8
vier,8
infomation,8
enrol,8
mnet,8
moji,8
gallery,8
karo,8
donation,8
beverley,8
latham,8
recruitment,8
science,8
section,8
dope,8
bremer,8
similar,8
regular,8
adder,8
transaction,8
bennett,8
bowman,8
bread,8
crumb,8
directs,8
coded,8
jbod,8
roofing,8
import,8
canals,8
ilia,8
what,8
modes,8
social,8
maze,8
terse,8
poln,8
retz,8
european,8
delighting,8
javascript,8
adsl,8
esso,8
updating,8
racc,8
trent,8
ilya,8
enrollment,8
cours,8
chatter,8
fond,8
mirror,8
factor,8
params,8
astros,8
mule,8
williams,8
cici,8
rank,8
payday,8
redd,8
fuel,8
marriage,8
invitation,8
initial,8
mango,8
mood,8
laming,8
wsdl,8
joss,8
value,8
chemistry,8
properties,8
revolt,8
bills,8
hawaii,8
quotation,8
logos,8
lado,8
tutto,8
dispatch,8
tank,8
supp,8
kelly,8
smtp,8
modulo,8
dfff,8
repair,8
cond,8
split,8
azul,8
suffusion,8
bask,8
zion,8
aloe,8
region,8
departement,8
nova,7
binn,7
checks,7
initials,7
ffdf,7
mage,7
psycho,7
codes,7
audio,7
format,7
owyn,7
unknown,7
fourteen,7
monday,7
tien,7
agent,7
galaxy,7
checkout,7
affiliate,7
proc,7
ffef,7
scam,7
single,7
kuti,7
otto,7
orders,7
extra,7
cameo,7
drew,7
korea,7
ender,7
gent,7
active,7
eons,7
columbia,7
willamette,7
dddddd,7
citri,7
june,7
dallas,7
talk,7
total,7
recep,7
salem,7
rond,7
processor,7
take,7
daia,7
michael,7
inou,7
jscript,7
utils,7
pictures,7
mono,7
luise,7
games,7
navy,7
corporate,7
ellin,7
organ,7
dfffff,7
dragon,7
expression,7
chinese,7
respiratory,7
frio,7
progress,7
bots,7
moto,7
qualcomm,7
snapdragon,7
beast,7
provider,7
magic,6
sibi,6
maga,6
fulls,6
centurylink,6
articles,6
load,6
bottom,6
unlock,6
faded,6
bede,6
unity,6
lice,6
will,6
ffdab,6
invalid,6
waka,6
salam,6
develop,6
title,6
horia,6
framework,6
stat,6
fighter,6
ansu,6
player,6
plaza,6
chelsea,6
clinton,6
calls,6
enquire,6
attacks,6
against,6
mother,6
liber,6
livres,6
blocks,6
expired,6
currencies,6
payments,6
most,6
deng,6
yuan,6
qian,6
cards,6
passwords,6
edam,6
neot,6
regularize,6
vada,6
visit,6
oven,6
that,6
ness,6
issued,6
fate,6
threat,6
motif,6
naver,6
aliz,6
lesson,6
muay,6
kroq,6
cone,6
vied,6
kawi,6
elle,6
carl,6
supports,6
tool,6
nguy,6
glass,6
build,6
photos,6
finance,6
terms,6
coste,6
sending,6
bitcoin,6
legend,6
homepage,6
health,6
this,6
insecure,6
yael,6
hotels,6
brig,6
working,6
amelia,6
suran,6
soon,6
shadow,6
principal,6
fide,6
shaw,6
destination,6
bang,6
wise,6
amendment,6
chek,6
allow,6
korona,6
enhain,6
swish,6
mare,6
mils,6
efface,6
fafad,6
meld,6
targets,6
sector,6
enquiry,6
rass,6
amar,6
guin,6
webb,6
sdfghjkl,6
chasen,6
bead,6
branco,6
ting,6
tweet,6
toes,6
checking,5
kada,5
rover,5
flash,5
meir,5
kaplan,5
bookmarks,5
notes,5
gaga,5
reminder,5
eeeeee,5
question,5
techno,5
conn,5
gift,5
capt,5
firm,5
cassidy,5
today,5
been,5
ffff,5
ticket,5
ddbec,5
machine,5
char,5
cffd,5
feff,5
frog,5
investors,5
when,5
cabos,5
devices,5
controllers,5
friend,5
seva,5
buttons,5
favicon,5
models,5
family,5
smarty,5
stab,5
campaigns,5
references,5
fils,5
norway,5
sico,5
connie,5
area,5
regan,5
jind,5
arrival,5
delivered,5
hard,5
move,5
viel,5
dien,5
civic,5
park,5
pont,5
ober,5
sugar,5
freezer,5
tape,5
rocker,5
dude,5
smith,5
wilson,5
keep,5
program,5
york,5
sent,5
doria,5
film,5
graph,5
drives,5
pots,5
rate,5
like,5
deutsche,5
samples,5
heart,5
pear,5
cara,5
picture,5
union,5
baaed,5
classic,5
cosign,5
debit,5
wallpaper,5
atapi,5
tapia,5
wels,5
chain,5
browse,5
zoom,5
pedro,5
regal,5
mild,5
contract,5
route,5
sima,5
tramps,5
clinical,5
riley,5
permian,5
cool,5
diamond,5
assist,5
jill,5
martin,5
quad,5
pdfs,5
hunch,5
notice,5
personnal,5
recover,5
ager,5
lita,5
from,5
corner,5
vlad,4
emma,4
encoder,4
rage,4
nocs,4
materia,4
radeon,4
dark,4
aecma,4
scanner,4
fnac,4
thirteen,4
fade,4
metz,4
loge,4
videos,4
logie,4
bouy,4
beta,4
flub,4
sistema,4
sakin,4
tver,4
inverse,4
ando,4
documentation,4
boots,4
watch,4
cerulean,4
diss,4
nord,4
mall,4
geforce,4
prat,4
surface,4
olpe,4
look,4
succeed,4
arap,4
forwarder,4
meta,4
sutherland,4
riddance,4
loathed,4
taxes,4
killing,4
bilan,4
keen,4
shot,4
advertisement,4
coaching,4
currency,4
careers,4
callback,4
subs,4
commons,4
wealth,4
quam,4
goldman,4
president,4
solomon,4
become,4
mini,4
monet,4
sold,4
painting,4
than,4
humans,4
wiping,4
species,4
plants,4
animals,4
warns,4
theresa,4
snaps,4
after,4
tory,4
backbencher,4
sneak,4
guri,4
ingres,4
ordered,4
traveller,4
haim,4
alfa,4
assessor,4
mouth,4
straw,4
violet,4
false,4
musique,4
milli,4
itch,4
hestia,4
subpage,4
worker,4
papers,4
priscilla,4
trends,4
puna,4
studies,4
uniform,4
vote,4
gata,4
animated,4
tropic,4
unco,4
portfolio,4
boxes,4
lend,4
imports,4
killer,4
gast,4
rummer,4
mailman,4
nove,4
resourcing,4
investigations,4
gcie,4
rune,4
raze,4
zoosk,4
tomcat,4
mayan,4
calgary,4
ered,4
pleasure,4
iwao,4
louisville,4
fpus,4
teff,4
ansem,4
connor,4
movement,4
opec,4
contacts,4
seguros,4
kune,4
story,4
userc,4
camps,4
hara,4
egba,4
newb,4
peon,4
mvps,4
lnwr,4
meri,4
belo,4
origine,4
simd,4
luck,4
regi,4
strats,4
mile,4
royale,4
carpio,4
clark,4
extract,4
swells,4
madd,4
smas,4
claim,4
claims,4
obligate,4
aped,4
bayview,4
hunters,4
boty,4
phillip,4
scientific,4
ffdb,4
ajac,4
wahb,4
kahn,4
caen,4
lula,4
mohammad,4
tawa,4
tyra,4
salva,4
clay,4
smut,4
disposables,4
ilina,4
pyne,4
kartik,4
onee,4
acadia,4
harm,4
ueda,4
nose,4
lagos,4
screenshots,4
dinu,4
floods,4
tyler,4
nicu,4
laze,4
buddy,4
grid,4
statistics,4
slim,4
mung,4
lana,4
spry,4
north,4
leaf,4
dure,4
problems,4
diaphanous,4
wpvg,4
irmo,4
minix,4
yelp,4
ning,4
dhok,4
gner,4
rnur,4
nuts,4
were,4
swig,4
gibbs,4
safra,4
tickets,4
parental,4
downloading,4
rolling,4
greens,4
srem,4
noaa,4
prus,4
membre,4
etti,4
gina,4
adas,4
demetrio,4
wander,4
hydrogen,4
binary,4
herring,4
ched,4
lane,4
topp,4
francais,4
room,4
kraus,4
communications,4
authorise,4
chiara,4
hiro,4
janne,4
bbci,4
managers,4
much,4
mich,4
sunday,4
chan,4
messenger,4
mandatory,4
truls,4
capit,4
distro,4
cuyo,4
sues,4
iiii,4
body,4
sena,4
display,4
close,4
modal,4
backups,4
javier,4
infrastructure,4
nala,4
welders,4
bethany,4
toni,4
glenn,4
petersen,4
conference,4
upcoming,4
changes,4
persist,4
contribute,4
defaced,4
kids,4
adrian,4
ramos,4
tubbs,4
wyoming,4
schools,4
eros,4
tube,4
saks,4
peja,4
eric,4
focus,4
fund,4
scrollbar,4
frames,4
gera,4
squares,4
reps,4
auer,4
donahue,4
kufa,4
venus,4
dose,4
miles,4
vantage,4
vasts,4
polk,4
moai,4
slats,4
comt,4
wick,4
filles,4
friday,4
minh,4
bella,4
dreamer,4
beln,4
void,4
sila,4
muth,4
gabs,4
campi,4
blowfish,4
solid,4
flap,4
tlrs,4
jogi,4
tant,4
iida,4
vall,4
registration,4
unblocks,4
curit,4
cars,4
shiba,4
cafu,4
mohamed,4
reap,4
verb,4
chasm,4
ante,4
vlei,4
telus,4
barbara,4
cialis,4
consult,4
peas,4
jane,4
training,4
chef,4
henry,4
tamm,4
maskin,4
poke,4
yuji,4
asociaci,4
deco,4
rome,4
james,4
ross,4
norton,4
clearing,4
ehir,4
vaca,4
vevo,4
dube,4
orne,4
fdic,4
begg,4
fria,4
taqi,4
bice,4
woes,4
elaine,4
eleven,4
lines,4
issues,4
mentions,4
foyn,4
sram,4
flcl,4
icrc,4
kristin,4
collins,4
goodwin,4
mcgrath,4
kaval,4
iroc,4
jackson,4
toho,4
wnba,4
jonah,4
specialties,4
brochure,4
driver,4
craig,4
cher,4
sewell,4
pitts,4
arda,4
published,4
ycat,4
canvas,4
prima,4
uber,4
zentrum,4
chemical,4
gibb,4
admins,4
paramount,4
fila,4
fanny,4
lung,4
nani,4
game,4
noted,4
slice,4
duplicator,4
folk,4
kaew,4
taxo,4
tamp,4
boma,4
nega,4
patrick,4
hodges,4
nubs,4
bosun,4
edom,4
native,4
qasim,4
saudi,4
diesel,4
proceed,4
bien,4
roberts,4
longevity,4
logic,4
serra,4
olne,4
xerox,4
xmpp,4
corinne,4
selena,4
eternity,4
flooring,4
curd,4
lucy,4
discuss,4
crist,4
monica,4
crews,4
parking,4
belz,4
anne,4
hamm,4
certified,4
stewart,4
wilkins,4
diva,4
owens,4
serj,4
moro,4
euan,4
angela,4
zeba,4
contest,4
snapshot,4
origin,4
nspe,4
wife,4
swot,4
tuva,4
environment,4
smokey,4
harmony,4
appliances,4
maun,4
caan,4
else,4
directors,4
bridging,4
summer,4
coor,4
pram,4
ward,4
oxus,4
wind,4
sika,4
output,4
monitor,4
usman,4
dreamy,4
klang,4
adores,4
weaver,4
canadian,4
teru,4
opens,4
mires,4
sews,4
arlo,4
macros,4
rite,4
contacted,4
brian,4
valuation,4
lynd,4
blume,4
gallo,4
kaba,4
dina,4
credential,4
ramsey,4
audubon,4
institute,4
ctrl,4
andy,4
alway,4
bristol,4
born,4
simpson,4
extras,4
muir,4
gnrh,4
conferences,4
schedule,4
accordion,4
dizzy,4
browser,4
connectors,4
lasso,4
spector,4
phillips,4
nasu,4
concept,4
blocking,4
alberta,4
ashton,4
somo,4
sook,4
antietam,4
church,4
billionaire,4
dewy,4
rien,4
loggers,4
hank,4
crawford,4
dubs,4
scanning,4
redmond,4
unsubscribe,4
suke,4
pixel,4
nest,4
twelve,4
bradley,4
moses,4
wbcs,4
reds,4
damm,4
uncia,4
plano,4
rios,4
sots,4
girl,4
courtney,4
thompson,4
edition,4
descendants,4
loyola,4
condominium,4
associates,4
dunn,4
living,4
thro,4
alef,4
witz,4
doab,4
massed,4
iowa,4
hawk,4
stevens,4
rouge,4
know,4
hari,4
oregon,4
series,4
importance,4
another,4
cheri,4
gcsi,4
quia,4
hida,4
attraction,4
crypts,4
trace,4
diverse,4
manufacturers,4
registro,4
koko,4
fine,4
scanned,4
cuda,4
glorie,4
chartered,4
walton,4
civil,4
awed,4
shelley,4
college,4
advisors,4
ready,4
sets,4
elisa,4
upgrades,4
points,4
span,4
communication,4
grass,4
bole,4
didi,4
mobiles,4
kari,4
snes,4
mahesh,4
pattern,4
reamer,4
qaum,4
puff,4
villas,4
medical,4
injury,4
lenin,4
lime,4
billboard,4
ology,4
cooking,4
gerri,4
designer,4
supported,4
mambo,4
cats,4
syncing,4
problem,4
enix,4
boat,4
prog,4
conte,4
flesh,4
career,4
taylor,4
interactive,4
nursing,4
skills,4
blackboard,4
pune,4
shells,4
quir,4
modern,4
niagara,4
distal,4
umra,4
johnson,4
lingo,4
moseley,4
drink,4
aware,4
corey,4
japan,4
mown,4
mills,4
recieved,4
pron,4
cole,4
bruce,4
fisa,4
generate,4
gator,4
jude,4
basket,4
decline,4
invite,4
payroll,4
miranda,4
orgy,4
fresco,4
secret,4
precious,4
heidi,4
mccartney,4
adamson,4
sierra,4
trou,4
smoke,4
assurance,4
mirko,4
department,4
technique,4
gwinnett,4
masonry,4
stub,4
engineering,4
learner,4
programme,4
beers,4
ordem,4
redo,4
waste,4
liker,4
nuns,4
kate,4
bert,4
tatiana,4
boil,4
lats,4
mlia,4
monroe,4
brazos,4
guardianship,4
poise,4
consumer,4
dmbs,4
credits,4
terry,4
sturtevant,4
engineers,4
seven,4
fried,4
dont,4
ezln,4
grate,4
refill,4
refile,4
walmart,4
oost,4
apply,4
where,4
lenders,4
craigslist,4
melis,4
mero,4
disabled,4
warwick,4
riel,4
urie,4
harrell,4
tips,4
urna,4
erasing,4
latex,4
very,4
width,4
hello,4
imrie,4
harsh,4
gupta,4
effective,4
quite,4
mille,4
unblocking,4
publish,4
relaunch,4
speedy,4
smog,4
pels,4
recognize,4
journey,4
mean,4
jamb,4
sparkasse,4
bitcoins,4
candidate,4
refrigerator,4
candy,4
holder,4
suction,4
cups,4
clear,4
cooler,4
shelf,4
leak,4
kind,4
attached,4
brass,4
launch,4
stfold,4
delete,4
simplify,4
drinks,4
redon,4
bricks,4
speak,4
cleartext,4
hennessy,4
pulaski,4
cons,4
packages,4
sicherheit,4
identifier,4
voir,4
urbi,4
adminstrator,4
registry,4
patria,4
comments,4
bung,4
coli,4
steps,4
demographics,4
ants,4
rana,4
upgrading,4
slide,4
chua,4
jennifer,4
lier,4
hbos,4
daily,4
vite,4
alas,4
emergency,4
stockholms,4
universit,4
united,4
object,4
webmaster,4
vivaldi,4
compagnie,4
palermo,4
sections,4
assignments,4
classifieds,4
notifications,4
colourful,4
boas,4
mixed,4
jacob,4
banker,4
riffic,4
phrase,4
mitchell,4
stay,4
huge,4
rgyi,4
recurs,4
torch,4
usage,4
received,4
customers,4
tempor,4
baka,4
leto,4
tauon,4
antiques,4
mame,4
programm,4
world,4
jason,4
brenner,4
cadd,4
strato,4
carrefour,4
embedded,4
mine,4
edge,4
transcript,4
cunt,4
deposit,4
moon,4
toolbar,4
estaci,4
htft,4
completed,4
lude,4
poppins,4
craft,4
xenu,4
puig,4
shards,4
lnah,4
peed,4
extension,4
gushy,4
syfy,4
field,4
tampa,4
wave,4
iuds,4
newsletter,4
downtown,4
joker,4
king,4
long,3
inner,3
interest,3
alex,3
tequila,3
dacca,3
rtos,3
taekwondo,3
businesses,3
purchase,3
midnight,3
mack,3
hold,3
expr,3
optimal,3
remo,3
unico,3
waiting,3
oconto,3
ghost,3
especial,3
rence,3
dirk,3
incident,3
picks,3
bran,3
taiwan,3
tuesday,3
avar,3
confirmed,3
cert,3
personnel,3
ding,3
face,3
confr,3
moderate,3
lookup,3
xmas,3
markets,3
cached,3
outsider,3
detect,3
dactyl,3
salaciousness,3
nismo,3
coba,3
chad,3
installation,3
dull,3
album,3
mutual,3
cuse,3
luca,3
cupping,3
specification,3
pluto,3
wetter,3
earth,3
reas,3
sein,3
urfa,3
paes,3
layout,3
pretty,3
dank,3
kata,3
realms,3
soap,3
pita,3
dion,3
heal,3
particular,3
scot,3
tilts,3
relay,3
bayer,3
heritage,3
ribbon,3
analytic,3
ratings,3
thumb,3
evan,3
bucket,3
chem,3
norma,3
pwnd,3
cord,3
shakr,3
rican,3
authenticated,3
promote,3
sous,3
menus,3
just,3
carlos,3
reservations,3
siam,3
calc,3
rent,3
tutorial,3
baset,3
wilk,3
bunt,3
listings,3
quash,3
queen,3
morgan,3
deliver,3
booz,3
glory,3
ectoplasm,3
grey,3
nothing,3
attachments,3
kimi,3
flood,3
diabetes,3
deva,3
sidebar,3
phil,3
manu,3
secondary,3
pending,3
billings,3
savino,3
fetter,3
healthcare,3
lacy,3
editing,3
flag,3
apis,3
santa,3
signed,3
mansion,3
syed,3
snail,3
privet,3
procedure,3
olympic,3
nacional,3
lander,3
azzi,3
hora,3
unzip,3
awesome,3
pedigree,3
releases,3
handbook,3
tardis,3
slam,3
overcrowd,3
deem,3
austell,3
belgium,3
cathay,3
exam,3
maker,3
private,3
hide,3
trekking,3
wood,3
porta,3
alun,3
sole,3
reza,3
october,3
exchange,3
deeba,3
hume,3
tern,3
zhou,3
barb,3
zing,3
ballots,3
tridents,3
suggestions,3
vietnam,3
newcastle,3
cave,3
proton,3
carell,3
dialogs,3
seng,3
revolution,3
guru,3
travels,3
arbil,3
yury,3
xvid,3
feat,3
mona,3
safari,3
sbcp,3
mountain,3
between,3
smile,3
parti,3
haber,3
alpha,3
clef,3
corre,3
pure,3
sketch,3
klein,3
hemp,3
steve,3
ions,3
abuse,3
hoch,3
twig,3
whoops,3
qwerty,3
kawasaki,3
ffffe,3
fold,3
pour,3
nico,3
represent,3
touch,3
zila,3
optimum,3
resistance,3
creation,3
phones,3
motorola,3
denim,3
mint,3
hacker,3
kill,3
remit,3
guard,3
lands,3
lulu,3
faebd,3
klin,3
amil,3
fake,3
raison,3
pipo,3
upon,3
proto,3
monolog,3
uley,2
omoto,2
firewall,2
then,2
baise,2
william,2
rathbun,2
warrior,2
marketing,2
goods,2
nena,2
kickstart,2
fairway,2
sample,2
zona,2
muri,2
coronavirus,2
erda,2
tabs,2
revenue,2
renews,2
cobra,2
boom,2
preta,2
enroll,2
visual,2
fidelity,2
slovenia,2
ancestry,2
lutz,2
bala,2
records,2
cate,2
duas,2
vendors,2
furniture,2
computer,2
jupp,2
loin,2
klee,2
encryption,2
circo,2
paragon,2
sear,2
burj,2
shadowbox,2
barbour,2
accuser,2
reception,2
gers,2
wutw,2
ycie,2
acul,2
vamp,2
cingular,2
attachment,2
ebbed,2
kiyo,2
blps,2
segs,2
offs,2
brat,2
huya,2
london,2
valgus,2
sfio,2
cidr,2
kicky,2
fleck,2
tics,2
alice,2
bret,2
love,2
ufer,2
buss,2
nottingham,2
forest,2
rede,2
kolai,2
sound,2
changer,2
rdony,2
dosis,2
printing,2
breslin,2
documenta,2
screenshot,2
hero,2
each,2
short,2
iran,2
cinta,2
found,2
suspended,2
realty,2
bach,2
roni,2
bullet,2
metadata,2
musa,2
mask,2
chay,2
respirators,2
coco,2
pruni,2
iota,2
suspend,2
nickel,2
benz,2
renew,2
factors,2
chameleon,2
isdn,2
loomis,2
enzymes,2
academics,2
quit,2
unprotected,2
mull,2
replace,2
current,2
hydrocodone,2
icao,2
pehr,2
gita,2
shows,2
cosmos,2
odyssey,2
hdtv,2
harb,2
stream,2
rvis,2
juice,2
shift,2
ving,2
zedd,2
selection,2
heating,2
functions,2
ankle,2
seer,2
lead,2
maes,2
naoe,2
fiber,2
again,2
walt,2
moda,2
bins,2
silvan,2
marin,2
belie,2
realm,2
mass,2
twee,2
confer,2
actions,2
modo,2
pooh,2
genie,2
pepin,2
dati,2
meat,2
apache,2
sheep,2
wreck,2
oder,2
revert,2
gran,2
viana,2
tavares,2
hsbc,2
adventure,2
resort,2
treasury,2
lack,2
addy,2
tail,2
exceptions,2
ipia,2
brin,2
relief,2
heath,2
bird,2
aristocratically,2
limites,2
vere,2
coming,2
blaster,2
funk,2
timer,2
excels,2
over,2
outdoors,2
slink,2
kuru,2
ripple,2
yone,2
intuit,2
oath,2
mariam,2
ottawa,2
peng,2
niko,2
tina,2
fark,2
nnnn,2
travis,2
biel,2
rrez,2
meryl,2
goto,2
xena,2
vagrant,2
fille,2
recherche,2
fops,2
exon,2
cobs,2
ecole,2
petl,2
pool,2
subject,2
countries,2
wiki,2
nabi,2
projekt,2
newman,2
para,2
vida,2
boxed,2
fraser,2
town,2
versa,2
matte,2
cile,2
kristina,2
dowling,2
described,2
reported,2
truong,2
pago,2
randy,2
ferguson,2
wove,2
ling,2
sloop,2
benn,2
bravi,2
shortcut,2
singin,2
kosb,2
megan,2
huffman,2
xpress,2
golgi,2
buyer,2
pecci,2
roid,2
spor,2
built,2
voip,2
poland,2
hermes,2
devo,2
ture,2
bonne,2
rare,2
abode,2
margaret,2
stick,2
alaska,2
fira,2
setting,2
nora,2
iure,2
cres,2
ulster,2
cycle,2
lops,2
poll,2
renga,2
alteration,2
batman,2
push,2
hustle,2
till,2
sharing,2
dutch,2
holi,2
ubuntu,2
aberdeen,2
range,2
heartland,2
component,2
retry,2
aach,2
barf,2
echt,2
schaffer,2
advertising,2
museum,2
realtors,2
bear,2
always,2
izzy,2
spider,2
indo,2
sense,2
deaf,2
prayer,2
intranet,2
awad,2
word,2
xanax,2
atrium,2
landscape,2
signal,2
linux,1
sport,1
tait,1
river,1
reiss,1
leap,1
brink,1
voor,1
eree,1
lios,1
jenn,1
lens,1
quax,1
heft,1
hace,1
child,1
clank,1
vetting,1
quality,1
interaction,1
aames,1
alone,1
ltek,1
daddy,1
filet,1
verso,1
ional,1
meister,1
cala,1
police,1
technic,1
dash,1
zeit,1
bumblebee,1
string,1
kano,1
rosen,1
nissan,1
flops,1
argo,1
handcrafted,1
alder,1
neal,1
bonner,1
imac,1
condition,1
everything,1
included,1
memberships,1
verge,1
fast,1
simply,1
tops,1
eras,1
monte,1
leys,1
eira,1
frontal,1
dura,1
chanakya,1
redeem,1
labs,1
reviews,1
beth,1
guth,1
supplies,1
ohno,1
neva,1
poste,1
italian,1
consultancy,1
hinds,1
ford,1
oscar,1
star,1
colombe,1
dario,1
couvre,1
scoped,1
bash,1
usac,1
cisc,1
gesu,1
rafik,1
akademia,1
robot,1
landi,1
workshops,1
presentation,1
graphics,1
days,1
warsaw,1
chart,1
pity,1
coil,1
applications,1
jardim,1
chapa,1
campinas,1
tronic,1
overbite,1
hygiene,1
male,1
jada,1
amide,1
palm,1
bhai,1
natural,1
myfile,1
enable,1
onda,1
basics,1
username,1
continue,1
phpc,1
dama,1
juegos,1
fidel,1
avatars,1
gharbi,1
smileys,1
naoh,1
lungs,1
junk,1
snob,1
eating,1
pens,1
tsch,1
safely,1
adobes,1
plaintext,1
bros,1
thumbnails,1
bases,1
emirates,1
cphc,1
entre,1
chten,1
tima,1
pope,1
trucking,1
maws,1
aims,1
punt,1
veli,1
associate,1
reload,1
inscription,1
verg,1
bagh,1
sdhc,1
offers,1
rentals,1
voucher,1
licence,1
intro,1
resolver,1
laren,1
bids,1
utilities,1
villages,1
madison,1
polio,1
rika,1
belts,1
refresh,1
rang,1
feet,1
privat,1
tariffs,1
dacha,1
vary,1
dlya,1
mont,1
individual,1
chita,1
respirator,1
lapa,1
collect,1
archiver,1
organization,1
channel,1
operation,1
timi,1
lorin,1
aren,1
begs,1
logistic,1
intra,1
dera,1
wireless,1
robots,1
detector,1
upgraded,1
alexander,1
ster,1
father,1
anderson,1
exotic,1
damp,1
responses,1
fiction,1
ffba,1
macro,1
undid,1
oled,1
receipt,1
wildcard,1
frontline,1
earthy,1
eligible,1
aussie,1
llar,1
satr,1
infocomm,1
reals,1
ugui,1
internal,1
winx,1
commedia,1
offsite,1
bookstore,1
late,1
empas,1
eywa,1
celine,1
nato,1
input,1
vault,1
groups,1
catherine,1
albert,1
wysiwyg,1
erft,1
coro,1
luiz,1
telefonica,1
artikel,1
results,1
torrent,1
strike,1
zend,1
ogre,1
gmfo,1
managed,1
worldcat,1
holly,1
flags,1
mind,1
years,1
slave,1
vain,1
packs,1
vice,1
bonus,1
arial,1
oaep,1
crni,1
pony,1
ofce,1
spool,1
popo,1
purchasing,1
ratcliffe,1
performance,1
electrical,1
klan,1
garrett,1
haney,1
stephen,1
berne,1
prem,1
under,1
writer,1
warning,1
author,1
asset,1
market,1
hoco,1
vine,1
gens,1
hyundai,1
disrobed,1
economic,1
impact,1
liefer,1
adress,1
bonuses,1
adultery,1
dita,1
dean,1
navigation,1
tiger,1
cellphone,1
lignin,1
shire,1
piau,1
dillon,1
itza,1
mouse,1
dine,1
chrono,1
puck,1
ferr,1
todt,1
mogh,1
rues,1
bald,1
kevin,1
crosby,1
kana,1
wall,1
cias,1
rete,1
nidas,1
neptune,1
divas,1
cooper,1
vcds,1
favoriten,1
smaw,1
avit,1
heed,1
nikro,1
tite,1
mysql,1
roll,1
altu,1
result,1
rolex,1
revised,1
refer,1
casa,1
dunk,1
firs,1
emily,1
rose,1
verde,1
guide,1
morn,1
limits,1
compel,1
hang,1
ezov,1
veer,1
zerg,1
commando,1
investment,1
excludes,1
cram,1
bard,1
tecl,1
arpa,1
beebe,1
eked,1
onsite,1
revision,1
apollo,1
briggs,1
dimension,1
maat,1
jobi,1
plac,1
bambi,1
camper,1
trailer,1
swept,1
hail,1
hair,1
payee,1
columbus,1
winterize,1
increments,1
mbti,1
kilt,1
rental,1
gang,1
consul,1
ecos,1
updraft,1
hover,1
somos,1
paler,1
cook,1
giveaway,1
lande,1
joris,1
beets,1
helps,1
saratoga,1
county,1
numbers,1
fibre,1
anthony,1
widen,1
tufa,1
colomb,1
pocket,1
travail,1
operaci,1
voda,1
liam,1
prva,1
greg,1
catty,1
malian,1
acquire,1
court,1
strand,1
iggy,1
zeds,1
still,1
handler,1
masks,1
vision,1
interact,1
ppen,1
hour,1
chak,1
fruitful,1
chach,1
quang,1
rong,1
evil,1
filer,1
swift,1
domains,1
malo,1
mist,1
cielo,1
selja,1
russ,1
gold,1
unlocked,1
colla,1
trix,1
clam,1
emerge,1
erve,1
macbook,1
gray,1
parent,1
juni,1
zero,1
ange,1
expire,1
music,1
green,1
meal,1
chambers,1
kota,1
aten,1
cent,1
nadp,1
failure,1
boris,1
henny,1
danz,1
karen,1
eglinton,1
czar,1
shark,1
diet,1
keto,1
cleaner,1
sensei,1
oyster,1
happy,1
blessing,1
refreshing,1
heavenly,1
race,1
marine,1
adjusting,1
sulfur,1
mary,1
andrea,1
andrzej,1
burn,1
holding,1
rash,1
remote,1
chapel,1
lion,1
cornell,1
infra,1
examples,1
teams,1
procedures,1
grez,1
zipf,1
bath,1
foot,1
nancy,1
tomb,1
raider,1
playstation,1
spiel,1
bike,1
flue,1
rida,1
aizu,1
returns,1
make,1
outgoing,1
krom,1
freeman,1
berry,1
energy,1
sourcing,1
chod,1
shahin,1
welt,1
stack,1
krla,1
grin,1
lugo,1
mita,1
weirs,1
pearce,1
xliv,1
redirecting,1
escrow,1
mens,1
halogen,1
viva,1
emirate,1
