paypal,1251
sites,1170
secure,1057
docs,1043
mail,840
storage,712
login,640
runescape,636
drive,512
webmail,505
account,492
base,437
fire,420
apple,378
online,364
facebook,345
live,327
update,322
service,320
cloud,313
services,311
forms,288
support,285
info,270
sign,256
check,249
help,247
student,239
file,236
site,225
bank,206
transfer,189
test,166
user,166
security,163
beta,159
what,156
ebay,153
living,152
tube,150
segura,147
google,147
mobile,144
apps,139
chase,138
zona,137
page,133
portal,125
blog,125
email,122
server,121
accounts,117
free,117
esta,114
admin,110
ques,108
banco,108
pages,107
join,105
drop,104
client,103
chat,102
verification,98
slim,96
three,94
square,93
home,92
verify,91
shop,90
static,90
demo,87
america,86
chia,86
card,86
webs,83
outlook,77
gold,76
homepage,76
panel,75
down,75
cafe,74
betas,73
group,72
https,72
click,71
poste,70
perez,69
center,69
news,69
settings,68
best,68
allegro,67
post,66
amazon,65
desk,65
your,63
access,63
host,63
smart,61
view,61
information,60
microsoft,60
eliot,60
hiro,60
redirection,59
ricardo,57
team,57
submit,56
orange,56
line,56
system,55
notification,55
digital,54
connect,54
setting,53
sabu,53
face,52
netflix,52
dispatch,52
baba,52
point,51
liza,51
santander,50
store,50
work,49
cats,49
link,48
safe,48
yahoo,47
alternate,47
credit,46
memo,46
magazine,45
oauth,45
office,45
count,45
files,45
boke,44
download,44
tech,44
ship,44
enix,44
recovery,43
helps,43
confirm,43
cache,43
fence,43
users,42
reis,42
change,42
mastercard,42
bill,41
cards,41
nmit,40
blok,39
share,39
inga,39
order,39
safety,39
confirmation,38
payment,38
insta,38
nebula,38
trust,38
staff,38
meyer,38
banca,37
manage,37
manager,37
auto,37
banking,37
ring,37
media,37
space,37
community,36
document,36
internet,36
robb,36
pixel,35
love,35
protect,35
american,35
riot,35
port,35
aces,34
redirect,34
recover,34
limited,34
plus,34
notice,34
pole,34
customer,34
code,34
trade,34
ment,33
alert,33
hosting,33
centre,32
class,32
promo,32
unlock,32
dudu,32
filter,32
form,32
upgrade,31
asia,31
reader,31
luiz,30
open,30
aruba,30
central,30
logs,30
secured,29
cancel,29
itunes,29
zone,29
business,29
corp,29
grub,28
first,28
seller,28
editor,28
game,27
blob,27
iran,27
ident,27
construction,27
data,27
amerie,27
tana,27
billing,26
main,26
book,26
lander,26
only,26
swep,26
gratis,26
ange,26
notifications,26
damp,26
plata,25
preview,25
ovid,25
compute,25
look,25
steam,25
screen,25
southeast,25
west,25
school,25
east,25
redi,25
cover,25
hincha,25
core,24
prod,24
block,24
video,24
bravo,24
global,24
express,24
gram,24
perso,24
stage,24
virtual,23
world,23
validation,23
message,23
posa,23
river,23
phone,23
black,23
gift,23
market,22
cont,22
snap,22
para,22
swiss,22
marketplace,22
partners,22
supp,22
unit,22
come,22
jack,22
review,22
curit,22
parts,22
extra,22
management,21
here,21
valid,21
cadastral,21
export,21
discover,21
time,21
images,21
active,21
mascot,21
pros,20
firm,20
videos,20
suspended,20
poli,20
handle,20
reports,20
direct,20
ducat,19
wells,19
shared,19
testing,19
track,19
state,19
over,19
wait,19
micro,19
marketing,19
vlast,19
please,19
habbo,19
protection,19
mobil,19
coop,19
forum,19
subscriptions,19
hope,19
guess,19
image,18
project,18
accounting,18
tori,18
band,18
person,18
spec,18
vici,18
curs,18
refund,18
physics,18
night,18
products,18
cation,18
automotive,18
informations,18
mission,18
maga,18
company,18
film,18
visitor,18
king,18
hack,18
match,18
able,18
chan,18
silver,18
department,18
advert,18
search,18
gate,17
session,17
limit,17
iver,17
colombia,17
summary,17
giri,17
waiting,17
number,17
kingdom,17
caro,17
lighting,17
clients,17
dorf,17
more,17
yemen,17
aaaa,17
activity,17
acht,17
resolve,17
elect,17
bris,17
spider,17
sich,17
case,16
fast,16
astro,16
temp,16
gateway,16
unlocking,16
logia,16
renault,16
comba,16
iseo,16
paving,16
bodega,16
latina,16
evangelical,16
friends,16
adult,16
methodist,16
second,16
lion,16
faculty,16
postal,16
adobe,16
blue,16
azione,16
police,16
avro,16
kotri,16
self,15
stores,15
restore,15
corona,15
error,15
sion,15
ions,15
bert,15
care,15
tree,15
control,15
staging,15
loading,15
members,15
policy,15
voice,15
translate,15
nabs,15
start,15
coma,15
random,15
brig,15
laban,15
iphone,15
activation,15
privates,15
kita,15
loco,15
links,15
available,15
prof,14
shaw,14
viral,14
index,14
gent,14
veil,14
stat,14
checkout,14
dark,14
locked,14
mails,14
museum,14
serve,14
intranet,14
corre,14
library,14
fact,14
process,14
photo,14
cure,14
recon,14
mall,14
dudley,14
navigation,14
reich,14
else,14
crypto,14
tomato,14
fargo,13
html,13
cent,13
abel,13
lise,13
name,13
smiles,13
updates,13
continue,13
developer,13
contact,13
part,13
city,13
send,13
hands,13
tele,13
encrypt,13
ecac,13
cpus,13
version,13
giveaway,13
webmaster,13
well,13
friday,13
unblocking,13
dallas,13
manu,13
gmail,13
dawn,13
many,13
buen,13
metro,13
unicorn,13
mister,13
load,12
event,12
seti,12
park,12
like,12
securing,12
delf,12
voce,12
warszawa,12
edward,12
mann,12
sandbox,12
wallet,12
items,12
super,12
crow,12
primary,12
arbor,12
recruitment,12
master,12
luna,12
clothing,12
script,12
edit,12
vocal,12
catalog,12
rique,12
meta,12
cate,12
deaf,12
domain,12
mailbox,12
tracker,12
land,12
goto,12
rock,11
item,11
lines,11
private,11
shav,11
pass,11
ness,11
wind,11
proxy,11
quota,11
fags,11
carta,11
ones,11
type,11
training,11
technology,11
stay,11
inter,11
hotmail,11
common,11
know,11
ding,11
finance,11
bend,11
lime,11
pony,11
tell,11
feeds,11
equity,11
stone,11
flow,11
kumar,11
mess,11
shakti,11
gator,11
true,11
ether,11
feng,11
gabbro,11
chocks,11
welcome,11
chek,11
boutique,11
dade,11
merlyn,11
onett,11
noah,11
ache,11
gear,11
ance,10
disk,10
hire,10
cong,10
niko,10
shiny,10
grupo,10
mart,10
quin,10
kart,10
real,10
appel,10
trix,10
riaz,10
reno,10
villa,10
action,10
required,10
tort,10
forest,10
show,10
wire,10
tura,10
hotel,10
enterprise,10
kush,10
vedas,10
brad,10
terms,10
invite,10
aliz,10
daum,10
stem,10
gata,10
resolution,10
loki,10
tracking,10
chases,10
verf,10
protects,10
encrypted,10
europe,10
back,10
vast,10
revenue,10
trial,10
rest,10
iata,10
semi,10
banner,10
mueller,10
kaya,10
admins,10
cures,10
chile,9
owes,9
feet,9
auger,9
planet,9
calc,9
body,9
contacts,9
guro,9
andreev,9
lama,9
fran,9
create,9
yeni,9
table,9
guity,9
greta,9
sosa,9
bourse,9
paul,9
academy,9
grid,9
national,9
aide,9
nickel,9
maris,9
sapi,9
react,9
prue,9
ndes,9
payments,9
supply,9
official,9
mumbai,9
spot,9
jang,9
dsps,9
mood,9
date,9
rent,9
telecom,9
anti,9
alex,9
amsa,9
network,9
rupp,9
strato,9
americas,9
porte,9
money,9
personal,9
linked,9
country,9
privacy,9
give,9
linux,9
gallery,9
life,9
webb,9
iger,9
baby,9
sous,9
anna,9
anime,9
this,9
nimble,9
arme,9
casa,8
campus,8
ning,8
tested,8
aspiring,8
cole,8
mountain,8
quine,8
brook,8
blues,8
repair,8
hand,8
tournament,8
ragout,8
opting,8
pound,8
health,8
alun,8
lans,8
tides,8
torc,8
jolly,8
http,8
bonus,8
long,8
addles,8
choi,8
disc,8
acre,8
career,8
rogen,8
koko,8
guide,8
theatre,8
archives,8
bliss,8
healing,8
area,8
amos,8
competent,8
borg,8
mercanti,8
developers,8
baro,8
ivar,8
operaci,8
amer,8
fame,8
helios,8
roofing,8
translations,8
camp,8
trading,8
wellington,8
cuny,8
harrison,8
pade,8
platinum,8
incel,8
union,8
parc,8
food,8
flooring,8
protocol,8
sylvia,8
mclain,8
paris,8
reply,8
suess,8
funding,8
firma,8
cebu,8
astor,8
schr,8
stein,8
bowman,8
consulting,8
maze,8
kate,8
mock,8
pizza,8
field,8
reso,8
italia,8
hello,8
bills,8
half,8
fort,8
yoga,8
bung,8
works,8
priv,8
associa,8
unusual,8
token,8
wordpress,8
iris,8
homes,8
indo,8
music,8
power,8
braces,8
diamond,8
member,8
mandala,8
france,8
pots,8
laming,8
claim,8
blocking,8
brasil,8
nice,8
source,8
foto,8
pepe,8
watch,8
french,8
picture,8
pictures,8
save,8
stud,8
clash,8
tron,8
poly,8
wise,8
rank,8
omni,8
peri,8
departs,8
reset,8
surf,8
cres,8
royal,7
ickiest,7
capacitance,7
recipe,7
wall,7
kang,7
unblock,7
moonlights,7
seng,7
goal,7
estado,7
aram,7
caper,7
even,7
arse,7
wilson,7
rica,7
dien,7
alerts,7
mate,7
tion,7
enquiry,7
mary,7
sure,7
bron,7
trak,7
need,7
fill,7
umass,7
division,7
supports,7
windows,7
euro,7
brat,7
renew,7
family,7
smtp,7
cert,7
libra,7
find,7
rios,7
suncoast,7
healthcare,7
simple,7
dada,7
bbbb,7
solos,7
arch,7
colorado,7
masonry,7
brazos,7
guardianship,7
keep,7
loan,7
williams,7
console,7
indonesia,7
atapi,7
studio,7
basic,7
full,7
ante,7
hots,7
alkan,7
novo,7
polska,7
public,7
groups,7
club,7
contest,7
prove,7
como,7
mega,7
london,7
atty,7
trans,7
pontos,7
learning,7
solutions,7
coin,7
angel,7
events,7
amel,7
report,7
something,7
loft,7
software,7
dddddd,7
loge,7
international,7
assist,7
zeno,7
bana,7
cnbc,7
migr,7
acha,7
bulldogs,7
john,7
colt,7
radio,7
documents,7
hacker,7
kohl,7
damodar,7
branch,7
sick,7
recent,7
sail,7
gelds,7
forensic,7
arent,7
canada,6
nine,6
request,6
kers,6
stickers,6
profile,6
scope,6
etta,6
agri,6
found,6
final,6
hole,6
disp,6
fake,6
gang,6
charming,6
pall,6
tire,6
fear,6
kara,6
kama,6
vous,6
pour,6
bole,6
sent,6
eric,6
mole,6
aldi,6
china,6
helping,6
optus,6
premium,6
orlando,6
oita,6
caca,6
lite,6
sitio,6
mola,6
cars,6
grade,6
nica,6
alter,6
cart,6
modi,6
sung,6
czech,6
cond,6
newsletter,6
mono,6
lucky,6
cook,6
puja,6
redirecting,6
wave,6
wana,6
waste,6
ovas,6
sunny,6
mere,6
zeman,6
medusa,6
metre,6
application,6
phan,6
chao,6
careers,6
koch,6
foundation,6
fred,6
seek,6
yuna,6
mundo,6
nutrients,6
salud,6
japan,6
updating,6
guarda,6
lupe,6
under,6
equipment,6
rentals,6
comp,6
dashboard,6
ebook,6
today,6
wild,6
solution,6
captcha,6
klein,6
connex,6
energy,6
register,6
interac,6
ando,6
bitcoin,6
kudos,6
tops,6
amber,6
hall,6
list,6
star,6
sistema,6
tito,6
lari,6
cort,6
contre,6
terse,6
rahm,6
cola,6
then,6
last,6
history,6
maintenance,6
adas,6
informatique,6
stats,6
wine,6
communication,6
sslein,6
sender,6
jobs,6
happy,6
travel,6
enka,6
assets,6
seeds,6
wiki,6
walk,6
grey,6
chap,6
sales,6
sheep,6
calo,6
commit,6
baar,6
hana,6
take,6
ninja,6
audio,6
tribune,6
polo,6
mise,6
traffic,6
medium,6
orang,6
photos,6
less,5
purple,5
sticker,5
authorize,5
cali,5
membership,5
skin,5
miki,5
servers,5
italian,5
nonsense,5
stool,5
some,5
seen,5
ever,5
vision,5
strong,5
coco,5
ting,5
program,5
bell,5
tank,5
play,5
shipment,5
connor,5
nega,5
lily,5
meri,5
estate,5
jure,5
clark,5
crossing,5
gifts,5
gaming,5
scott,5
partner,5
rivi,5
very,5
vigilant,5
kids,5
schools,5
alfred,5
talk,5
pure,5
brac,5
tabi,5
slug,5
podi,5
gabe,5
comuni,5
zion,5
nature,5
lobo,5
medo,5
coast,5
wholesale,5
lang,5
identity,5
frame,5
bdda,5
rink,5
kali,5
loud,5
ores,5
cosa,5
cccccc,5
bouy,5
maersk,5
just,5
lolo,5
node,5
medical,5
regis,5
followers,5
march,5
chantal,5
retrieval,5
csup,5
publish,5
chary,5
mesmerize,5
fiba,5
kerry,5
duncan,5
mcdonalds,5
gill,5
bologna,5
participant,5
dette,5
lats,5
unam,5
gerald,5
fremont,5
sert,5
teck,5
lane,5
remove,5
codes,5
voyages,5
bayan,5
avatar,5
orhan,5
zend,5
framework,5
nexus,5
ider,5
shura,5
books,5
liquid,5
nast,5
saba,5
australia,5
mien,5
website,5
poll,5
vaca,5
peter,5
citi,5
amex,5
roll,5
call,5
made,5
scotiabank,5
monika,5
ironing,5
cone,5
ekmek,5
avant,5
maul,5
gates,5
leon,5
baru,5
object,5
columbia,5
supplies,5
geren,5
escrow,5
lado,5
elms,5
root,5
conf,5
craigslist,5
north,5
return,5
thomas,5
mage,5
house,5
carols,5
racc,5
riva,5
claims,5
step,5
rand,5
sham,5
crop,5
messenger,5
quang,5
issues,5
survey,5
string,5
custom,5
gast,5
default,5
intelligence,5
model,5
street,5
corr,5
smail,5
agno,5
downloads,5
soft,5
ation,5
interface,5
tools,5
recovers,5
wang,5
elevated,5
dream,5
kesh,5
vida,5
ryszard,5
bains,5
mailer,5
word,5
quick,5
quads,5
adsl,5
cultura,5
exchange,5
fidel,5
insurance,5
acad,5
chrome,5
jara,5
colla,5
spee,5
durch,5
jess,5
liche,5
bast,5
isma,5
emus,5
tapio,5
anne,5
razzle,5
dazzle,5
good,5
citri,5
stuff,5
camera,5
jung,5
karin,5
schacht,5
billiard,5
opal,5
takama,5
green,5
password,5
task,5
dragonball,5
jours,5
bets,5
invest,5
nabi,5
cream,5
flyer,5
format,5
secs,5
sugar,5
mali,4
from,4
blogspot,4
dario,4
bund,4
shar,4
natural,4
skynet,4
multi,4
kiri,4
sale,4
guri,4
watt,4
ford,4
egba,4
plays,4
issue,4
dani,4
aldrin,4
high,4
prog,4
tick,4
been,4
chris,4
once,4
repairing,4
kinn,4
sprint,4
vella,4
joki,4
omid,4
verified,4
gela,4
lawyer,4
quilt,4
emmental,4
resourcing,4
marble,4
ivor,4
dylan,4
alban,4
louisville,4
attach,4
cycle,4
kitchen,4
gove,4
reception,4
electric,4
elena,4
novy,4
manze,4
pardubice,4
borders,4
kelvin,4
proceed,4
arrow,4
disposables,4
barn,4
partington,4
cellular,4
dati,4
verzeichnis,4
gerrard,4
homolog,4
lets,4
ymca,4
egan,4
carioca,4
owner,4
eads,4
vacations,4
millennia,4
suze,4
vald,4
claro,4
budu,4
sharp,4
eniac,4
grievance,4
distro,4
cuyo,4
cacao,4
aula,4
vines,4
lyon,4
lincoln,4
promocional,4
pedantic,4
poincar,4
wyoming,4
exit,4
voices,4
frio,4
faed,4
minigames,4
fuca,4
logistic,4
panic,4
poised,4
abstract,4
fops,4
uplink,4
winer,4
protective,4
sandburg,4
fiddle,4
cargo,4
shipping,4
egypt,4
annan,4
aztec,4
meme,4
collins,4
goodwin,4
kaval,4
sewell,4
boma,4
native,4
goofy,4
amir,4
paramount,4
midler,4
slue,4
winfrey,4
desjardins,4
feer,4
saudi,4
diesel,4
ventures,4
mode,4
networks,4
eternity,4
crews,4
experience,4
brett,4
jackson,4
certified,4
redir,4
miami,4
moda,4
trusting,4
brahma,4
gupta,4
fene,4
print,4
mara,4
appliances,4
endo,4
meso,4
ombo,4
rich,4
nach,4
russia,4
judy,4
signer,4
fema,4
nicole,4
mass,4
instantly,4
soci,4
polar,4
mats,4
este,4
valuation,4
audubon,4
institute,4
oude,4
bristol,4
simpson,4
ffba,4
moji,4
dictionary,4
beef,4
tpzs,4
mailing,4
endpoints,4
mina,4
capture,4
profiles,4
peas,4
births,4
adidas,4
read,4
gray,4
strategies,4
roxbury,4
colle,4
chromel,4
geri,4
supportive,4
provincia,4
brescia,4
civil,4
ched,4
profiling,4
grass,4
zhen,4
reamer,4
systems,4
injury,4
carver,4
viana,4
panda,4
captures,4
alicia,4
subscribes,4
earning,4
distal,4
drink,4
aware,4
matrix,4
collect,4
columbus,4
ebox,4
range,4
wizard,4
baur,4
ahac,4
especial,4
maka,4
shiba,4
nation,4
santa,4
shap,4
allot,4
asse,4
logic,4
frigates,4
role,4
college,4
trom,4
vivien,4
advance,4
tang,4
rabe,4
feel,4
clever,4
ibis,4
mcafee,4
iron,4
dental,4
champions,4
ical,4
trails,4
amar,4
india,4
wireless,4
morgan,4
stora,4
options,4
raine,4
signal,4
cops,4
league,4
canal,4
contra,4
riou,4
takes,4
promotion,4
tende,4
maria,4
activate,4
adam,4
cash,4
amara,4
setup,4
kapu,4
logi,4
using,4
turk,4
rang,4
quality,4
directory,4
plan,4
validate,4
wound,4
employee,4
kondo,4
porn,4
engineering,4
muse,4
safest,4
note,4
czar,4
things,4
board,4
bang,4
tama,4
rack,4
generate,4
simo,4
locale,4
detect,4
cool,4
officer,4
legal,4
smith,4
checkpoint,4
customers,4
tian,4
ncsu,4
driver,4
that,4
kale,4
late,4
sappho,4
equip,4
bust,4
luis,4
anal,4
tubed,4
serpa,4
syst,4
carte,4
arte,4
rose,4
eedc,4
copp,4
raja,4
excel,4
crew,4
chod,4
right,4
template,4
dados,4
move,4
klub,4
investment,4
jeff,4
mira,4
loot,4
academia,4
tsch,4
funds,4
eras,4
springs,4
sheng,4
iste,4
limitation,4
origin,4
easy,4
refunds,4
dating,4
apex,4
ades,4
deco,4
cleanup,4
kitts,4
khor,4
shahr,4
roche,4
rump,4
kahan,4
solo,4
ulrike,4
tamest,4
trap,4
klose,4
deck,4
ammo,4
screw,4
webby,4
hydra,4
temur,4
wjac,4
nexo,4
forums,4
advertises,4
stair,4
stepped,4
moni,4
ferro,4
cyanide,4
danker,4
stream,4
nabta,4
comas,4
sola,4
teed,4
alice,4
jerry,4
chin,4
hits,4
freedom,4
zara,4
intent,4
privat,4
craft,4
sumo,4
golf,4
wiesel,4
morton,4
baldwin,4
jaume,4
bureau,4
saum,4
acoustic,4
xxxx,4
front,4
advice,4
ling,4
ahmed,4
adma,4
pris,4
vice,4
section,4
viva,4
regi,4
pilot,4
chang,4
winch,4
coach,4
authorization,4
ember,4
huan,4
toms,4
arros,4
pinoy,4
george,4
xmas,4
enquiries,4
smitten,3
punishment,3
sapient,3
fabric,3
alpha,3
agreement,3
nyse,3
tequila,3
strom,3
lupa,3
cide,3
denn,3
pods,3
bali,3
sang,3
chur,3
olivine,3
cheddar,3
geography,3
wilde,3
homo,3
tiki,3
commercial,3
zach,3
boom,3
dope,3
trojan,3
alkaline,3
potent,3
teeth,3
dyson,3
absolute,3
staub,3
boden,3
hash,3
glob,3
lamb,3
falk,3
warm,3
girls,3
pick,3
ultimo,3
impact,3
roman,3
modo,3
blacks,3
daily,3
papa,3
comcast,3
cage,3
light,3
build,3
tans,3
alba,3
agar,3
nuevo,3
missa,3
tons,3
daniel,3
oregon,3
youtube,3
taylor,3
hind,3
nord,3
cope,3
arene,3
gins,3
notify,3
chain,3
tungsten,3
olen,3
dead,3
const,3
fall,3
maca,3
sane,3
dost,3
deliver,3
cooperation,3
chal,3
boots,3
phantom,3
seguros,3
military,3
feather,3
cost,3
centro,3
administration,3
demand,3
humane,3
marten,3
deus,3
calle,3
escap,3
mica,3
bubl,3
checking,3
unity,3
maher,3
sande,3
brazil,3
magician,3
great,3
nite,3
associates,3
yang,3
stag,3
justifiable,3
ecas,3
hors,3
turismo,3
than,3
odes,3
maior,3
rasu,3
avid,3
fetter,3
andre,3
alle,3
race,3
haut,3
wend,3
hahm,3
droid,3
ration,3
mula,3
mark,3
evil,3
guardia,3
marke,3
kent,3
pron,3
butter,3
spiced,3
judge,3
kana,3
cora,3
bare,3
thirsty,3
merchant,3
flamboyant,3
euclid,3
hedge,3
cock,3
vacation,3
curt,3
cunt,3
vert,3
chats,3
pang,3
factory,3
formula,3
photography,3
verizon,3
buzz,3
unip,3
pont,3
nova,3
klien,3
authenticate,3
liber,3
assistance,3
used,3
rebirth,3
nola,3
cast,3
agram,3
packages,3
internal,3
james,3
campaign,3
dung,3
fert,3
limites,3
omer,3
lender,3
rger,3
upon,3
crude,3
medicine,3
nail,3
niki,3
zoom,3
saps,3
helper,3
thing,3
aute,3
asimo,3
unix,3
dare,3
product,3
mini,3
pool,3
cielo,3
seus,3
pane,3
students,3
binder,3
expo,3
compi,3
style,3
grand,3
mont,3
valley,3
kind,3
dash,3
galileo,3
landscape,3
sibi,3
tren,3
juan,3
stalk,3
tool,3
pill,3
ally,3
medics,3
alain,3
sport,3
subscription,3
feedback,3
tiger,3
cluster,3
eyed,3
child,3
noel,3
nets,3
notices,3
capital,3
warning,3
alan,3
next,3
suspend,3
details,3
verity,3
disable,3
copper,3
fans,3
sicherheit,3
term,3
chip,3
financial,3
reported,3
anger,3
scout,3
logging,3
gral,3
courses,3
kenn,3
cations,3
crat,3
shed,3
escorts,3
kaki,3
babos,3
likes,3
tuber,3
lala,3
stock,3
victor,3
mirror,3
dust,3
tesco,3
ende,3
centurylink,3
delta,3
dell,3
frontend,3
fotos,3
vada,3
year,3
passive,3
false,3
rosid,3
perfect,3
wood,3
plano,3
attention,3
press,3
dent,3
aero,3
ivan,3
artists,3
dolls,3
region,3
doll,3
tien,3
bring,3
elliott,3
grad,3
baja,3
segue,3
aqua,3
hotels,3
lago,3
liker,3
andy,3
pipa,3
united,3
focus,3
silent,3
terminator,3
casca,3
rita,3
rill,3
mach,3
nicht,3
polit,3
roque,3
stuttgart,3
ttel,3
tera,3
crag,3
rena,3
essene,3
goose,3
ander,3
rate,3
amine,3
arius,3
catawba,3
zweigen,3
tarn,3
medes,3
chul,3
scapula,3
astra,3
colli,3
water,3
perception,3
verg,3
shaped,3
bach,3
vamp,3
bowyer,3
berm,3
along,3
limp,3
counter,3
config,3
deploy,3
mauritius,3
boats,3
bloc,3
hait,3
takin,3
kaas,3
elvira,3
ueda,3
username,3
communing,3
filed,3
ewer,3
kata,3
macy,3
uchi,3
upload,3
porsche,3
cayenne,3
cyber,3
logo,3
organ,3
escp,3
plant,3
bogen,3
worrier,3
mayo,3
crown,3
tile,3
scale,3
sherlock,3
moon,3
moran,3
maru,3
eger,3
robert,3
amandine,3
armand,3
newt,3
realm,3
rage,3
bosch,3
flowers,3
russell,3
lackadaisical,3
chest,3
kukka,3
danzig,3
kuno,3
backyard,3
sports,3
engl,3
dial,3
daedalus,3
vila,3
hold,3
into,3
charge,3
anthony,3
inch,3
sela,3
verifying,3
customs,3
sole,3
mani,3
aria,3
offices,3
hunt,3
ranc,3
misi,3
chic,3
display,3
wagers,3
tico,3
kass,3
hail,3
shang,3
strand,3
building,3
payroll,3
pires,3
buffalo,3
robinson,3
sloan,3
breaking,3
administrator,3
housing,3
headquarters,3
atlas,3
surprise,3
caring,3
kathleen,3
chapman,3
clicks,3
away,3
screener,3
leeds,3
voluntary,3
benefits,3
godaddy,3
micr,3
sparkasse,3
ports,3
sunshine,3
with,3
salary,3
usage,3
mult,3
vial,2
sars,2
prone,2
polymeric,2
gene,2
ratio,2
patria,2
done,2
wayne,2
station,2
lands,2
guns,2
glory,2
gads,2
daft,2
corvids,2
belle,2
strings,2
morph,2
stitch,2
lovely,2
eris,2
pine,2
horticultural,2
allen,2
stories,2
rota,2
wear,2
thorn,2
maki,2
spots,2
short,2
sink,2
vire,2
triple,2
appliance,2
rover,2
queso,2
graz,2
crescent,2
resort,2
locations,2
megas,2
castle,2
pays,2
vers,2
bella,2
coup,2
amarth,2
sell,2
cons,2
icon,2
nene,2
oust,2
secures,2
bart,2
phil,2
rapa,2
herz,2
floor,2
sica,2
writ,2
prope,2
breath,2
diane,2
thyme,2
paho,2
chalk,2
turf,2
psych,2
omri,2
cosi,2
wealth,2
dwarf,2
fuss,2
tingle,2
rins,2
nance,2
whan,2
based,2
hard,2
brice,2
lear,2
buck,2
toner,2
diol,2
postl,2
danka,2
paste,2
piave,2
lten,2
colo,2
cult,2
jika,2
pleas,2
datos,2
serva,2
nero,2
kalam,2
cccc,2
yellow,2
macon,2
flap,2
saws,2
moci,2
fare,2
sore,2
fixes,2
problems,2
baix,2
dorl,2
stor,2
popular,2
nous,2
approach,2
paint,2
singh,2
awed,2
mast,2
karak,2
anak,2
centric,2
stencil,2
succulent,2
anatolian,2
shepherd,2
personnal,2
ratso,2
different,2
mango,2
stargazer,2
proteins,2
promotions,2
foot,2
hung,2
stand,2
idioms,2
jungen,2
azzi,2
marco,2
celta,2
girin,2
hotz,2
sector,2
mask,2
blocked,2
rous,2
acronyms,2
malachite,2
rural,2
gander,2
fils,2
numbers,2
electronic,2
sumptuous,2
geranium,2
mojo,2
principal,2
irrevocable,2
tutorial,2
automated,2
linking,2
flux,2
voucher,2
ankan,2
educational,2
henry,2
mons,2
sram,2
slavia,2
bram,2
coupon,2
estar,2
irma,2
roger,2
mime,2
legends,2
sync,2
south,2
puesto,2
resume,2
polite,2
edge,2
eastern,2
jealous,2
apricot,2
grubs,2
wildcard,2
bugs,2
collaborate,2
miles,2
working,2
gruppo,2
iced,2
caller,2
ture,2
sour,2
mahogany,2
broadleaf,2
troodon,2
restraint,2
batch,2
scat,2
address,2
stewart,2
zine,2
webpage,2
ottawa,2
upstream,2
travis,2
keke,2
cones,2
dore,2
subscriber,2
norton,2
ella,2
amico,2
coding,2
peru,2
dave,2
appointment,2
aura,2
bridge,2
mill,2
unlocked,2
rlogin,2
odin,2
phonic,2
obelisk,2
luck,2
foil,2
tard,2
keck,2
berry,2
orders,2
rainbow,2
rkiye,2
method,2
maat,2
mania,2
scar,2
corporate,2
secci,2
shin,2
evergreen,2
gemina,2
folder,2
revolting,2
groans,2
banu,2
epos,2
tale,2
vidi,2
eminent,2
rapid,2
eden,2
toes,2
hora,2
satu,2
dozing,2
opportunity,2
webpages,2
turkey,2
epics,2
dandy,2
mama,2
muda,2
dansk,2
scot,2
sellers,2
mensa,2
mecha,2
isla,2
basc,2
winged,2
europ,2
isotropic,2
rode,2
taio,2
robot,2
indian,2
hsbc,2
taking,2
shield,2
repo,2
priceless,2
goldwasser,2
meitner,2
levi,2
lich,2
pack,2
emil,2
trey,2
dido,2
hide,2
pira,2
deals,2
elegant,2
dole,2
tests,2
atrium,2
brown,2
dept,2
kote,2
result,2
took,2
dealt,2
must,2
letters,2
eeee,2
kota,2
arial,2
technical,2
swee,2
fiction,2
skew,2
gaps,2
officers,2
requirements,2
flog,2
boris,2
pecan,2
pier,2
steep,2
liam,2
enos,2
guin,2
drag,2
racing,2
boto,2
magic,2
supra,2
segmental,2
buoy,2
nees,2
locking,2
social,2
electro,2
seth,2
aeon,2
agent,2
tony,2
ehci,2
target,2
midi,2
status,2
snow,2
sept,2
privas,2
configuration,2
popol,2
vicenza,2
shopping,2
israel,2
toni,2
morrison,2
hickory,2
ground,2
corn,2
nowhere,2
xcel,2
rung,2
discovery,2
location,2
again,2
answers,2
minh,2
talas,2
accord,2
serving,2
leng,2
tong,2
urus,2
diplom,2
narrow,2
lock,2
clips,2
tubes,2
emailing,2
rvis,2
consulate,2
lace,2
atelier,2
princesse,2
osho,2
echo,2
bike,2
science,2
cosmos,2
scream,2
ross,2
zero,2
sing,2
outside,2
igor,2
pans,2
dear,2
reactive,2
aspx,2
replace,2
tory,2
bahia,2
interact,2
consult,2
renewing,2
cece,2
muro,2
trendy,2
math,2
bazar,2
plugin,2
sobre,2
vale,2
artistic,2
awareness,2
silicon,2
terra,2
nden,2
production,2
assurance,2
mala,2
carri,2
ahead,2
loans,2
adell,2
karp,2
usda,2
woods,2
prevent,2
senior,2
blink,2
english,2
golden,2
apache,2
barclay,2
clinic,2
mbox,2
millionaires,2
richard,2
neck,2
reger,2
solicit,2
apropos,2
tend,2
heir,2
retrieve,2
reopen,2
bremen,2
registered,2
advisor,2
traders,2
darpa,2
ticket,2
transcript,2
built,2
isch,2
simply,2
professionals,2
atom,2
choose,2
checker,2
ghost,2
nico,2
mian,2
disko,2
zhao,2
maintain,2
taki,2
zimmer,2
builder,2
lifes,2
attorney,2
approve,2
societe,2
adel,2
clear,2
carlos,2
debit,2
naman,2
celesta,2
content,2
muskogee,2
usps,2
marin,2
trau,2
lists,2
turbo,2
taiwan,2
fotogr,2
puerto,2
ankara,2
prva,2
upgraded,2
tint,2
towarzystwo,2
ingle,2
clans,2
gems,2
restaurant,2
mata,2
shorten,2
grose,2
yeong,2
independent,2
william,2
mati,2
industrial,2
mondo,2
dees,2
july,2
summer,2
industries,2
gulf,2
hath,2
cobra,2
titanic,2
halifax,2
clone,2
caxton,2
stonewall,2
wolfgang,2
oberm,2
maurizio,2
vantage,2
gallo,2
torpedo,2
pain,2
faze,2
adolf,2
gogo,2
bass,2
ronaldo,2
killer,2
mohammad,2
sark,2
nema,2
appr,2
lohn,2
poppy,2
haunted,2
resin,2
rgensen,2
lahti,2
erick,2
corps,2
etti,2
configured,2
bisque,2
ordinaries,2
eder,2
dhana,2
spanning,2
room,2
welt,2
bedin,2
suba,2
voor,2
mosh,2
cohabited,2
blake,2
punt,2
ethyl,2
pung,2
schoen,2
loon,2
kele,2
torque,2
veni,2
mter,2
palm,2
remiss,2
dura,2
tert,2
teru,2
minister,2
danny,2
veer,2
liao,2
haast,2
quad,2
haku,2
holi,2
merge,2
tutt,2
torm,2
stands,2
instruments,2
freshstart,2
artem,2
kani,2
caff,2
newsweek,2
gero,2
cham,2
snail,2
ology,2
java,2
tite,2
playback,2
jose,2
flash,2
ania,2
famous,2
leak,2
destiny,2
tavi,2
jasper,2
reba,2
naiste,2
rubel,2
hira,2
wellen,2
teil,2
mikhail,2
chunk,2
size,2
nafta,2
impressionist,2
galled,2
otho,2
duct,2
noid,2
tawi,2
sainte,2
llar,2
sambo,2
guard,2
contingent,2
bird,2
farms,2
gera,2
verde,2
cras,2
array,2
none,2
glover,2
towel,2
usta,2
rogge,2
forestier,2
joiner,2
ringer,2
phenom,2
whitelist,2
meter,2
dous,2
klee,2
kamer,2
inkiness,2
warp,2
zena,2
pyramid,2
urho,2
awry,2
char,2
shape,2
iwate,2
cosmetic,2
improvisation,2
mila,2
tafe,2
lord,2
stealer,2
games,2
tecnol,2
bobo,2
beri,2
spam,2
sever,2
eminem,2
tins,2
navas,2
swag,2
bomb,2
loving,2
hulk,2
obes,2
mario,2
orcs,2
abby,2
stacking,2
quasi,2
requirement,2
lamp,2
pisa,2
patay,2
khar,2
saima,2
dela,2
blur,2
chor,2
rhine,2
scoop,2
davies,2
gens,2
blueberry,2
phlegm,2
mace,2
kato,2
mounted,2
left,2
multiplicative,2
sere,2
lutz,2
projekt,2
valais,2
surge,2
cono,2
frans,2
moore,2
voip,2
elton,2
ffef,2
babe,2
cell,2
brand,2
rally,2
yung,2
stella,2
scalp,2
powerful,2
cane,2
brak,2
gere,2
kori,2
tetun,2
frog,2
ilka,2
loss,2
pseudo,2
android,2
pulse,2
ville,2
backup,2
optic,2
lick,2
double,2
cheb,2
young,2
lean,2
week,2
capstone,2
birthday,2
duke,2
gary,2
tink,2
commerce,2
orbit,2
wroclaw,2
nuovo,2
conn,2
kake,2
estr,2
alexi,2
machine,2
bielsko,2
keys,2
fashion,2
latest,2
elle,2
nikola,2
loch,2
marcin,2
fish,2
baden,2
ruffle,2
lade,2
baer,2
jones,2
bota,2
akut,2
bade,2
nock,2
taro,2
abba,2
courtyard,2
colfax,2
nick,2
tennis,2
horses,2
couper,2
peret,2
rise,2
bolt,2
captain,2
party,2
minded,2
apply,2
hoshi,2
swap,2
airplane,2
plans,2
gdansk,2
saks,2
broke,2
ping,2
smile,2
enki,2
ashraf,2
suge,2
kala,2
rium,2
nowak,2
stefani,2
joey,2
becker,2
sons,2
around,2
percent,2
rabbit,2
mich,2
mike,2
corporation,2
record,2
quiet,2
andreas,2
plumb,2
miko,2
mika,2
neum,2
mille,2
veterans,2
vase,2
jump,2
these,2
indication,2
nikita,2
nile,2
worn,2
werke,2
kashi,2
nano,2
crypt,2
flan,2
theory,2
delgado,2
zaza,2
matter,2
warfare,2
gory,2
salon,2
wurm,2
untitled,2
banned,2
university,2
issued,2
ster,2
asec,2
wired,2
isaiah,2
protections,2
confidential,2
lloyds,2
creation,2
mbit,2
feed,2
ellen,2
frei,2
premier,2
tablet,2
dedicated,2
duni,2
telefonica,2
billet,2
bennett,2
adopt,2
mang,2
controller,2
mane,2
bhatt,2
torne,2
views,2
superior,2
chong,2
dpkg,2
tanakh,2
diet,2
rada,2
marine,2
vanguard,2
mpico,2
twix,2
owns,2
december,2
pemba,2
tampa,2
local,2
mercado,2
lodging,2
econometrics,2
patriot,2
actual,2
cacau,2
ichi,2
reside,2
etudes,2
series,2
neos,2
browser,2
approval,2
alexandra,2
ahsa,2
nadi,2
hungary,2
ellis,2
cheap,2
inspire,2
sleep,2
ease,2
retirement,2
helpline,2
outlooks,2
elite,2
yoda,2
taxation,2
frontline,2
owen,2
gaku,2
nicolas,2
messaging,2
pretty,2
enterprises,2
closed,2
shares,2
organisations,2
factotum,2
others,2
basf,2
overview,2
bachelor,2
gres,2
casas,2
elastic,2
brit,2
maps,2
esch,2
roro,2
aisha,2
nava,2
intan,2
checks,2
strait,2
will,2
disabled,2
laura,2
motor,2
increase,2
marshall,2
watson,2
junior,2
malign,2
handwriting,2
zaco,2
rivas,2
scotts,2
hanke,2
assure,2
firearm,2
roses,2
grow,2
lillo,2
wens,2
vres,2
spore,2
breathy,2
poke,2
ruse,2
prep,2
dorm,2
boil,2
petrochemical,2
quart,2
kiba,2
paper,2
subdomain,2
chay,2
blaj,2
poln,2
punta,2
arenas,2
herba,2
banting,2
dutt,2
shah,1
parr,1
eure,1
googie,1
francisco,1
terrace,1
persistent,1
sips,1
lack,1
dyed,1
feba,1
prior,1
bogd,1
pegi,1
keri,1
colima,1
corrie,1
diplomat,1
lula,1
lisle,1
admiring,1
mcclintock,1
objective,1
fermi,1
faroes,1
gilbert,1
payne,1
tikal,1
managed,1
boss,1
filibuster,1
pala,1
oath,1
rahl,1
effy,1
jamos,1
belo,1
lalo,1
politico,1
deflated,1
apostrophe,1
clairvoyant,1
nest,1
casino,1
damage,1
ayya,1
apollon,1
author,1
khalifa,1
stings,1
partial,1
curvatures,1
stil,1
penn,1
abbrev,1
preserving,1
male,1
tenta,1
cula,1
knees,1
hydro,1
tactic,1
radi,1
raspe,1
aquarius,1
lica,1
pull,1
inters,1
contract,1
infected,1
argento,1
scratchiest,1
camel,1
sighted,1
fantasy,1
rabobank,1
mustang,1
busy,1
hound,1
entry,1
websites,1
dect,1
yahoos,1
dred,1
gama,1
apulia,1
olympus,1
gplv,1
sexy,1
battleground,1
colomb,1
dawns,1
bread,1
raking,1
unsual,1
montt,1
riga,1
dale,1
debt,1
norte,1
fully,1
offline,1
statt,1
colombe,1
aunt,1
ways,1
happen,1
dune,1
hared,1
null,1
opted,1
sture,1
dyno,1
defense,1
generator,1
stains,1
lice,1
palma,1
spare,1
salsa,1
olds,1
prat,1
streamline,1
recently,1
buyer,1
bann,1
proof,1
century,1
spay,1
sufis,1
diouf,1
taxi,1
appears,1
canceled,1
crea,1
ater,1
ester,1
recep,1
vive,1
amor,1
darius,1
lien,1
nair,1
tung,1
thiem,1
shakespeare,1
palak,1
prost,1
everything,1
chainmail,1
addons,1
oficina,1
guts,1
vaned,1
freezes,1
piles,1
stannic,1
rapist,1
database,1
seger,1
rami,1
hangs,1
bail,1
safi,1
hazard,1
passport,1
withholding,1
spike,1
emilio,1
calder,1
british,1
cornell,1
copy,1
onew,1
limes,1
vans,1
defaced,1
fees,1
lose,1
walkman,1
documented,1
watches,1
armee,1
flip,1
wane,1
asus,1
gamer,1
moskva,1
reward,1
metropolitan,1
petra,1
ulis,1
aren,1
fixe,1
coronavirus,1
cases,1
agol,1
bono,1
bier,1
synchronized,1
cung,1
bristles,1
kwik,1
sides,1
comical,1
acts,1
intelligent,1
panne,1
hentai,1
nope,1
kings,1
lieu,1
philo,1
rann,1
hoot,1
prose,1
deluxe,1
anpr,1
succes,1
agra,1
buru,1
maverick,1
cove,1
earn,1
manta,1
bhos,1
fibs,1
bead,1
slee,1
krak,1
kentish,1
buffers,1
points,1
boca,1
cura,1
phish,1
invalid,1
whirlpool,1
imminent,1
tattered,1
tough,1
warrior,1
plausible,1
skunk,1
ozawa,1
sharing,1
holly,1
roams,1
currently,1
upward,1
oscillation,1
natt,1
regular,1
schenker,1
yummy,1
bookworm,1
omaha,1
wali,1
ultra,1
cristal,1
spor,1
haber,1
senat,1
pirate,1
kool,1
worldcat,1
gaia,1
aries,1
grandes,1
gustavo,1
navy,1
federal,1
zemin,1
hallucinatory,1
anton,1
dickers,1
dodo,1
messages,1
gallant,1
vinci,1
escu,1
ganza,1
structure,1
sort,1
coloni,1
prodrive,1
linne,1
rite,1
cads,1
innes,1
jsgf,1
ordinate,1
misbegotten,1
drunken,1
rare,1
barber,1
mange,1
trio,1
jiffy,1
courtney,1
lyons,1
samsung,1
shining,1
uneven,1
salmon,1
faceted,1
rain,1
huckleberry,1
grading,1
wilderness,1
toast,1
forward,1
totals,1
calling,1
affix,1
noon,1
viii,1
cedes,1
behaved,1
thir,1
tempo,1
trend,1
tinny,1
eyal,1
landi,1
transparency,1
penny,1
hats,1
shadowed,1
cactus,1
cera,1
gelt,1
chromatic,1
dosa,1
pike,1
hike,1
uber,1
barb,1
beau,1
tines,1
glyph,1
graphic,1
harb,1
roofed,1
cuts,1
sting,1
malus,1
guys,1
kami,1
candy,1
enharmonic,1
fits,1
finder,1
optional,1
convulsion,1
lighted,1
blinds,1
pind,1
growth,1
escher,1
enver,1
ciales,1
most,1
iche,1
jazz,1
dist,1
infinite,1
bytes,1
hormonal,1
halyard,1
hook,1
near,1
mint,1
peng,1
turan,1
bellsouth,1
detest,1
reinforcement,1
jaman,1
lades,1
closing,1
armour,1
clad,1
vitr,1
exaggerated,1
mahmoud,1
worlds,1
unworldly,1
speeches,1
waldman,1
frankfurt,1
voter,1
intercession,1
innovation,1
frosty,1
bore,1
consultants,1
looper,1
granular,1
particular,1
contigo,1
seasons,1
glen,1
nacional,1
macbook,1
recipes,1
weather,1
widows,1
doors,1
glass,1
korea,1
bouts,1
agile,1
lyra,1
nate,1
church,1
nostalgic,1
terman,1
scotia,1
authentication,1
marktplaats,1
antes,1
dove,1
lense,1
bonuses,1
fera,1
nudes,1
pusa,1
projects,1
affectionate,1
upbeat,1
feynman,1
snowboard,1
rysy,1
fifty,1
saves,1
confident,1
hoover,1
arce,1
nadia,1
lian,1
blackwell,1
confirms,1
statement,1
singles,1
meet,1
sines,1
spal,1
polish,1
voda,1
upper,1
nore,1
cleat,1
chas,1
stockier,1
slinging,1
malo,1
bonnet,1
colombier,1
carts,1
success,1
koto,1
loker,1
taboo,1
april,1
electron,1
celebration,1
queen,1
bald,1
uncultivated,1
pablo,1
plum,1
morn,1
stic,1
tter,1
pets,1
maputo,1
achy,1
pops,1
stoves,1
henny,1
procedure,1
centrosome,1
zips,1
sowa,1
avalon,1
andrew,1
lawyers,1
sharon,1
simone,1
fences,1
paolo,1
inline,1
moving,1
raps,1
dans,1
rect,1
ives,1
connects,1
banjo,1
apposition,1
acid,1
neko,1
uruk,1
twit,1
krasotkin,1
suspensions,1
solving,1
cadre,1
saro,1
tyranni,1
terser,1
alvar,1
prograde,1
tipis,1
lookout,1
january,1
saul,1
indra,1
tanya,1
werl,1
insane,1
takeoff,1
agin,1
tear,1
trou,1
positive,1
divorced,1
knocks,1
ricard,1
maradona,1
galicia,1
bear,1
laka,1
regain,1
given,1
nazi,1
windstar,1
warnings,1
encoding,1
privation,1
semangat,1
daman,1
marf,1
deleted,1
klan,1
agenda,1
bamma,1
shocking,1
phoenix,1
wwii,1
viewer,1
boers,1
adress,1
curl,1
pending,1
cancelation,1
bock,1
hams,1
kond,1
vigil,1
masa,1
drone,1
people,1
incorrect,1
avar,1
gerty,1
discovers,1
cade,1
buses,1
salat,1
cleaners,1
coba,1
actives,1
oratorio,1
ciba,1
following,1
instal,1
kiwi,1
timer,1
germany,1
actions,1
nasu,1
immediately,1
construct,1
handels,1
techs,1
tallahassee,1
speech,1
jadwiga,1
malta,1
xenon,1
timothy,1
opus,1
serials,1
bowl,1
sped,1
huya,1
montezuma,1
marx,1
brothers,1
subway,1
nobody,1
speaks,1
truth,1
jane,1
lewis,1
amateur,1
stars,1
teamed,1
betts,1
entf,1
tester,1
ozzy,1
alexandria,1
divine,1
notebooks,1
uploads,1
huji,1
emits,1
vith,1
have,1
zoos,1
tush,1
boog,1
ugly,1
otome,1
linen,1
stop,1
agency,1
exclaim,1
shoal,1
concede,1
drank,1
trifle,1
vomit,1
stork,1
erupt,1
invention,1
crops,1
higher,1
headless,1
above,1
tere,1
pacman,1
pacan,1
absurdity,1
aircraft,1
luce,1
smil,1
spread,1
pave,1
plank,1
borat,1
moll,1
scanty,1
decorator,1
pumpkin,1
funk,1
honor,1
vitaly,1
tanner,1
sanya,1
giants,1
evans,1
structured,1
install,1
parti,1
defy,1
erdo,1
wile,1
bucket,1
entr,1
knit,1
nami,1
gotha,1
ilia,1
annia,1
razz,1
szil,1
mirrors,1
installs,1
claudio,1
locate,1
silk,1
road,1
five,1
abella,1
steal,1
ffdb,1
edna,1
suspicious,1
pwad,1
agia,1
crux,1
loom,1
lehigh,1
cdma,1
arcs,1
aber,1
automatically,1
stupid,1
prop,1
commonwealth,1
cunts,1
york,1
hare,1
jada,1
filipino,1
mmiv,1
paix,1
provisions,1
danko,1
vela,1
sandoval,1
auction,1
anca,1
listings,1
listing,1
disco,1
mili,1
pero,1
millon,1
tetra,1
twig,1
seer,1
sant,1
kili,1
album,1
mpgu,1
assur,1
carrefour,1
esse,1
trailer,1
keng,1
cristina,1
rede,1
nowy,1
proper,1
brenda,1
gottlieb,1
aten,1
auch,1
sunt,1
white,1
espa,1
booking,1
fira,1
andrade,1
guet,1
naver,1
movement,1
forgotten,1
niles,1
newcastle,1
falcons,1
bone,1
dawson,1
joint,1
cisco,1
intern,1
classified,1
petit,1
monde,1
deluna,1
sample,1
wrights,1
transit,1
panther,1
python,1
rhea,1
acca,1
insight,1
feen,1
sods,1
msas,1
pham,1
vietnam,1
package,1
fills,1
trail,1
cours,1
erich,1
serge,1
nger,1
wolfe,1
enna,1
select,1
blas,1
upgrades,1
touch,1
affiliates,1
song,1
techno,1
terek,1
seeks,1
atlantique,1
portals,1
pager,1
skit,1
ladin,1
tesh,1
galant,1
carr,1
firewall,1
traditional,1
congress,1
egos,1
toko,1
asce,1
starry,1
dish,1
bios,1
kronus,1
shank,1
deed,1
kong,1
skoda,1
everyone,1
spreadsheets,1
belgium,1
ffff,1
rafe,1
follow,1
invitation,1
holz,1
jovan,1
icao,1
enjoy,1
chasing,1
freak,1
peed,1
href,1
path,1
krill,1
innovative,1
dolj,1
conqu,1
asua,1
plate,1
jaya,1
nemesis,1
aladdin,1
pars,1
parsley,1
teaching,1
atri,1
mens,1
clip,1
california,1
orchard,1
flag,1
ahli,1
molina,1
crono,1
tuna,1
ahly,1
sends,1
barca,1
applied,1
mexico,1
busting,1
flames,1
fiscal,1
wingspan,1
squid,1
gauss,1
domains,1
states,1
president,1
generations,1
duca,1
cordon,1
russo,1
rama,1
cami,1
anytime,1
fitness,1
sana,1
shiner,1
redwood,1
theia,1
drake,1
vendor,1
suras,1
meteor,1
jell,1
recharge,1
marci,1
deactivation,1
tydd,1
synagog,1
verb,1
rauch,1
petar,1
dome,1
ontario,1
nursing,1
nutty,1
nestos,1
story,1
ajda,1
singer,1
coms,1
scam,1
shinichi,1
kudo,1
omega,1
supplying,1
lansing,1
tanggu,1
large,1
samples,1
industry,1
venture,1
groupe,1
bhil,1
trades,1
liaison,1
senegal,1
fidelity,1
memory,1
courier,1
salem,1
wand,1
manson,1
printer,1
head,1
fuchs,1
shanghai,1
sexxx,1
cyclone,1
airways,1
connection,1
libero,1
confer,1
ooty,1
holden,1
celle,1
ribs,1
genova,1
storia,1
sulaiman,1
tense,1
side,1
evolution,1
nino,1
laid,1
pones,1
avul,1
footage,1
lada,1
enable,1
screenshot,1
fondation,1
tyre,1
bernard,1
comit,1
anim,1
plat,1
carry,1
genealogy,1
roots,1
durham,1
bogdan,1
neva,1
amigos,1
ehir,1
shell,1
ahmad,1
ball,1
doda,1
gers,1
moot,1
karim,1
hacked,1
iraq,1
kiyo,1
touma,1
zeus,1
sidi,1
salim,1
xbox,1
shag,1
socks,1
laith,1
jasmin,1
workers,1
superman,1
fungi,1
diss,1
ello,1
anthracene,1
fallen,1
dose,1
marv,1
johnson,1
winced,1
altu,1
johto,1
lenin,1
cite,1
frail,1
marina,1
position,1
cher,1
kohlrabies,1
width,1
wetter,1
ratchet,1
coupling,1
stung,1
guerre,1
reiss,1
bellied,1
reword,1
elin,1
slating,1
fairy,1
woman,1
essen,1
conti,1
trim,1
peil,1
kett,1
blanching,1
guan,1
bituminous,1
teau,1
resign,1
gard,1
middleton,1
radar,1
naja,1
intro,1
raoul,1
orderly,1
vent,1
clue,1
embroidery,1
singing,1
glabra,1
epithelium,1
kling,1
lede,1
kant,1
hemel,1
plain,1
waffen,1
pati,1
lili,1
tiroler,1
ischen,1
xiao,1
meng,1
writen,1
sein,1
supple,1
bapu,1
gringo,1
wych,1
haina,1
islami,1
elmo,1
fearfully,1
jhwh,1
vertebrate,1
sindx,1
aude,1
toot,1
horr,1
eaux,1
busan,1
nisa,1
bastard,1
granite,1
streep,1
statute,1
lingen,1
toma,1
burl,1
abbeville,1
fonds,1
guitars,1
musical,1
nursery,1
hwan,1
simpsons,1
toons,1
hussain,1
seem,1
yassin,1
younis,1
fanaa,1
sante,1
naturelle,1
beauty,1
balance,1
enzo,1
edda,1
alps,1
nottingham,1
taker,1
sota,1
moor,1
balsam,1
lyle,1
amino,1
benzene,1
sikkimese,1
flav,1
viridis,1
castillo,1
tica,1
santos,1
emission,1
specialists,1
boule,1
symbol,1
okur,1
drama,1
kazuki,1
spring,1
headlines,1
bright,1
balls,1
movie,1
zeng,1
panh,1
thorne,1
fianc,1
player,1
exploit,1
remo,1
saint,1
tudo,1
vulcano,1
stab,1
nevermore,1
ware,1
suri,1
nelson,1
hont,1
poco,1
pinda,1
usman,1
martin,1
keystrokes,1
unlimited,1
sonet,1
cracking,1
martyn,1
obama,1
kune,1
davis,1
melody,1
poor,1
gonna,1
keystroke,1
holidays,1
humans,1
mines,1
unman,1
consul,1
domestication,1
nike,1
smaw,1
visa,1
journey,1
ruger,1
lange,1
lignin,1
boards,1
level,1
byte,1
input,1
converter,1
damasus,1
gees,1
monterey,1
halibut,1
ogni,1
hume,1
ramus,1
bistri,1
lora,1
rico,1
ikon,1
fends,1
cleo,1
sens,1
paradise,1
porch,1
wade,1
million,1
poni,1
asha,1
raze,1
comms,1
peace,1
screens,1
shots,1
spar,1
parole,1
devine,1
hackers,1
felix,1
rankin,1
izzy,1
reload,1
mind,1
smooth,1
cousin,1
sucess,1
device,1
window,1
solomon,1
swat,1
kebob,1
clack,1
bull,1
stray,1
piri,1
sets,1
juanita,1
mountains,1
roes,1
kapo,1
manny,1
tumor,1
hunter,1
gasp,1
emmy,1
supernova,1
machi,1
maks,1
uplift,1
trill,1
freya,1
albany,1
joker,1
guiness,1
skid,1
kane,1
loka,1
beatz,1
trillion,1
rossi,1
filer,1
cocl,1
sank,1
sewp,1
moir,1
suck,1
comune,1
spit,1
lame,1
nathalie,1
paddle,1
chav,1
mohammed,1
alte,1
bozo,1
shan,1
kiki,1
fucker,1
ince,1
buson,1
connectors,1
yourself,1
anonymous,1
tome,1
stalls,1
farmhouse,1
dingo,1
mater,1
shakes,1
liang,1
rong,1
perform,1
boot,1
adde,1
strut,1
ladies,1
privileges,1
ouse,1
spotter,1
creasy,1
gourmet,1
hardy,1
datum,1
munis,1
nubecula,1
minor,1
onna,1
kiew,1
blom,1
alcal,1
genes,1
perversely,1
motorbikes,1
singin,1
grail,1
naci,1
wills,1
podcast,1
pippi,1
joshua,1
smyth,1
trinity,1
juris,1
gohan,1
hosts,1
aviation,1
gilles,1
chevalier,1
callback,1
latex,1
donut,1
intuit,1
ayte,1
sava,1
jewellery,1
selling,1
workplace,1
bakery,1
charity,1
raspberry,1
glad,1
braun,1
wincanton,1
oral,1
eaves,1
jiang,1
kavi,1
hoard,1
mabel,1
dauber,1
grabber,1
tray,1
netze,1
barbed,1
flame,1
blow,1
alea,1
natalia,1
cuse,1
endow,1
lega,1
szczecin,1
metz,1
zina,1
mondeo,1
piotr,1
kochanski,1
slater,1
commonplaces,1
cama,1
eclipse,1
arco,1
cities,1
buys,1
turbine,1
freudenberg,1
jacky,1
jigs,1
bash,1
pejoratively,1
times,1
tulane,1
yodo,1
hospice,1
camb,1
snag,1
taiy,1
ambl,1
duck,1
yvan,1
bifr,1
jank,1
whys,1
chai,1
klug,1
scud,1
haug,1
sony,1
brcw,1
huai,1
limn,1
koga,1
abreu,1
seduction,1
zerg,1
bridals,1
speed,1
akka,1
lecavalier,1
geng,1
cass,1
zack,1
facility,1
gamers,1
shooter,1
kawa,1
dench,1
fuji,1
hoku,1
ghislain,1
artois,1
marz,1
gorz,1
kowal,1
chita,1
shimizu,1
elen,1
watanabe,1
deutsch,1
krone,1
transport,1
drago,1
karo,1
mayhem,1
pele,1
shortcut,1
ewes,1
risen,1
keitai,1
rookie,1
dragon,1
drift,1
fuck,1
tani,1
turn,1
luxembourg,1
charybdis,1
sokol,1
azov,1
kris,1
negru,1
muni,1
rene,1
mori,1
romania,1
mero,1
kickboxing,1
merchandising,1
elst,1
tatsu,1
wrecker,1
bursa,1
sound,1
succeed,1
pits,1
pura,1
klass,1
natur,1
pichu,1
larg,1
lingua,1
shinty,1
scientific,1
eurasian,1
leaks,1
trident,1
folk,1
storm,1
creeper,1
solti,1
unie,1
diller,1
okuma,1
mizo,1
siri,1
karachi,1
edith,1
akiba,1
managers,1
mogi,1
isle,1
wight,1
computer,1
repairs,1
zemlya,1
rickey,1
smiley,1
morning,1
desu,1
hobby,1
kora,1
francesc,1
oeil,1
lupo,1
yoshi,1
zabel,1
daws,1
joni,1
stefan,1
sonoma,1
tait,1
learn,1
schw,1
boku,1
taka,1
slot,1
rache,1
curio,1
naut,1
bani,1
oken,1
kath,1
martinez,1
balsa,1
nana,1
hang,1
sandal,1
destine,1
broker,1
bueno,1
hollywood,1
chel,1
schu,1
langer,1
garo,1
recording,1
ratnam,1
senza,1
ceres,1
masu,1
nner,1
shimon,1
russians,1
total,1
rhonda,1
hybrid,1
garden,1
court,1
koku,1
ultraman,1
juicy,1
nakano,1
aida,1
darky,1
deauville,1
harm,1
rockets,1
joost,1
judo,1
heavenly,1
shady,1
acres,1
minis,1
valse,1
suzuki,1
posit,1
karn,1
bergamo,1
potato,1
seikan,1
chari,1
ishinomaki,1
catering,1
negra,1
vero,1
pelote,1
brandi,1
seagull,1
armada,1
sier,1
bork,1
amago,1
juegos,1
riau,1
pogo,1
kira,1
flirt,1
heel,1
heed,1
atar,1
javed,1
tariq,1
honeymoon,1
steel,1
helloworld,1
kari,1
nuestra,1
koji,1
amba,1
bikes,1
halloween,1
moment,1
coaching,1
legend,1
broda,1
walter,1
mute,1
glitz,1
erde,1
mayer,1
ooze,1
mondial,1
radius,1
budget,1
thought,1
liebe,1
patents,1
epic,1
franz,1
tame,1
diabetes,1
gran,1
little,1
crane,1
sora,1
referent,1
entree,1
concurs,1
dios,1
akago,1
gifu,1
hashim,1
ramen,1
celje,1
argos,1
cinemas,1
schenk,1
tenn,1
ekiga,1
bluestar,1
juri,1
zuko,1
agip,1
raptor,1
riba,1
anja,1
mink,1
course,1
moriyama,1
seiko,1
seiwa,1
tata,1
makar,1
injure,1
gala,1
idun,1
wander,1
chaos,1
bats,1
javier,1
baile,1
leasing,1
masaki,1
pong,1
minot,1
nader,1
sumi,1
wish,1
dixieland,1
obie,1
jest,1
manuel,1
karate,1
veda,1
esko,1
otakar,1
idol,1
miya,1
ishi,1
lena,1
richter,1
sani,1
burger,1
bans,1
hauser,1
tipu,1
olmo,1
kurt,1
epik,1
obits,1
linha,1
noisy,1
apogee,1
hurt,1
earth,1
kaku,1
marron,1
nihilism,1
nishinomiya,1
eijun,1
wolff,1
hager,1
mekong,1
stan,1
florin,1
essai,1
otto,1
vasti,1
ushu,1
aromas,1
football,1
soccer,1
higashi,1
kurume,1
brill,1
edmunds,1
foer,1
schl,1
improv,1
yann,1
matsumoto,1
koichi,1
cest,1
sorcier,1
kanal,1
peeters,1
robin,1
shanti,1
secret,1
alberto,1
lika,1
hitman,1
babi,1
maximus,1
orcus,1
crowd,1
daniela,1
roadster,1
monkee,1
gregor,1
weiss,1
jeje,1
vain,1
miyu,1
fortune,1
teller,1
koda,1
birthmark,1
imperium,1
ivani,1
eica,1
beru,1
chem,1
lament,1
propaganda,1
maas,1
berlin,1
olivier,1
coro,1
enne,1
azalea,1
naturist,1
kaunas,1
mantha,1
dull,1
slip,1
resp,1
sacr,1
licht,1
pravde,1
mine,1
islam,1
twitter,1
hamata,1
trains,1
dock,1
tasha,1
muscle,1
professional,1
dane,1
yamaha,1
billy,1
catch,1
garfield,1
mercy,1
mako,1
trick,1
yamata,1
flights,1
vlad,1
schie,1
concept,1
devotee,1
beck,1
interiors,1
builders,1
leather,1
brokers,1
nato,1
fazzin,1
loyalty,1
simper,1
arni,1
koro,1
aurora,1
amato,1
gambit,1
viking,1
radom,1
dile,1
hopper,1
magazin,1
goods,1
aided,1
references,1
jewelry,1
graphics,1
soco,1
tude,1
ilya,1
engine,1
reed,1
douce,1
olsztyn,1
tunnel,1
steaming,1
rata,1
milano,1
wristwatch,1
gadani,1
osha,1
rated,1
rence,1
shogi,1
satis,1
wikt,1
exhibitions,1
danse,1
hacking,1
friend,1
armando,1
aust,1
avtomat,1
idar,1
dragoon,1
demons,1
layer,1
devin,1
dich,1
dinu,1
education,1
expert,1
netbot,1
bitch,1
incognito,1
parker,1
azua,1
kiss,1
kura,1
leonard,1
brisk,1
magik,1
mars,1
meth,1
newly,1
hans,1
noticias,1
reales,1
sont,1
fung,1
orion,1
oval,1
erda,1
reversed,1
stifle,1
thruster,1
fave,1
november,1
bess,1
firefox,1
champ,1
allan,1
hous,1
unova,1
andrey,1
caune,1
inner,1
arts,1
teen,1
module,1
mockingbird,1
naya,1
teddy,1
ribas,1
fortis,1
pawl,1
apis,1
kyle,1
retail,1
argent,1
drivers,1
horizontally,1
fine,1
former,1
registrar,1
awal,1
defra,1
lamar,1
diamonds,1
portland,1
beat,1
pryor,1
oakland,1
brick,1
peak,1
gunter,1
singa,1
baned,1
sacco,1
kontu,1
girl,1
ready,1
economic,1
agha,1
wing,1
marks,1
niagara,1
policies,1
beast,1
blazes,1
bobby,1
marcel,1
guiter,1
improvement,1
gwang,1
atta,1
documentation,1
adverts,1
avocado,1
direction,1
publique,1
shirts,1
midnight,1
dewy,1
trinidad,1
brock,1
boys,1
breathe,1
release,1
denial,1
kegs,1
general,1
bluetooth,1
azmi,1
much,1
smas,1
sorry,1
pata,1
seed,1
doyle,1
builds,1
noma,1
rquez,1
lover,1
wilmington,1
journal,1
lovesong,1
culture,1
capoeira,1
waldo,1
stam,1
vyso,1
arrival,1
backend,1
perspective,1
stellar,1
conversion,1
statcounter,1
surface,1
paid,1
commission,1
harri,1
iliad,1
mercury,1
tutu,1
aeris,1
simi,1
zinc,1
women,1
standard,1
vaan,1
museo,1
instrument,1
animal,1
girlfriend,1
huon,1
yank,1
krypton,1
truck,1
vehicles,1
nissan,1
titan,1
tailored,1
score,1
spiti,1
santo,1
misa,1
jour,1
ohne,1
scams,1
wets,1
plei,1
gets,1
hoop,1
foams,1
tourism,1
doctor,1
lead,1
development,1
inquire,1
historic,1
ponti,1
credits,1
personnel,1
vaux,1
vespa,1
identify,1
weight,1
twin,1
bethinking,1
quote,1
farm,1
rugby,1
angers,1
afro,1
kinky,1
channel,1
human,1
tales,1
unies,1
transaction,1
sits,1
postmaster,1
sabor,1
intel,1
mista,1
spur,1
coded,1
spin,1
battle,1
kola,1
malek,1
manly,1
merited,1
ramos,1
strike,1
petrov,1
comic,1
bits,1
proposition,1
airier,1
capacitor,1
remittance,1
zhang,1
received,1
fresh,1
quests,1
damon,1
doodle,1
harvest,1
peggy,1
sanding,1
muted,1
preregister,1
toro,1
blood,1
umpire,1
seri,1
oliv,1
randell,1
bonkers,1
dubz,1
steven,1
ticks,1
lele,1
chung,1
poole,1
oaep,1
tinder,1
akil,1
linga,1
grieving,1
fifth,1
delivery,1
rubin,1
bulk,1
andie,1
lazio,1
faun,1
kasper,1
paume,1
future,1
leaders,1
mande,1
soleil,1
iida,1
tyler,1
morin,1
cams,1
ming,1
baring,1
worrall,1
adela,1
discount,1
prez,1
kuni,1
jenn,1
startup,1
papp,1
benz,1
staffing,1
bedrock,1
holiday,1
results,1
irian,1
jade,1
actualization,1
cleveland,1
chocolat,1
blanc,1
sybil,1
compass,1
holdings,1
resize,1
suite,1
murphy,1
research,1
bordeaux,1
gare,1
chance,1
danilo,1
painful,1
rules,1
dont,1
chaser,1
wings,1
corse,1
vocals,1
creativity,1
maud,1
michael,1
zhou,1
tant,1
fling,1
salad,1
util,1
vault,1
remote,1
mundi,1
proc,1
licensing,1
license,1
ferm,1
feeder,1
domini,1
megaphone,1
vampire,1
aaaaaa,1
costume,1
rond,1
anastasia,1
sylvie,1
ferris,1
hain,1
fernanda,1
bianca,1
objects,1
newsreel,1
wadi,1
wahid,1
sacs,1
remind,1
nasri,1
german,1
portable,1
speaker,1
fars,1
bene,1
eagle,1
hills,1
surveys,1
avatars,1
logger,1
vande,1
nando,1
wash,1
winner,1
lisa,1
nnnn,1
strain,1
attachment,1
concrete,1
snip,1
levy,1
sunglasses,1
tone,1
furor,1
galv,1
presents,1
david,1
geno,1
outdoor,1
advertising,1
insights,1
skype,1
delray,1
beach,1
warranty,1
hydrogen,1
raindrop,1
there,1
musk,1
obispo,1
diction,1
copa,1
rains,1
pond,1
limon,1
chubut,1
resolved,1
income,1
orient,1
satan,1
treasury,1
organizations,1
individual,1
esol,1
studi,1
about,1
bhai,1
salda,1
stack,1
furnace,1
franchisee,1
cold,1
kern,1
reach,1
prem,1
four,1
aike,1
electronica,1
puffy,1
coles,1
notes,1
appa,1
santy,1
loar,1
shannon,1
alliance,1
collector,1
fury,1
fazenda,1
osiris,1
blissful,1
safeway,1
staffs,1
moss,1
discreet,1
quirky,1
laser,1
hair,1
removal,1
squirrel,1
preferences,1
collaboration,1
disease,1
tont,1
paling,1
instruction,1
unpublished,1
upgrading,1
hawaiian,1
lapp,1
intra,1
listen,1
lone,1
vitiligo,1
desktop,1
canon,1
tinkerbell,1
parlay,1
enon,1
selma,1
mickey,1
evaluation,1
membre,1
communicate,1
lottery,1
amie,1
larson,1
potok,1
response,1
yogi,1
belt,1
genis,1
standards,1
alfa,1
habib,1
imagine,1
richmond,1
taxes,1
unique,1
oconto,1
naren,1
scribe,1
ladder,1
giovanni,1
commander,1
mule,1
subpage,1
trusted,1
decor,1
fier,1
stansbury,1
bala,1
leiden,1
gila,1
arrange,1
barry,1
akima,1
seva,1
shore,1
mows,1
dupl,1
misters,1
naru,1
cleaner,1
logistics,1
fula,1
partitions,1
gora,1
dopy,1
rejections,1
rovers,1
circle,1
charlotte,1
execs,1
showy,1
scores,1
philharmonic,1
cheek,1
foaming,1
heater,1
cores,1
oriental,1
spira,1
boyish,1
ends,1
noise,1
panch,1
fusion,1
tables,1
acquire,1
retention,1
principled,1
depot,1
crush,1
jensen,1
chunma,1
telling,1
keywords,1
shouting,1
pitch,1
lind,1
crest,1
shine,1
graphical,1
binter,1
christmas,1
shadow,1
shoppers,1
prot,1
adviser,1
gashed,1
balances,1
servicing,1
raymond,1
defoliate,1
handles,1
sensitive,1
academic,1
sponges,1
gulo,1
quivering,1
paragraph,1
hint,1
putrid,1
volume,1
burk,1
pores,1
saxo,1
estes,1
interconnected,1
outcast,1
staples,1
regina,1
talon,1
starts,1
admissions,1
grays,1
giant,1
dipper,1
tabs,1
grant,1
chit,1
rant,1
juku,1
refrigerated,1
dang,1
dodd,1
xenia,1
linda,1
novembro,1
flatulent,1
entries,1
meehan,1
capit,1
nouveau,1
harriet,1
dall,1
amsterdam,1
caught,1
relationship,1
lineup,1
mile,1
elapse,1
magar,1
subject,1
quotation,1
lantern,1
murk,1
transformer,1
rden,1
brody,1
unmentionable,1
cristian,1
vices,1
prabhu,1
nama,1
rudy,1
nymphomaniac,1
julia,1
paymaster,1
rohan,1
copernican,1
realtor,1
boat,1
grez,1
rice,1
danni,1
angul,1
lestin,1
booklets,1
reliance,1
broadway,1
make,1
merry,1
puritan,1
employment,1
washington,1
unicameral,1
highline,1
frees,1
telegram,1
dupr,1
dern,1
prester,1
roblox,1
angela,1
alternates,1
fico,1
errors,1
millie,1
fret,1
tring,1
crum,1
geek,1
connections,1
saman,1
entrapment,1
lives,1
nude,1
astronomical,1
tern,1
vibrate,1
broken,1
jean,1
regions,1
imation,1
presses,1
gibe,1
uris,1
ncel,1
reminder,1
youssef,1
ouch,1
gyms,1
instant,1
beli,1
laptop,1
carve,1
minas,1
desist,1
powered,1
dirt,1
bing,1
together,1
amaro,1
sika,1
plume,1
alouette,1
gains,1
malam,1
gren,1
astrology,1
mare,1
were,1
mortified,1
clumps,1
todos,1
kevin,1
sumba,1
cinema,1
holder,1
door,1
arika,1
mard,1
roke,1
departments,1
vies,1
fatu,1
boso,1
yoyo,1
sembilan,1
waits,1
anita,1
ginta,1
yuan,1
alem,1
produce,1
abhorrent,1
ecru,1
sive,1
azam,1
stanford,1
government,1
baseball,1
sind,1
lares,1
penis,1
fanta,1
calcio,1
offs,1
shree,1
sten,1
epidemics,1
waki,1
identification,1
logie,1
batista,1
duong,1
humboldt,1
millar,1
boas,1
