login,5860
email,5031
rand,4257
aspx,4175
light,4077
session,3279
submit,3075
http,2348
abuse,2122
battle,1763
token,1475
access,1140
form,1131
page,959
dispatch,943
product,929
country,916
guest,874
https,869
aaaaaa,855
user,849
docid,841
mail,833
action,831
locale,783
index,736
source,706
media,626
aaaa,435
type,415
html,412
account,405
true,356
update,351
referrer,346
info,339
client,334
domain,331
lang,329
service,326
aces,322
start,320
legal,317
restore,314
took,311
sign,307
link,295
public,284
apps,274
secure,263
identify,251
enroll,250
bookmark,246
error,245
file,241
webs,229
ebay,228
personal,226
nobody,225
view,223
send,219
paypal,213
online,209
default,209
click,205
redirect,201
race,200
label,196
example,195
open,193
craft,190
count,182
brazil,177
feed,177
agua,177
shield,172
letter,169
cool,167
check,166
bookmarks,160
documents,157
verify,151
cece,150
sharing,147
data,146
prepaid,145
host,143
done,142
subtypes,142
failed,141
faed,137
babe,136
prag,136
lacy,136
continue,134
details,133
name,132
cache,130
fade,129
block,129
bidder,127
secured,125
code,124
portal,124
docs,123
google,121
state,121
gmail,121
acad,120
acca,120
content,120
yahoo,116
bapu,116
medium,115
from,115
gaga,115
iaea,114
acted,113
bdda,113
kidd,113
partner,111
cafe,111
site,110
dispatched,109
security,109
path,109
campaign,109
channel,106
ffbf,106
success,106
text,105
feba,103
dade,102
mode,102
home,101
cookie,100
chase,100
share,100
bank,99
baba,99
trace,99
cffd,98
post,98
username,98
drive,97
char,95
admin,93
external,93
dead,92
request,92
cart,92
ffef,90
base,90
dddd,89
encrypted,86
ecac,86
customer,86
connecting,85
logi,85
runescape,84
fefe,83
cbbc,83
ccea,83
task,83
united,82
test,82
ffcc,82
caca,82
bbff,81
ffdf,81
information,81
dada,81
microsoft,80
deaf,80
aced,80
aafc,80
weblog,80
beef,80
fffa,79
ceeb,79
target,79
date,78
main,78
region,78
ffba,77
abba,77
feff,76
parent,76
states,75
valid,73
response,73
bbbb,72
eeee,71
fbec,71
flow,70
ffdb,69
help,69
return,69
vres,68
deed,67
trans,67
cefa,66
bfff,65
bade,65
track,65
faff,64
cate,64
live,63
original,63
cosa,63
provincia,63
gori,63
abbe,62
ecce,60
dafa,60
note,60
hotmail,60
group,59
size,59
platform,58
chrome,58
notifications,58
edge,58
ccff,57
phase,57
settings,57
template,56
face,56
profile,55
message,55
shared,54
passive,53
bede,53
corp,53
cade,53
suite,52
defaults,52
ddaa,51
bead,51
cloud,51
hoot,50
cede,50
badd,50
desktop,50
card,50
edda,49
fips,49
cccc,48
skull,47
part,47
edef,46
option,46
time,46
didi,46
shopping,46
faebd,45
mozilla,45
family,44
download,44
windows,44
flog,44
null,44
specs,44
notification,44
match,43
mobile,43
caff,43
adad,42
dfff,42
launch,42
camp,42
fert,42
false,41
edit,41
using,41
branch,40
thursday,40
ffff,40
smith,40
beta,40
burke,39
reply,39
screen,39
imap,39
term,39
confirm,39
hint,39
webmail,39
apple,38
hash,38
step,37
invite,37
footer,37
boca,37
scope,36
services,36
common,36
viewed,36
india,36
select,36
auto,36
tech,36
friday,35
requested,35
promocional,35
contact,35
identifier,35
header,35
adobe,35
center,34
followup,34
oauth,34
john,34
ebbe,34
management,34
three,34
verf,33
android,33
drop,33
global,33
adde,33
facebook,33
invalid,33
review,33
billing,33
farm,33
word,33
west,32
deface,32
consumer,32
ricardo,32
cadd,32
project,32
initiate,31
eedc,31
france,31
baad,31
survey,31
fbceb,31
sites,31
password,31
wednesday,30
copy,30
anti,30
snow,30
lazy,30
black,30
support,30
ussr,30
safety,30
iphone,29
department,29
subdomain,29
root,29
bdbbd,29
errors,29
design,29
address,29
board,29
optimized,29
rubicon,29
marketing,28
panel,28
technical,28
with,28
news,28
realm,28
instant,28
spot,28
arid,28
destination,28
homepage,28
adff,28
dabs,28
zone,28
navigation,28
human,28
payment,27
bell,27
files,27
solutions,27
section,27
brand,27
verification,27
setup,27
city,27
device,27
itoi,27
trna,27
keywords,27
vivaldi,27
secret,26
dual,26
plus,26
reason,26
frame,26
agency,26
decca,26
feedback,26
indeed,26
process,26
club,26
ticket,26
complete,26
popup,26
plex,26
raaf,26
fence,26
samsung,25
core,25
free,25
category,25
storage,25
your,25
people,25
system,25
fffdd,25
images,25
next,25
msie,25
redir,24
member,24
sales,24
federation,24
llyn,24
brea,24
zuko,24
saturday,24
line,24
klee,24
display,24
attachments,24
china,24
command,24
show,24
galaxy,23
abed,23
connect,23
ffefd,23
waxy,23
reset,23
lnah,23
signed,23
article,23
referer,23
browser,23
tips,23
tram,22
tina,22
rent,22
title,22
xlsx,22
decaf,22
phishing,22
number,22
model,22
here,22
anduin,22
tito,22
grazie,22
itemid,22
yuji,22
preto,21
role,21
order,21
europe,21
business,21
unknown,21
lynx,21
gier,21
serve,21
chip,20
akko,20
blob,20
euro,20
phone,20
contacts,20
kcrc,20
ddbec,20
blog,20
query,20
english,20
fffd,20
offer,20
comp,20
case,20
xxxx,20
ceded,20
fast,20
filter,20
smartphone,19
office,19
ababa,19
dacca,19
point,19
pass,19
quick,19
dany,19
fear,19
proxy,19
patrick,19
single,19
disp,19
includes,19
nden,19
goto,19
replace,18
current,18
informations,18
hill,18
internet,18
tracking,18
notes,18
daniel,18
document,18
wells,18
laura,18
thomas,18
more,18
direct,18
firefox,18
list,18
orange,18
alert,18
world,18
fads,18
stream,18
vegan,18
alum,17
callback,17
landing,17
purl,17
lios,17
fact,17
work,17
pape,17
kind,17
siey,17
store,17
tmnt,17
touch,17
weds,17
folder,17
ffffdd,17
inquiry,17
rysy,17
regi,17
packages,17
locales,16
space,16
fill,16
ever,16
hard,16
javier,16
ipad,16
star,16
rich,16
leal,16
terra,16
latt,16
agent,16
draw,16
dede,16
fargo,16
active,16
yelp,16
local,16
alexandra,16
ntsc,16
identity,16
kang,16
itunes,16
gntm,16
ting,16
paper,16
language,16
pars,16
payments,16
forced,16
privacy,16
processing,16
dbfff,16
full,16
tads,16
focus,16
origin,15
dist,15
paul,15
layouts,15
height,15
optus,15
mart,15
park,15
search,15
head,15
jack,15
davis,15
eure,15
ions,15
added,15
conjunto,15
best,15
woit,15
david,15
njan,15
acre,15
jklf,15
onry,15
udio,15
pond,15
format,15
etta,15
credential,15
version,15
safari,15
emirates,15
pots,15
aqua,15
mastercard,15
gravy,15
seals,15
giant,15
rapt,15
mild,15
seamonkey,15
offline,14
accessing,14
banking,14
width,14
method,14
handler,14
meet,14
mann,14
american,14
book,14
wulf,14
other,14
solution,14
application,14
seamless,14
claimed,14
back,14
chatter,14
unified,14
digest,14
steel,14
youtube,14
person,14
random,14
loud,14
cont,14
close,14
ffcba,14
stat,14
express,14
excel,14
hosting,14
bing,14
financial,14
strato,14
phish,13
granted,13
mera,13
furl,13
echo,13
milk,13
michael,13
server,13
threat,13
voyage,13
beebe,13
systems,13
vauxhall,13
sportscar,13
span,13
navy,13
zoom,13
controller,13
anthony,13
long,13
validate,13
expires,13
claim,13
mbox,13
mise,13
hang,13
acacia,13
corr,13
avoid,13
activity,12
comcast,12
validating,12
motu,12
outlook,12
mats,12
albert,12
meyer,12
franziska,12
urine,12
international,12
fbaed,12
versa,12
naas,12
jive,12
marn,12
ruud,12
loge,12
tiki,12
bellsouth,12
vira,12
amazon,12
visualization,12
tapes,12
filters,12
component,12
hamann,12
nels,12
plan,12
loco,12
framingham,12
high,12
item,12
company,12
social,12
woda,12
zuma,12
accounts,12
premium,12
daas,12
abaca,12
ffdab,12
foote,12
asia,12
accept,12
damn,12
central,12
users,12
safe,12
agri,12
forms,12
front,12
export,12
visitor,12
deprecated,12
execution,11
chor,11
century,11
tuesday,11
blue,11
nonce,11
york,11
location,11
down,11
force,11
welders,11
tony,11
network,11
blank,11
gold,11
beck,11
register,11
adas,11
aircraft,11
consulting,11
handle,11
partners,11
report,11
extra,11
wert,11
nova,11
trade,11
digital,11
keyword,11
animal,11
like,11
promo,11
hotel,11
confirmation,11
gift,11
bard,11
recovery,11
asad,11
cole,11
pages,11
banner,11
sang,11
affiliate,11
corris,11
nessun,11
tente,11
tesh,11
freedom,11
authentication,10
drew,10
first,10
protos,10
canc,10
products,10
period,10
chem,10
authorize,10
guro,10
robin,10
ancient,10
result,10
white,10
lisa,10
cars,10
proposal,10
keng,10
java,10
manager,10
tale,10
tower,10
print,10
grace,10
well,10
enid,10
christian,10
oregon,10
argentina,10
conrad,10
bipm,10
mega,10
param,10
astro,10
xxix,10
preview,10
fake,10
prof,10
wave,10
know,10
baaed,10
baade,10
engineering,10
linked,10
virtual,10
orig,10
federal,10
upload,10
coord,10
render,10
button,10
congress,10
power,10
else,10
wise,10
datura,10
leto,10
tracker,10
editor,10
missing,10
events,9
radni,9
faced,9
voice,9
rate,9
tewo,9
huang,9
chew,9
less,9
grove,9
nicky,9
knight,9
santander,9
tell,9
vera,9
buru,9
tion,9
mess,9
administraci,9
shop,9
says,9
wallace,9
counter,9
ececec,9
clara,9
lilt,9
basic,9
grip,9
than,9
control,9
bend,9
enne,9
node,9
radio,9
amer,9
ling,9
silvia,9
anna,9
collaboration,9
dawn,9
remi,9
banu,9
styles,9
hand,9
website,9
ddeeff,9
based,9
prod,9
ruin,9
kita,9
bleach,9
topic,9
cable,9
abcde,9
motor,9
this,9
royal,9
lycos,9
mirv,9
refund,9
energy,9
taku,9
real,9
invest,9
spew,9
jung,9
lach,9
alfa,9
kawi,9
development,9
issues,9
mica,8
telecom,8
sdhc,8
beverly,8
amount,8
sources,8
bury,8
captcha,8
shelby,8
ring,8
andrei,8
will,8
tree,8
creative,8
sort,8
rusa,8
stone,8
aike,8
khan,8
jochen,8
ergo,8
assessor,8
esteban,8
none,8
parte,8
widget,8
investment,8
registration,8
route,8
piper,8
beim,8
farr,8
howell,8
glib,8
onenote,8
multi,8
kyun,8
centre,8
niem,8
nation,8
produce,8
chun,8
play,8
steve,8
fwiw,8
thais,8
sima,8
greece,8
luzon,8
emerge,8
moore,8
wolfgang,8
script,8
colas,8
pilatus,8
azure,8
bone,8
reprocess,8
memory,8
debug,8
senior,8
uploads,8
alberta,8
found,8
sans,8
mainpage,8
checkout,8
calc,8
bennett,8
bowman,8
jump,8
focal,8
spare,8
jimmy,8
ducks,8
pictures,8
yvonne,8
goebel,8
rena,8
susan,8
hoffmann,8
holt,8
july,8
wood,8
discount,8
program,8
jean,8
christe,8
lemon,8
fafad,8
level,8
fadfad,8
cost,8
dddddd,8
anja,8
msud,8
crna,8
love,8
mark,8
because,8
what,8
mailing,8
place,8
alice,8
azione,8
input,8
pipe,8
novus,8
visit,8
tele,8
awful,8
conf,8
cougar,8
fail,8
food,8
tura,8
western,8
malaysia,8
sands,8
dubz,8
bhuj,8
acer,8
robb,8
checkup,8
protect,8
fpus,8
traffic,8
into,8
fall,8
guru,8
eyal,8
score,8
hind,8
hobo,8
imdb,8
params,8
cindy,8
poni,8
provider,8
illinois,8
abebe,7
wall,7
flub,7
life,7
wide,7
greater,7
dant,7
monday,7
julia,7
position,7
greatest,7
lakes,7
soca,7
uncle,7
kick,7
pool,7
emil,7
patricia,7
stacey,7
bowl,7
funn,7
roda,7
king,7
chai,7
wholesale,7
spring,7
hospitality,7
industries,7
barb,7
iron,7
latest,7
laue,7
fell,7
nberg,7
coat,7
sing,7
aviation,7
lons,7
puerto,7
visa,7
pontos,7
twice,7
simon,7
harrison,7
hodges,7
jacks,7
james,7
rousseau,7
reports,7
laurie,7
photo,7
music,7
encoding,7
roro,7
ffffc,7
cons,7
health,7
chek,7
serial,7
body,7
atlas,7
invitation,7
buyers,7
roke,7
nail,7
tilde,7
burst,7
soul,7
webkit,7
gecko,7
attachment,7
rong,7
nord,7
property,7
population,7
lobs,7
poste,7
blogger,7
school,7
good,7
asda,7
sich,7
bmas,7
omri,7
neefe,7
devo,7
flash,7
flight,7
after,7
baia,7
baig,7
baja,7
balk,7
most,7
former,7
haab,7
agia,7
grave,7
steelworks,7
event,7
limited,7
owen,6
guet,6
belgium,6
cover,6
dima,6
vision,6
mogi,6
successful,6
completion,6
bridge,6
guide,6
official,6
rica,6
subject,6
cuia,6
carlos,6
hole,6
tank,6
barbara,6
tumblr,6
cady,6
mailer,6
capital,6
fire,6
electric,6
lucia,6
andreas,6
rudd,6
feds,6
funding,6
quota,6
science,6
steele,6
ffffe,6
alvaro,6
novae,6
marine,6
voor,6
chris,6
stats,6
experience,6
config,6
tuva,6
brice,6
disc,6
kuhn,6
mutter,6
ross,6
flex,6
spam,6
trap,6
berry,6
melo,6
citi,6
theme,6
firm,6
perkin,6
elmer,6
fred,6
soft,6
reminder,6
enone,6
chile,6
japan,6
francois,6
julie,6
price,6
nate,6
madalena,6
amos,6
beats,6
drops,6
ride,6
extensions,6
manually,6
reader,6
efface,6
enma,6
korea,6
grow,6
land,6
welcome,6
villa,6
jkpp,6
tile,6
nzen,6
cfecec,6
tuma,6
make,6
master,6
mass,6
connex,6
stock,6
classic,6
forum,6
rapid,6
strong,6
racer,6
dong,6
cell,6
emails,6
fawr,6
damns,6
question,6
notebook,6
oper,6
road,6
twitter,6
total,6
hope,6
area,6
protocol,6
baum,6
meeting,6
parameter,6
bros,6
tian,6
pure,6
policy,6
qing,6
double,6
made,6
came,6
moto,6
game,6
modules,6
band,6
cpus,6
dans,6
bdsm,6
aching,6
assad,6
mantova,6
keep,6
move,6
money,6
exception,6
rhus,6
grated,6
lima,6
delivery,6
house,6
above,6
bianca,6
candida,6
just,6
modern,6
lead,6
bill,6
color,6
wfem,6
awek,6
doth,6
male,6
style,6
coma,6
sebastian,6
gerlach,6
hosted,6
brian,5
chambers,5
scorning,5
suzi,5
market,5
stupid,5
context,5
afds,5
tadi,5
attempt,5
fafeff,5
brother,5
hilt,5
anne,5
credentials,5
vietnam,5
igor,5
buff,5
properties,5
taiy,5
hctz,5
rite,5
loading,5
bien,5
addition,5
mercia,5
gain,5
salud,5
ushu,5
kingdom,5
alba,5
karr,5
quil,5
barcelona,5
shops,5
chance,5
meek,5
apna,5
eric,5
away,5
plastic,5
corporation,5
lamb,5
mama,5
humu,5
eorl,5
podi,5
myna,5
hume,5
midwest,5
america,5
orph,5
wars,5
cuin,5
iuds,5
yaki,5
cargo,5
gaza,5
wang,5
mies,5
vire,5
decide,5
redi,5
concern,5
pending,5
jien,5
mdgs,5
plugins,5
happen,5
scales,5
farsi,5
below,5
kaid,5
dams,5
commission,5
fret,5
jones,5
admissions,5
neptune,5
kira,5
rhin,5
landscape,5
opec,5
zaid,5
kiya,5
lumo,5
bonn,5
causa,5
guava,5
juices,5
prime,5
khaled,5
rodrigues,5
oracle,5
wander,5
cari,5
iced,5
velo,5
equal,5
bunt,5
motiva,5
smarter,5
paint,5
powder,5
bush,5
rugby,5
drama,5
rote,5
irmgard,5
slavia,5
petroc,5
groupe,5
royer,5
oahu,5
jaya,5
asti,5
veria,5
rivas,5
rodau,5
started,5
quit,5
essentially,5
yours,5
brain,5
sdfghjkl,5
temperature,5
ctor,5
lindsey,5
yawn,5
trip,5
corner,5
only,5
duma,5
cccccc,5
community,5
komi,5
shan,5
cnet,5
swift,5
menu,5
deeded,5
clark,5
virus,5
prot,5
updater,5
mini,5
ident,5
foot,5
stage,5
libero,5
before,5
arrow,5
equip,5
year,5
globo,5
gail,5
spor,5
gaba,5
aslak,5
trust,5
oreo,5
quoi,5
ferr,5
catalog,5
fine,5
private,5
ness,5
browse,5
escape,5
readable,5
types,5
fabrics,5
postal,5
tamp,5
delia,5
demand,5
trading,5
right,5
custom,5
nature,5
insta,5
gram,5
expo,5
laser,5
building,5
ende,5
sung,5
autumn,5
structure,5
templates,5
resource,5
last,5
abos,5
poll,5
reich,5
jews,5
sadd,5
ship,5
astra,5
sender,5
airways,5
reference,5
transfer,5
detail,5
vous,5
supermarket,5
federated,5
blocked,5
class,5
gaara,5
times,5
under,5
breaking,5
adult,5
four,5
nine,5
five,5
street,5
small,5
young,5
increase,5
however,5
sale,5
knowledge,5
problem,5
there,5
change,5
available,5
improve,5
about,5
horse,5
object,5
jquery,5
ukko,5
telef,5
ones,5
lula,5
smartphones,5
camera,5
winnie,5
props,5
simpsons,5
renga,5
tablet,5
itch,4
sepp,4
vote,4
medical,4
skip,4
canada,4
rachel,4
dana,4
status,4
shel,4
split,4
isola,4
gratis,4
beefed,4
toku,4
moms,4
foil,4
shang,4
ramon,4
ngler,4
spark,4
tiny,4
swam,4
deir,4
bran,4
lutz,4
unauthenticated,4
ubbe,4
porte,4
emmanuel,4
dufour,4
adnan,4
sami,4
seed,4
wouldnt,4
difficult,4
stick,4
broadband,4
suck,4
balls,4
promise,4
brooke,4
serva,4
londrina,4
received,4
fins,4
ddffdd,4
pablo,4
moke,4
dzrh,4
branco,4
katrin,4
thankyou,4
labs,4
curl,4
alta,4
siddi,4
deck,4
steiner,4
habib,4
kitchens,4
todd,4
currie,4
yuki,4
alte,4
tune,4
arai,4
susi,4
even,4
responder,4
yuna,4
moreno,4
beri,4
quadra,4
toner,4
wend,4
francesco,4
lopez,4
rupe,4
paris,4
quin,4
aria,4
lavado,4
aran,4
baran,4
hector,4
marvel,4
crowd,4
autoed,4
torr,4
negros,4
arna,4
noticias,4
pano,4
magnetic,4
azov,4
badajoz,4
caravan,4
deter,4
nuncios,4
terrassa,4
rituals,4
vers,4
embed,4
colin,4
berkeley,4
cplp,4
blay,4
brih,4
hime,4
riaa,4
till,4
seht,4
muck,4
brook,4
southwest,4
barefoot,4
fabbri,4
arnie,4
bacon,4
teller,4
mate,4
marf,4
olaf,4
schmidt,4
clam,4
untitled,4
insurance,4
thur,4
haik,4
yall,4
marianne,4
dawns,4
saxe,4
nexo,4
jard,4
lark,4
automation,4
kenny,4
holley,4
mill,4
stfu,4
terry,4
leek,4
afternoon,4
giga,4
haye,4
benefit,4
bufo,4
stds,4
oaks,4
pain,4
hutt,4
tyne,4
darlene,4
fawcett,4
parameters,4
caraway,4
kimball,4
flamengo,4
davidson,4
lurch,4
alexander,4
koch,4
laval,4
ology,4
sicherheit,4
edwards,4
developer,4
jpmorgan,4
spades,4
lambert,4
nils,4
lippmann,4
bosch,4
unit,4
urns,4
boof,4
doug,4
hurd,4
sense,4
adhd,4
pace,4
stil,4
sensors,4
tail,4
tees,4
zine,4
bawl,4
frank,4
flds,4
axle,4
emma,4
serif,4
string,4
spent,4
owens,4
lvrs,4
gabe,4
zend,4
brett,4
jackson,4
dream,4
markus,4
rajesh,4
seiy,4
bree,4
hannah,4
judge,4
suspend,4
annei,4
fadadd,4
panels,4
nter,4
cyst,4
vair,4
webmaster,4
shirley,4
harvey,4
kidder,4
lira,4
westbrook,4
slye,4
leiter,4
andrews,4
kings,4
seeds,4
polaroid,4
woff,4
kerstin,4
erster,4
jazz,4
reed,4
puck,4
agosto,4
parcel,4
funds,4
requisition,4
laugh,4
sufyan,4
whitesmoke,4
miep,4
andrea,4
bach,4
johannes,4
hendrik,4
danielle,4
huber,4
tachi,4
eger,4
sara,4
lter,4
alex,4
enquiries,4
mich,4
bases,4
drei,4
flop,4
wchl,4
grin,4
azul,4
berth,4
nelson,4
dynamic,4
moskva,4
robe,4
themes,4
nypd,4
corn,4
nero,4
boer,4
deeba,4
wail,4
kote,4
cena,4
ccccff,4
mattel,4
boys,4
arca,4
oban,4
naver,4
xiao,4
luck,4
toys,4
tres,4
smart,4
load,4
ffcccc,4
nike,4
groups,4
crumb,4
mechanism,4
primary,4
cote,4
lamp,4
sour,4
philips,4
machine,4
doctor,4
pack,4
prop,4
scsi,4
technologies,4
caid,4
challenge,4
gator,4
bike,4
cutter,4
nica,4
ihop,4
pier,4
wept,4
ibex,4
blps,4
gelb,4
clicks,4
yuan,4
retake,4
water,4
patent,4
publisher,4
reso,4
eichmann,4
hart,4
ifpi,4
tupi,4
communique,4
rader,4
ogni,4
components,4
major,4
month,4
import,4
katherine,4
rosario,4
wake,4
crit,4
tabor,4
tavern,4
turn,4
wada,4
erft,4
cure,4
liez,4
others,4
chang,4
today,4
ankh,4
micro,4
eagle,4
boorowa,4
andy,4
standard,4
angeli,4
ewen,4
tabi,4
eazy,4
accounting,4
peak,4
requests,4
flower,4
pola,4
coop,4
braces,4
hawkeye,4
arrange,4
desc,4
privat,4
daily,4
consensus,4
junk,4
wizard,4
gyms,4
gads,4
spirits,4
chua,4
harm,4
production,4
flag,4
anderson,4
baar,4
shorten,4
fang,4
lily,4
dahl,4
href,4
orders,4
poli,4
dynamics,4
tours,4
pisa,4
perfect,4
iwad,4
noah,4
banners,4
engine,4
bord,4
fight,4
beacon,4
splats,4
sports,4
iwai,4
over,4
table,4
dati,4
seri,4
esse,4
layout,4
sometimes,4
night,4
length,4
finally,4
weapon,4
rather,4
permit,4
final,4
little,4
leach,4
side,4
understand,4
hold,4
must,4
choose,4
meaning,4
trial,4
administration,4
study,4
never,4
french,4
thing,4
against,4
staw,4
reach,4
evidence,4
contain,4
interact,4
image,4
lady,4
encore,4
chauffeurs,4
llcc,4
lynz,4
recipient,4
annual,4
veterinarian,4
mist,4
lten,4
dour,4
folio,4
riel,4
erik,4
addfad,4
zeit,4
vanguard,4
fffacd,4
peter,4
empire,4
toms,4
arros,4
ease,4
retirement,4
keith,4
ystok,4
delgado,4
harrell,4
denied,4
luxe,4
nigh,3
salt,3
jbic,3
dmbs,3
andrew,3
brad,3
press,3
franklin,3
gela,3
clients,3
general,3
duck,3
personnal,3
environment,3
unique,3
pity,3
sons,3
afraid,3
nute,3
tydd,3
vela,3
klum,3
masonry,3
boss,3
please,3
wait,3
sots,3
bolero,3
admins,3
coen,3
upgrade,3
tagging,3
griffith,3
bole,3
signal,3
delores,3
dahuk,3
miel,3
washington,3
ooty,3
blvd,3
yodo,3
maro,3
meow,3
ewald,3
daniela,3
cornelia,3
continent,3
drives,3
bradford,3
brookings,3
stip,3
shen,3
yumi,3
monz,3
martins,3
xiah,3
maguire,3
atrice,3
runnels,3
bagh,3
ecos,3
supa,3
vals,3
scud,3
fulbright,3
investor,3
winkel,3
copyright,3
clothes,3
kaua,3
boris,3
levu,3
pled,3
decadent,3
creations,3
entry,3
membership,3
stein,3
faded,3
ward,3
blas,3
stir,3
lumi,3
nicholas,3
hester,3
ohio,3
choice,3
weev,3
bund,3
pius,3
daum,3
orsz,3
opening,3
startup,3
sico,3
rnsk,3
seoul,3
para,3
vita,3
fuji,3
inxs,3
niel,3
vick,3
azur,3
nancy,3
dads,3
ffebcd,3
fresh,3
need,3
sony,3
rdal,3
lighting,3
catch,3
brough,3
cause,3
salem,3
finance,3
shah,3
stand,3
merck,3
snap,3
union,3
database,3
tiff,3
revs,3
skye,3
poker,3
trojan,3
cozens,3
martin,3
dale,3
cert,3
fernando,3
rear,3
emanuele,3
lita,3
duos,3
wind,3
bake,3
lyes,3
teen,3
soon,3
morn,3
idea,3
feng,3
heng,3
stam,3
lift,3
oudh,3
wireless,3
fetch,3
have,3
ubon,3
prize,3
cotton,3
arts,3
frey,3
fahn,3
durr,3
wags,3
comms,3
watch,3
scheme,3
operating,3
dubai,3
seth,3
greenleaf,3
gave,3
sawn,3
worldwide,3
phil,3
patton,3
eica,3
taxo,3
dolphin,3
controllers,3
dipl,3
geek,3
ulam,3
melt,3
lixo,3
caron,3
yang,3
nabi,3
furniture,3
alav,3
hancock,3
whitney,3
aero,3
logged,3
self,3
saudi,3
initial,3
binding,3
hostname,3
kush,3
leif,3
station,3
italy,3
calvin,3
manage,3
southern,3
depart,3
libraries,3
graham,3
dvds,3
mille,3
metal,3
brod,3
million,3
efefef,3
logs,3
daewoo,3
awam,3
tags,3
great,3
tend,3
selected,3
mdma,3
enquiry,3
taxi,3
dido,3
asiatic,3
tenet,3
burl,3
fort,3
lief,3
asset,3
fixed,3
stud,3
wybe,3
smas,3
silicon,3
expr,3
reviews,3
stink,3
bait,3
genus,3
faty,3
cosmetics,3
positiv,3
shiner,3
roku,3
likes,3
comments,3
gime,3
rubber,3
netflix,3
activate,3
juru,3
fpga,3
kuwait,3
vent,3
wily,3
tron,3
commerce,3
slily,3
stewart,3
shaw,3
cave,3
party,3
insert,3
classes,3
ying,3
video,3
expensive,3
cities,3
ycie,3
tiga,3
comic,3
awad,3
meta,3
gaps,3
player,3
pattern,3
apax,3
kaba,3
stars,3
iwao,3
bible,3
tufa,3
cash,3
cuny,3
gallery,3
team,3
gaal,3
items,3
inca,3
story,3
cellular,3
worker,3
candid,3
lezion,3
devi,3
strat,3
corre,3
origami,3
quality,3
seven,3
series,3
purpose,3
already,3
research,3
relate,3
boil,3
performance,3
lose,3
nothing,3
slowly,3
various,3
enemy,3
child,3
suppose,3
factor,3
themselves,3
carry,3
alone,3
compare,3
early,3
student,3
facility,3
once,3
technique,3
almost,3
difference,3
mother,3
talk,3
citizen,3
present,3
realize,3
effect,3
influence,3
during,3
anyone,3
peace,3
between,3
speak,3
break,3
enough,3
mind,3
captain,3
similar,3
fiscal,3
conference,3
attitude,3
together,3
write,3
figure,3
individual,3
issue,3
course,3
enter,3
faith,3
jewel,3
without,3
quite,3
among,3
father,3
several,3
herself,3
strike,3
marriage,3
division,3
much,3
provide,3
that,3
vary,3
picture,3
second,3
poem,3
larger,3
necessary,3
himself,3
natural,3
those,3
read,3
everything,3
immediately,3
inch,3
another,3
scene,3
political,3
manner,3
sydney,3
transfers,3
broc,3
super,3
xslt,3
rare,3
creel,3
creek,3
speer,3
arma,3
hina,3
activex,3
motorola,3
promotion,3
steam,3
slog,3
schneider,3
clock,3
polo,3
subscribe,3
rect,3
rfcs,3
protected,3
dits,3
resolution,3
nerd,3
currency,3
fusion,3
proto,3
freer,3
strasbourg,3
patriot,3
construction,3
ngyang,3
mainstream,3
lawyers,3
ional,3
bert,3
inline,3
recover,3
field,3
litt,3
leeds,3
newsletter,3
vale,3
bore,3
balboa,3
capitol,3
blaster,3
brush,3
lucky,3
banco,3
nile,3
chau,3
pcha,3
cards,3
vito,2
tarpon,2
sapa,2
rafi,2
jeet,2
jogo,2
brin,2
optima,2
ultra,2
lots,2
kids,2
caribbean,2
yuck,2
okra,2
allowed,2
silvio,2
macon,2
eeeeee,2
cond,2
inverter,2
frio,2
berg,2
hann,2
witz,2
cobra,2
crown,2
bois,2
gerard,2
george,2
gera,2
pods,2
gateway,2
needs,2
akan,2
brac,2
qian,2
gpss,2
rudi,2
dyas,2
caesar,2
bragg,2
pete,2
offers,2
shire,2
clifford,2
madrid,2
kristina,2
liber,2
coba,2
wsop,2
programs,2
fuzzy,2
lora,2
hangouts,2
mews,2
academy,2
rehe,2
cuse,2
stig,2
diki,2
majo,2
cipm,2
kubo,2
ewss,2
knobs,2
bath,2
naha,2
germany,2
sego,2
yogi,2
jeddah,2
schie,2
jays,2
stephen,2
thompson,2
henry,2
drug,2
jail,2
hero,2
anah,2
twenty,2
seventeen,2
colors,2
tidal,2
msson,2
taipa,2
scam,2
enke,2
cornwell,2
gaines,2
sudo,2
xcel,2
gnat,2
prng,2
babu,2
arno,2
jsgf,2
rory,2
fett,2
axes,2
niza,2
wallet,2
jaeg,2
ignore,2
receive,2
hebron,2
sorel,2
kcie,2
roos,2
hano,2
rrna,2
mati,2
removed,2
ventas,2
vitro,2
mcfc,2
luby,2
jpeg,2
container,2
claw,2
rick,2
mcveigh,2
yogas,2
yuen,2
shake,2
denise,2
rowley,2
reactivation,2
redlink,2
gums,2
metro,2
cula,2
fnac,2
ocht,2
haku,2
zhao,2
nopo,2
isbn,2
nele,2
rids,2
saba,2
juan,2
momo,2
kido,2
lung,2
huil,2
narc,2
fans,2
naya,2
nuro,2
flan,2
yury,2
johan,2
llar,2
foix,2
zora,2
quam,2
pegi,2
maxi,2
kana,2
flax,2
mady,2
fons,2
calm,2
puer,2
suru,2
tabs,2
coaching,2
acid,2
lena,2
naoe,2
dahs,2
avon,2
marc,2
aras,2
kerry,2
lionel,2
messi,2
xavi,2
iniesta,2
tico,2
ttan,2
ndes,2
veng,2
gang,2
ocean,2
colt,2
mesh,2
elms,2
brown,2
trey,2
awan,2
frol,2
slam,2
casa,2
hdmi,2
kara,2
integral,2
freight,2
connections,2
lite,2
ebox,2
ckel,2
resolve,2
ralf,2
martini,2
checkpoint,2
summary,2
customers,2
backy,2
huff,2
chandhok,2
semi,2
sett,2
wooding,2
referral,2
yuyu,2
seafood,2
multivariate,2
briefs,2
factory,2
hospital,2
short,2
logistics,2
generic,2
mike,2
grabber,2
receipt,2
heidi,2
stic,2
ages,2
farinelli,2
ccpr,2
oxys,2
krai,2
oder,2
exchange,2
ddfff,2
fira,2
sample,2
hardware,2
zing,2
bird,2
zion,2
milan,2
lvov,2
bres,2
baek,2
gust,2
aldo,2
solid,2
vips,2
pham,2
mody,2
lean,2
validation,2
rede,2
ewha,2
clifton,2
singer,2
barq,2
yong,2
myer,2
ambiance,2
verizon,2
khoi,2
uefa,2
bron,2
gilt,2
toki,2
rind,2
nagy,2
rook,2
disabled,2
aditya,2
yael,2
equipment,2
better,2
iphones,2
csup,2
deere,2
embedded,2
wrap,2
sled,2
urbs,2
boaz,2
guan,2
nguy,2
hens,2
cannot,2
passed,2
arguments,2
leech,2
outdated,2
vann,2
vega,2
hump,2
poland,2
tong,2
taka,2
slur,2
dass,2
neco,2
hobe,2
hira,2
hanami,2
icbn,2
mbps,2
xiie,2
oden,2
sanj,2
ndez,2
nice,2
tour,2
overrides,2
finaly,2
osmium,2
clay,2
idle,2
eryn,2
waco,2
goie,2
skol,2
flor,2
evna,2
rube,2
dims,2
spil,2
homo,2
puss,2
dowd,2
taft,2
sica,2
apec,2
iago,2
judo,2
jets,2
forklift,2
national,2
mulk,2
ulja,2
sudan,2
hler,2
lure,2
farah,2
gale,2
ready,2
abet,2
cunt,2
moir,2
pilau,2
astir,2
neto,2
surplus,2
survival,2
vitali,2
numb,2
damp,2
garden,2
phillips,2
premiere,2
zareh,2
dewy,2
motherfucker,2
cite,2
nucl,2
tinc,2
xhtml,2
tama,2
kary,2
liquid,2
haus,2
ajpw,2
klux,2
downloads,2
bytes,2
cong,2
usgp,2
medi,2
homespun,2
gardener,2
denver,2
sight,2
sheng,2
earth,2
parts,2
bose,2
thailand,2
cone,2
kane,2
knil,2
mall,2
bluebird,2
supply,2
truck,2
unsubscribe,2
lies,2
noonday,2
houston,2
sucrose,2
vice,2
michelin,2
feni,2
canal,2
signing,2
amazing,2
burg,2
elect,2
viewer,2
fula,2
bouc,2
dike,2
rafe,2
horton,2
ueno,2
rowf,2
vion,2
aloha,2
sunny,2
palette,2
handel,2
loving,2
barry,2
travel,2
genz,2
armrest,2
tool,2
stargate,2
morocco,2
rdis,2
buch,2
iwan,2
enim,2
door,2
daar,2
waal,2
gobs,2
diji,2
pill,2
carta,2
roid,2
referrals,2
wyhl,2
ursa,2
drywall,2
rack,2
yalu,2
puma,2
skills,2
wcml,2
savy,2
pyro,2
able,2
zhong,2
beijing,2
sbcl,2
imax,2
tempi,2
overrule,2
nadal,2
sheba,2
israel,2
tada,2
ggen,2
monster,2
maritime,2
gear,2
util,2
gacy,2
mads,2
asma,2
rosy,2
joey,2
tuba,2
odio,2
zinj,2
bari,2
find,2
chen,2
loos,2
amex,2
monash,2
quotes,2
linen,2
dentist,2
kart,2
ripe,2
mead,2
garments,2
coil,2
dallas,2
motive,2
cane,2
honey,2
langi,2
abra,2
imai,2
fife,2
poor,2
hoax,2
dose,2
ider,2
neko,2
ovsk,2
gcsi,2
atapi,2
inyo,2
deer,2
nuuk,2
usda,2
roxy,2
pair,2
psds,2
kilo,2
ratm,2
avar,2
protections,2
consent,2
gama,2
assets,2
marshall,2
logic,2
nerv,2
mari,2
same,2
zionists,2
heart,2
ense,2
edel,2
zard,2
kele,2
pares,2
brock,2
rien,2
centro,2
alien,2
caps,2
fallback,2
xlink,2
permission,2
violation,2
dror,2
roar,2
kcmg,2
subway,2
lewy,2
jing,2
hiiu,2
riff,2
sncl,2
outdoor,2
sandbox,2
measures,2
yosemite,2
ranch,2
awes,2
laps,2
garcia,2
kwan,2
grma,2
puce,2
fisa,2
mach,2
lists,2
vingt,2
diet,2
trax,2
mein,2
visited,2
europa,2
kiwi,2
fags,2
mingle,2
members,2
iblp,2
porsche,2
cayenne,2
turbo,2
cycle,2
remote,2
turtle,2
fide,2
nwia,2
computer,2
strategy,2
jaro,2
gaya,2
premier,2
siaa,2
aang,2
links,2
dyes,2
tory,2
punk,2
bollywood,2
romania,2
omar,2
stop,2
merkel,2
hank,2
passport,2
buster,2
airbus,2
cove,2
iata,2
turbine,2
prefix,2
duel,2
waan,2
pomp,2
oita,2
bulb,2
pets,2
akwa,2
grana,2
comuni,2
lago,2
tens,2
aast,2
networks,2
maps,2
jest,2
lieu,2
tanz,2
aami,2
tract,2
ionize,2
margin,2
dropped,2
training,2
thou,2
quim,2
ilks,2
gameforge,2
guardian,2
ukraine,2
crisis,2
referendum,2
autonomy,2
postponed,2
hoji,2
kravitz,2
desi,2
ncaa,2
some,2
activation,2
born,2
fish,2
nida,2
streaming,2
apis,2
ibma,2
yoda,2
sport,2
gayer,2
mery,2
nome,2
gnome,2
lund,2
rizzo,2
tronic,2
hertz,2
mops,2
gruppo,2
mata,2
prix,2
week,2
gfci,2
italia,2
cudi,2
filename,2
charm,2
achieve,2
entire,2
relationship,2
strength,2
probably,2
eung,2
suddenly,2
church,2
something,2
simply,2
through,2
prove,2
would,2
finger,2
such,2
beyond,2
certain,2
wilson,2
cent,2
audience,2
cria,2
which,2
ball,2
generally,2
season,2
raise,2
deal,2
statement,2
basis,2
within,2
nwhl,2
answer,2
very,2
teacher,2
suffer,2
prevent,2
where,2
create,2
room,2
instance,2
contribute,2
industrial,2
large,2
mean,2
directly,2
describe,2
myself,2
agree,2
settle,2
still,2
society,2
throw,2
attention,2
difficulty,2
marry,2
many,2
different,2
england,2
save,2
determine,2
earn,2
puzzle,2
build,2
town,2
truth,2
higher,2
walk,2
theory,2
record,2
explain,2
summer,2
stay,2
develop,2
matter,2
tooth,2
expect,2
direction,2
finish,2
especially,2
both,2
plant,2
important,2
respect,2
feel,2
death,2
learn,2
effort,2
range,2
bear,2
practice,2
perhaps,2
defense,2
situation,2
friend,2
train,2
husband,2
mpeg,2
boat,2
military,2
enjoy,2
growth,2
instead,2
limit,2
around,2
officer,2
toward,2
fare,2
interest,2
discussion,2
window,2
possible,2
literature,2
procedure,2
echt,2
along,2
president,2
wife,2
normal,2
join,2
except,2
sure,2
datum,2
director,2
rise,2
mails,2
rule,2
piece,2
charge,2
melbourne,2
celebration,2
chauffeur,2
agreement,2
cold,2
therefore,2
bahn,2
foal,2
arru,2
oken,2
teck,2
seva,2
purchase,2
ecru,2
gogh,2
pabx,2
ccfl,2
noid,2
guzm,2
dizy,2
wubi,2
nrhp,2
schr,2
dank,2
veterinary,2
advice,2
mkil,2
speaking,2
oyly,2
olof,2
yaar,2
pows,2
btvs,2
keystrokes,2
arch,2
dusk,2
loeb,2
vgik,2
celt,2
ioke,2
nite,2
dupl,2
puff,2
dung,2
alph,2
voce,2
pioneer,2
resources,2
vivo,2
extended,2
ctrl,2
emerald,2
materials,2
yellow,2
wedding,2
greensboro,2
yack,2
machines,2
mmog,2
tlrs,2
renate,2
lido,2
maik,2
voucher,2
indian,2
odra,2
hugs,2
surf,2
garu,2
josh,2
foundation,2
appenzell,2
rome,2
rtha,2
ekes,2
consultant,2
merchant,2
lazar,2
rooms,2
togo,2
mily,2
amir,2
mensa,2
speaker,2
fisher,2
corsini,2
cher,2
pipelines,2
tsai,2
blot,2
sponsor,2
adamson,2
sierra,2
formula,2
flooring,2
charles,2
mathias,2
desk,2
pelle,2
tier,2
lodging,2
econometrics,2
electro,2
fletcher,2
reade,2
morton,2
campus,2
duff,2
richard,2
chandler,2
looe,2
dell,2
howard,2
logo,2
safed,2
functional,2
devices,2
defy,2
nathans,2
gent,2
orlando,2
fame,2
nitra,2
centers,2
outstanding,2
cheng,2
booking,2
sloan,2
ment,2
push,2
alpha,2
adventure,2
auction,2
housing,2
headquarters,2
usui,2
elliott,2
pickering,2
caring,2
homes,2
incident,2
spar,2
chapman,2
kate,2
scale,2
assignment,2
corey,2
flyer,2
manual,2
tatiana,2
lats,2
monroe,2
brazos,2
guardianship,2
duke,2
spain,2
nick,2
winkle,2
bene,2
opportunity,2
fields,2
schm,2
seda,2
pago,2
mahoney,2
sumo,2
companies,2
pact,2
maureen,2
thera,2
deco,2
sncf,2
perez,2
strain,2
untl,2
colby,2
chaudhry,2
platt,2
mirage,2
rama,2
east,2
movies,2
redirects,2
afms,2
simpson,2
dave,2
fowler,2
prow,2
panther,2
gpma,2
secco,2
deep,2
fdfdfd,2
isle,2
fashion,2
always,2
progress,2
dummy,2
karma,2
bouquet,2
patrol,2
agpl,2
cased,2
quest,2
yard,2
gustav,2
clave,2
feces,2
uhud,2
anita,2
hotels,2
containers,2
mlad,2
overload,2
jogi,2
gotha,2
waste,2
strategies,2
virginia,2
feud,2
jaku,2
lohl,2
hemi,2
scars,2
lewd,2
cear,2
skis,2
vhsl,2
flexible,2
ohka,2
chom,2
hors,1
fifa,1
matin,1
merit,1
werl,1
guys,1
milestone,1
kbos,1
fark,1
mikes,1
silver,1
scanner,1
kihn,1
prem,1
haka,1
viae,1
logb,1
cozy,1
alcl,1
yogis,1
itty,1
rude,1
otek,1
mavi,1
dube,1
kbps,1
kuen,1
tucker,1
landmark,1
mcgraw,1
otis,1
umps,1
enrol,1
messe,1
mers,1
linden,1
bruce,1
cutler,1
angie,1
rossi,1
apulia,1
raza,1
buraq,1
ruble,1
bras,1
temp,1
frost,1
chye,1
module,1
metadata,1
assertion,1
christ,1
decker,1
cologne,1
kebb,1
ezov,1
bubl,1
rodrigo,1
zurich,1
told,1
phisher,1
ricky,1
hung,1
whew,1
ivar,1
cker,1
estar,1
gulp,1
knak,1
ebro,1
moca,1
gino,1
lanc,1
wavin,1
moshe,1
wolf,1
mint,1
ventura,1
osborn,1
sigma,1
thom,1
lins,1
muir,1
guidance,1
rosa,1
tros,1
ceres,1
rouse,1
cleaver,1
brooks,1
bastida,1
ignacio,1
alvarez,1
marta,1
gana,1
lalon,1
delmar,1
vliw,1
hall,1
toll,1
moai,1
walter,1
cape,1
odes,1
gbot,1
connor,1
lack,1
yolanda,1
wamu,1
toot,1
christoph,1
lehi,1
bred,1
ardc,1
mudd,1
dory,1
reserved,1
alturia,1
manning,1
vanity,1
hake,1
dent,1
luster,1
lantern,1
round,1
cube,1
tomo,1
rays,1
huya,1
pstn,1
endo,1
noru,1
ribs,1
hino,1
cile,1
hibs,1
neeb,1
yell,1
mkmf,1
ducy,1
jeep,1
flos,1
houk,1
numbs,1
liev,1
citron,1
oddi,1
karen,1
jennifer,1
nestle,1
didn,1
unread,1
cisc,1
swank,1
renewable,1
thank,1
deeds,1
tits,1
gras,1
pcie,1
warm,1
tayler,1
chan,1
kuok,1
hana,1
ahan,1
nance,1
aoba,1
nostre,1
bass,1
cann,1
thun,1
cyber,1
threats,1
suvs,1
whir,1
stamp,1
sherry,1
forward,1
journal,1
dune,1
wing,1
adze,1
brockman,1
luini,1
tidy,1
crap,1
jojo,1
barf,1
sieg,1
umber,1
lincoln,1
marks,1
plugin,1
rozi,1
bobo,1
deft,1
soho,1
sshs,1
kehal,1
colombia,1
kqed,1
euroa,1
paid,1
eius,1
elia,1
pmqs,1
posa,1
abdur,1
cndo,1
rolf,1
delay,1
kstj,1
pied,1
aims,1
mayr,1
orion,1
quis,1
cpps,1
kues,1
naco,1
yunho,1
lahn,1
petrie,1
katy,1
lulu,1
klan,1
wild,1
rams,1
boto,1
bodn,1
suzy,1
isnt,1
seau,1
hazels,1
faze,1
cabo,1
kipke,1
cuing,1
skim,1
lptb,1
zewail,1
olli,1
euyo,1
sijzi,1
kaas,1
moot,1
gebr,1
falk,1
midi,1
pent,1
ades,1
boli,1
fist,1
baen,1
vald,1
kwok,1
spat,1
weld,1
amel,1
yoko,1
agcl,1
sabor,1
bums,1
seal,1
wilt,1
dota,1
feto,1
nope,1
geni,1
reye,1
ivor,1
coca,1
gpmg,1
janu,1
paes,1
carl,1
iure,1
aziz,1
snag,1
tows,1
nfsa,1
kerk,1
bago,1
gita,1
diaz,1
bhat,1
sfio,1
ntfs,1
yomu,1
taki,1
glau,1
mils,1
flay,1
debes,1
eves,1
haws,1
hock,1
ople,1
jure,1
chao,1
milt,1
ambr,1
ruoms,1
alms,1
fees,1
glace,1
cubs,1
frco,1
lori,1
butt,1
niki,1
skup,1
sjsu,1
giro,1
adug,1
baby,1
ruth,1
hour,1
orul,1
chod,1
cuon,1
anoa,1
kroq,1
soil,1
huac,1
cluj,1
foch,1
kaye,1
neue,1
karl,1
vast,1
vied,1
ukip,1
nori,1
zina,1
naue,1
fuck,1
juku,1
gren,1
loka,1
opon,1
rtos,1
burs,1
walt,1
tren,1
yvan,1
zubs,1
elst,1
cuda,1
foyt,1
boor,1
blobs,1
tiros,1
pore,1
tusks,1
plym,1
zipf,1
zinn,1
zane,1
warp,1
moan,1
gray,1
ziff,1
fvdp,1
lasse,1
ivers,1
ajax,1
daeng,1
peach,1
tent,1
math,1
suppress,1
lederer,1
aven,1
minh,1
duas,1
ltek,1
msps,1
daws,1
dadan,1
travis,1
fiat,1
segura,1
nismo,1
grant,1
antis,1
nusa,1
goss,1
alus,1
teff,1
grab,1
owes,1
rahm,1
snubs,1
nimo,1
fota,1
tint,1
bael,1
emts,1
puke,1
maio,1
jeff,1
jana,1
adams,1
shannon,1
archer,1
sarah,1
linda,1
faust,1
kathy,1
pins,1
gher,1
jesus,1
roman,1
nuclear,1
unam,1
kiew,1
baht,1
zany,1
juke,1
gard,1
elsewhere,1
ncos,1
porra,1
batista,1
joshua,1
dewitt,1
chases,1
horner,1
biber,1
kaew,1
salc,1
eing,1
avec,1
womb,1
haim,1
hexed,1
slue,1
marl,1
venda,1
nets,1
aruba,1
william,1
compton,1
icon,1
hills,1
robert,1
rill,1
mixu,1
qazi,1
frau,1
projector,1
ovid,1
prods,1
package,1
expired,1
andre,1
mips,1
tando,1
value,1
thin,1
copp,1
suncorp,1
mbbs,1
iroh,1
pavi,1
monteiro,1
archway,1
asco,1
shot,1
setting,1
tiro,1
anta,1
messenger,1
videos,1
tools,1
wilkinson,1
bartlesville,1
physical,1
rehab,1
liut,1
ngfu,1
daal,1
macmillian,1
solar,1
vend,1
brasilia,1
ming,1
artemis,1
plumbing,1
meld,1
gandolfo,1
tandem,1
wish,1
ource,1
pampa,1
manu,1
rest,1
bele,1
porta,1
meekness,1
filed,1
episodes,1
episode,1
rating,1
rahi,1
caro,1
acute,1
putty,1
taal,1
abstracts,1
selene,1
niken,1
virgilio,1
michele,1
armani,1
iger,1
landtag,1
bikes,1
plaza,1
ladino,1
depaul,1
adriatic,1
timeline,1
promos,1
views,1
directx,1
starcraft,1
blew,1
peel,1
goat,1
nevi,1
kfar,1
doge,1
rhtv,1
poop,1
rode,1
sanl,1
izod,1
shiro,1
elys,1
guas,1
hoes,1
kuis,1
snps,1
leno,1
azua,1
vall,1
dolj,1
mined,1
loathe,1
rens,1
uxmal,1
jahi,1
wikt,1
nath,1
baie,1
yuka,1
moya,1
greta,1
tonk,1
unite,1
ipanema,1
pirc,1
eldj,1
syst,1
esfah,1
cfls,1
tzar,1
fier,1
mush,1
foul,1
used,1
kryl,1
jell,1
dork,1
buns,1
oise,1
dojo,1
walz,1
bogan,1
rivi,1
dury,1
riau,1
coraz,1
bunk,1
nees,1
globe,1
emblem,1
brandao,1
autos,1
sell,1
carson,1
motors,1
scifi,1
acme,1
tots,1
renata,1
lmann,1
fidelis,1
sien,1
circuit,1
berm,1
ingham,1
fitting,1
hinge,1
ricki,1
hemme,1
batel,1
kudu,1
llby,1
xvie,1
naos,1
venetian,1
nous,1
rohr,1
kong,1
rocket,1
mmiv,1
ecsc,1
celle,1
brite,1
lump,1
daddy,1
trident,1
subst,1
shuffle,1
repeat,1
nomura,1
anglian,1
discovery,1
foods,1
wendy,1
sent,1
dink,1
rayed,1
grey,1
sram,1
paquet,1
aalen,1
emme,1
feen,1
amma,1
noes,1
bhushan,1
anos,1
rife,1
ledge,1
upolu,1
brok,1
gulf,1
ivins,1
insch,1
hoch,1
moth,1
loll,1
scooter,1
pros,1
finlay,1
valve,1
mount,1
rake,1
cuds,1
vlsi,1
jinja,1
liner,1
dela,1
monte,1
ncis,1
sandia,1
embassy,1
pakistan,1
viti,1
vignes,1
gtaw,1
doln,1
biologics,1
leigh,1
calk,1
exec,1
omni,1
leather,1
rider,1
oecs,1
mime,1
haul,1
shoo,1
pant,1
rini,1
pessoa,1
cedi,1
netbsd,1
styes,1
gode,1
jind,1
mame,1
chemical,1
squash,1
pamuk,1
overseas,1
rker,1
mrna,1
sulz,1
belle,1
benin,1
also,1
ucsd,1
pdel,1
rhea,1
pxpx,1
flowers,1
peintures,1
edison,1
caltech,1
neot,1
hexf,1
upend,1
plain,1
assure,1
vcds,1
exists,1
aaddff,1
gens,1
ably,1
swum,1
cuss,1
pips,1
dees,1
masjid,1
council,1
british,1
locate,1
tiara,1
ugcc,1
dkny,1
mink,1
opry,1
joon,1
song,1
webbing,1
verde,1
rattan,1
jody,1
ample,1
carmen,1
jimenez,1
decline,1
unlock,1
mika,1
slim,1
carrier,1
sanyo,1
gald,1
baji,1
bind,1
framed,1
happy,1
couple,1
neck,1
portrait,1
nasa,1
sinf,1
machinery,1
koji,1
cene,1
frames,1
lookup,1
javascript,1
vite,1
mors,1
ellery,1
mask,1
rauch,1
quan,1
aoyama,1
transitional,1
green,1
versailles,1
rushdi,1
mmix,1
dudu,1
weal,1
evil,1
rums,1
euan,1
muri,1
harbor,1
tpzs,1
aluk,1
lore,1
livingston,1
southeast,1
frag,1
galvanized,1
lambda,1
globi,1
tristar,1
rockville,1
directional,1
concepts,1
pads,1
evert,1
vacuum,1
joys,1
late,1
techno,1
bide,1
chee,1
kada,1
knitting,1
bmvg,1
cyndi,1
orient,1
tecumseh,1
teem,1
peet,1
blackrock,1
canyon,1
prose,1
blackstone,1
covina,1
optic,1
shoe,1
litigation,1
dental,1
hamilton,1
bluefish,1
clothing,1
erlich,1
foster,1
crowe,1
curit,1
trend,1
shields,1
sonic,1
volk,1
alloy,1
regia,1
stood,1
someplace,1
dire,1
kulin,1
worm,1
rfas,1
hotz,1
scrap,1
lunsford,1
honda,1
hood,1
marlow,1
xiang,1
mountain,1
angel,1
chuang,1
collect,1
jaune,1
helm,1
remus,1
atom,1
romy,1
becker,1
sensor,1
wana,1
guls,1
niko,1
abul,1
cries,1
ajda,1
jived,1
vade,1
morey,1
sake,1
prep,1
agata,1
chum,1
adventist,1
mahmoud,1
lamont,1
muil,1
signature,1
dugl,1
ayub,1
suga,1
cums,1
kuga,1
rcmp,1
blyth,1
zeng,1
haji,1
dias,1
aquas,1
cocp,1
fuga,1
crag,1
ktla,1
imposing,1
catskill,1
coded,1
fuzi,1
mter,1
nuns,1
joss,1
hanley,1
zuid,1
sars,1
nuco,1
zenit,1
suny,1
maggie,1
ulan,1
bilk,1
sets,1
iver,1
genie,1
xxii,1
algeria,1
pastel,1
dashboard,1
mould,1
intercontinental,1
ruhr,1
bochum,1
bcci,1
hate,1
fein,1
medic,1
ghazal,1
hito,1
fria,1
unco,1
bava,1
finno,1
lede,1
dies,1
nissan,1
leaf,1
asheville,1
purity,1
uniform,1
museum,1
lauri,1
reay,1
teas,1
exit,1
isos,1
hoku,1
heid,1
kabob,1
tang,1
bond,1
bess,1
dossier,1
wote,1
specification,1
billion,1
karp,1
erst,1
mags,1
poke,1
nacl,1
alun,1
islamic,1
golden,1
aver,1
atomic,1
rfda,1
peay,1
sssr,1
holi,1
fano,1
persian,1
carpet,1
studio,1
brokerage,1
royan,1
arif,1
hone,1
ding,1
toussaint,1
eros,1
whit,1
aide,1
raja,1
userb,1
uzis,1
clop,1
mirna,1
dopy,1
inti,1
syne,1
bayview,1
organic,1
drilling,1
fluids,1
basics,1
aberdeen,1
handled,1
caws,1
tige,1
liger,1
bunn,1
ogle,1
hush,1
kamen,1
cotu,1
emus,1
codec,1
fotos,1
legacy,1
tester,1
golgi,1
anus,1
naze,1
cino,1
wort,1
oisy,1
rdns,1
elie,1
demo,1
weft,1
mieux,1
peps,1
kuru,1
bans,1
reis,1
kasey,1
milli,1
muggle,1
deli,1
nndb,1
ataol,1
syddanmark,1
porto,1
farida,1
hijaz,1
warmers,1
wired,1
alaska,1
strand,1
eller,1
aadbff,1
asian,1
misc,1
trigger,1
tout,1
vert,1
facade,1
viet,1
zuni,1
jian,1
synth,1
uruk,1
superb,1
dust,1
connection,1
vendor,1
brim,1
monitor,1
subscriptions,1
alerts,1
splc,1
ovaj,1
dating,1
tica,1
brawl,1
designing,1
tarn,1
cuba,1
ffcbdb,1
nass,1
nmda,1
clash,1
suey,1
anam,1
dejo,1
nana,1
msds,1
forgot,1
ngel,1
nouvelle,1
regions,1
dash,1
straus,1
dotty,1
pyramid,1
independent,1
academia,1
orne,1
norwich,1
nffy,1
murad,1
yuca,1
hobby,1
eduardo,1
wotm,1
mobs,1
corrupt,1
extraneous,1
marker,1
tera,1
residual,1
coco,1
doormats,1
theater,1
painting,1
woodland,1
spectra,1
rogue,1
catalyst,1
miron,1
nacton,1
erste,1
flops,1
skin,1
astros,1
newsid,1
sous,1
vamp,1
grand,1
abaj,1
kars,1
ayya,1
toma,1
businessweek,1
thai,1
ousted,1
court,1
rules,1
abused,1
gchq,1
urls,1
fwaa,1
sound,1
arme,1
folders,1
entity,1
cobe,1
maga,1
rpgs,1
fart,1
frei,1
rant,1
meer,1
ning,1
kufa,1
trud,1
awal,1
ahsa,1
rdia,1
jaws,1
baux,1
hyderabad,1
edition,1
sump,1
mnjc,1
nist,1
boles,1
defaulting,1
iwans,1
quad,1
biden,1
deng,1
airline,1
rgen,1
aware,1
crow,1
agfa,1
gaur,1
celo,1
maharashtra,1
gandhi,1
visits,1
methi,1
polling,1
decade,1
atms,1
aqsa,1
miwa,1
hier,1
ovas,1
arcu,1
pirog,1
viral,1
dump,1
calcio,1
cato,1
saqi,1
toss,1
seok,1
baking,1
gasp,1
aventura,1
mister,1
crib,1
doki,1
soley,1
mooka,1
vaio,1
kama,1
scripts,1
advertising,1
fauna,1
implementing,1
muniz,1
qoppa,1
iauc,1
amazingly,1
timed,1
photos,1
twit,1
baud,1
pvga,1
imam,1
zopa,1
trips,1
softpedia,1
getz,1
mote,1
huda,1
elements,1
left,1
bgcolor,1
ffffff,1
lika,1
pozi,1
bust,1
syed,1
flat,1
mange,1
knowhow,1
documentation,1
jaen,1
nigerian,1
nigeria,1
swindon,1
advertiser,1
toddler,1
injured,1
cska,1
waar,1
wgal,1
mung,1
ioan,1
shima,1
caffi,1
stable,1
mtow,1
north,1
stavanger,1
arnold,1
irish,1
examiner,1
rumi,1
stab,1
serials,1
magh,1
gayly,1
arra,1
games,1
rail,1
character,1
mili,1
randomness,1
regno,1
encoded,1
history,1
styling,1
argel,1
mick,1
arks,1
football,1
lineups,1
manchester,1
avpd,1
yasi,1
sowa,1
moda,1
hgba,1
amis,1
gender,1
aska,1
cola,1
erzs,1
allende,1
meteor,1
film,1
piru,1
spanish,1
translation,1
iwami,1
nauk,1
kung,1
kdcs,1
float,1
reunion,1
vier,1
luiz,1
trak,1
ipia,1
rigby,1
naja,1
grav,1
manga,1
amla,1
lebo,1
saud,1
dailymotion,1
shock,1
hawaii,1
pani,1
manze,1
rally,1
jamaat,1
islami,1
extends,1
varanasi,1
nuova,1
stato,1
bianchi,1
tome,1
material,1
accede,1
etti,1
dura,1
doves,1
recap,1
nell,1
cartel,1
desiderata,1
projekt,1
regis,1
confer,1
impress,1
cali,1
usar,1
sane,1
ving,1
leroy,1
merlin,1
meno,1
biagio,1
penna,1
lush,1
ffdead,1
league,1
tottenham,1
thread,1
gook,1
iptv,1
vista,1
bucs,1
shod,1
atwt,1
slut,1
abou,1
eight,1
kein,1
requester,1
reconsidered,1
swot,1
simple,1
negev,1
since,1
delf,1
vest,1
writer,1
moka,1
foxe,1
clear,1
pressure,1
pick,1
anything,1
mouth,1
they,1
morning,1
consider,1
cama,1
exes,1
aiee,1
then,1
function,1
hugh,1
wear,1
punt,1
tray,1
ccffcc,1
publish,1
ammi,1
pusa,1
bann,1
maim,1
fines,1
gary,1
mofo,1
glue,1
chow,1
either,1
csce,1
laud,1
mwai,1
third,1
floor,1
pull,1
bgea,1
allow,1
give,1
care,1
dama,1
involve,1
eyes,1
boke,1
recently,1
announce,1
follow,1
smile,1
plane,1
hear,1
waik,1
usually,1
democratic,1
according,1
lech,1
affair,1
raye,1
fock,1
kata,1
glass,1
reduce,1
clumsy,1
extent,1
mighty,1
oxford,1
lofty,1
hasten,1
anyway,1
tender,1
peeve,1
otherwise,1
useless,1
knife,1
broom,1
unlike,1
bearer,1
bolt,1
barrel,1
phrase,1
mock,1
steeple,1
blind,1
approach,1
loss,1
woman,1
future,1
condition,1
across,1
remove,1
foray,1
yale,1
attend,1
these,1
spend,1
auxi,1
eared,1
heaven,1
shine,1
comment,1
hearty,1
minute,1
girl,1
relation,1
shall,1
hair,1
rope,1
hundred,1
prepare,1
operation,1
opinion,1
asec,1
remain,1
government,1
college,1
measure,1
papa,1
gran,1
actually,1
whether,1
until,1
authority,1
religious,1
exist,1
serious,1
wonder,1
near,1
when,1
call,1
seek,1
doll,1
believe,1
square,1
operate,1
responsibility,1
disagree,1
sags,1
snub,1
goux,1
likely,1
duet,1
blut,1
merely,1
should,1
mention,1
secretary,1
krone,1
wigs,1
election,1
longer,1
occur,1
enns,1
swop,1
hewl,1
trucks,1
gara,1
throughout,1
xnor,1
patient,1
county,1
army,1
forget,1
obtain,1
kill,1
clean,1
visual,1
cayo,1
wart,1
slid,1
although,1
river,1
slab,1
mile,1
march,1
trouble,1
could,1
rore,1
tear,1
pyrih,1
fund,1
listen,1
wees,1
later,1
maintain,1
airport,1
aiff,1
moral,1
feeling,1
again,1
kehl,1
fess,1
dept,1
assume,1
leader,1
foreign,1
kash,1
appear,1
economic,1
indicate,1
often,1
stub,1
enthusing,1
totaling,1
softening,1
fopp,1
naci,1
dmus,1
reinventing,1
updates,1
hont,1
amur,1
want,1
chur,1
markets,1
imbalances,1
chinese,1
economy,1
creak,1
gnrh,1
quintana,1
condo,1
oskar,1
priv,1
greyhound,1
enterprise,1
kuno,1
rico,1
transact,1
authorised,1
trisha,1
entf,1
dtmf,1
pygg,1
ccds,1
siam,1
siva,1
cahn,1
torn,1
figs,1
issy,1
tcdd,1
vaux,1
elen,1
tarp,1
krak,1
fugu,1
gali,1
hyuga,1
redirected,1
angeles,1
utility,1
aude,1
suet,1
purr,1
reba,1
rvis,1
oscar,1
epic,1
nabs,1
refresh,1
poxes,1
crat,1
wola,1
rage,1
audio,1
lkcf,1
davi,1
shem,1
finkel,1
lvez,1
hdpe,1
calne,1
miff,1
eara,1
sadr,1
hegel,1
kanu,1
paho,1
blaj,1
eyga,1
reel,1
vyso,1
tyre,1
usbk,1
wyrd,1
wphl,1
kenz,1
ohno,1
jibs,1
tnar,1
kili,1
abreu,1
marat,1
mott,1
lube,1
maat,1
loaf,1
riol,1
huge,1
ping,1
kona,1
gres,1
sins,1
onion,1
zeba,1
cloudy,1
multiple,1
gibe,1
bock,1
ogre,1
uscf,1
cels,1
smug,1
kuri,1
rota,1
kept,1
dlls,1
malware,1
typed,1
pfaw,1
lvmh,1
rusk,1
itza,1
ried,1
tusk,1
transaction,1
pose,1
sehr,1
haut,1
psle,1
cara,1
hara,1
vole,1
ugie,1
mewls,1
zoso,1
moab,1
brak,1
echm,1
kano,1
arlo,1
kegs,1
oily,1
cary,1
sylv,1
swim,1
broadcast,1
manufacturers,1
canon,1
shiv,1
hawk,1
bnei,1
giveaways,1
slow,1
points,1
sejm,1
papia,1
yeon,1
estr,1
nerf,1
kort,1
switchgear,1
pref,1
linux,1
sensation,1
wilma,1
handover,1
ernie,1
kotli,1
emmy,1
bigfoot,1
alwa,1
hanna,1
buyer,1
greens,1
dodge,1
leak,1
turd,1
imjin,1
bobs,1
eike,1
garbage,1
unsafe,1
assigned,1
ucla,1
hoist,1
tropical,1
macy,1
gica,1
wielu,1
sidi,1
dmgt,1
lied,1
deum,1
cheetah,1
mtrc,1
holiday,1
kuma,1
authorized,1
andr,1
shin,1
sega,1
keppel,1
mito,1
dato,1
lint,1
parc,1
mayo,1
dowland,1
enya,1
dazzling,1
tugboat,1
speedboat,1
sailboat,1
enol,1
corm,1
qulb,1
heep,1
glyn,1
ahli,1
countdown,1
held,1
turm,1
webb,1
bayer,1
cation,1
jewelry,1
katie,1
ellis,1
nationwide,1
sant,1
magi,1
blood,1
mitl,1
goats,1
cryme,1
jade,1
dray,1
dlya,1
aino,1
netherlands,1
keon,1
kwon,1
consult,1
dynasty,1
polg,1
workday,1
harris,1
dear,1
bother,1
newsletters,1
boutique,1
mitre,1
meng,1
plans,1
fawn,1
wahb,1
cimi,1
meri,1
holdings,1
juicy,1
nats,1
runway,1
eywa,1
trusted,1
sitter,1
itsy,1
krypton,1
tere,1
rune,1
tgvs,1
poir,1
tosu,1
electronics,1
cows,1
south,1
bring,1
results,1
smiles,1
iona,1
october,1
chin,1
peal,1
broz,1
shows,1
salda,1
maior,1
zhou,1
carlton,1
nool,1
ofay,1
yowl,1
mast,1
floors,1
powell,1
books,1
corporate,1
owner,1
ahmed,1
tuck,1
wijk,1
kalb,1
peru,1
teens,1
feige,1
wpfc,1
trui,1
bluestar,1
shortcut,1
adminstrator,1
ultimate,1
wilhelm,1
mailto,1
meter,1
nuts,1
sgml,1
innovative,1
eccles,1
bola,1
mossi,1
axum,1
relay,1
ascq,1
brays,1
grease,1
mbti,1
sharp,1
maestri,1
gusto,1
clientele,1
yugi,1
noise,1
cancelling,1
stereo,1
headphones,1
piri,1
shaka,1
guez,1
cloe,1
grid,1
faiz,1
dakin,1
ichi,1
switzerland,1
faisal,1
katara,1
mohammed,1
manna,1
cats,1
lapo,1
mccoy,1
productions,1
lines,1
spec,1
sifu,1
odna,1
rowe,1
myki,1
mmhg,1
pegu,1
rips,1
thys,1
yuga,1
kofu,1
marx,1
gmbh,1
nbsp,1
jena,1
ilje,1
transit,1
brent,1
takao,1
inada,1
amor,1
funny,1
tilled,1
liveliest,1
subscribed,1
baur,1
kris,1
rats,1
zaza,1
internal,1
mexico,1
jair,1
horn,1
tonya,1
beale,1
ellen,1
tonga,1
lyle,1
pegs,1
cooked,1
jaap,1
sohc,1
chap,1
pugh,1
bygone,1
yogurt,1
sado,1
melk,1
sped,1
elba,1
riko,1
isca,1
rover,1
waheed,1
toni,1
stephan,1
sparkasse,1
append,1
cake,1
saxo,1
zide,1
everett,1
smyth,1
hedy,1
horizon,1
nchen,1
dane,1
flit,1
bota,1
bets,1
sfic,1
kozo,1
situ,1
pirate,1
dunes,1
cagy,1
jhvh,1
nasu,1
umra,1
cleo,1
bifr,1
rime,1
wyre,1
cruz,1
junks,1
zero,1
schaal,1
junior,1
sweep,1
sweepstakes,1
havl,1
centi,1
software,1
cmyk,1
fundraiser,1
auctions,1
closing,1
escrow,1
fearless,1
feeder,1
eons,1
kairi,1
nevada,1
geothermal,1
harry,1
prester,1
mawr,1
owyn,1
urch,1
hsbc,1
noble,1
chartering,1
koon,1
aluminium,1
vlad,1
trix,1
drab,1
bark,1
bhig,1
aral,1
utah,1
benni,1
fowl,1
basing,1
alarms,1
betty,1
bella,1
lorenzo,1
beans,1
icons,1
burk,1
coach,1
spreadsheet,1
stocks,1
calma,1
cusps,1
commit,1
contract,1
jaco,1
essr,1
pixy,1
monika,1
twig,1
magne,1
targeted,1
sesame,1
cuesta,1
stev,1
bohr,1
columns,1
worked,1
column,1
days,1
sheet,1
thigh,1
erbo,1
webpage,1
renew,1
laban,1
them,1
cruise,1
ilya,1
dadu,1
skein,1
entr,1
elite,1
ecologist,1
pine,1
lastname,1
namo,1
gmaq,1
keyed,1
legs,1
seeker,1
crystal,1
engagement,1
pagename,1
authenticate,1
ceyz,1
options,1
escaped,1
fragment,1
armas,1
sulk,1
kmaw,1
migr,1
marin,1
schools,1
lans,1
neal,1
skive,1
swee,1
chef,1
berate,1
nemeth,1
tham,1
ooze,1
gerd,1
domini,1
getting,1
cordial,1
hoja,1
ncsa,1
stack,1
novo,1
brink,1
gates,1
lights,1
knitwear,1
meets,1
multiples,1
inhg,1
university,1
sloth,1
yyyy,1
babel,1
haute,1
avenue,1
snippet,1
poise,1
jeou,1
czar,1
estate,1
agents,1
burner,1
scott,1
biography,1
melanie,1
helen,1
fatu,1
crab,1
guus,1
seco,1
jarl,1
nems,1
lbsu,1
acha,1
lich,1
illegal,1
argument,1
layer,1
cliques,1
scanned,1
brew,1
florida,1
ineligible,1
discharges,1
aruk,1
heater,1
daia,1
giving,1
avatars,1
avil,1
dang,1
tires,1
loma,1
nani,1
sandra,1
limon,1
keyboard,1
essence,1
pune,1
neat,1
iial,1
ganj,1
cjhl,1
satu,1
sabadell,1
checksum,1
glad,1
attach,1
emysl,1
backup,1
demure,1
asuka,1
crypto,1
coin,1
dude,1
wans,1
shoals,1
nitro,1
recruit,1
loges,1
ance,1
taipei,1
phases,1
misr,1
stores,1
cuentos,1
announcement,1
kofi,1
hamas,1
krla,1
leone,1
gabriele,1
mara,1
kuip,1
cattle,1
ronne,1
vinca,1
mobil,1
lasso,1
racing,1
ericsson,1
everest,1
centric,1
nunc,1
heal,1
dyna,1
spag,1
tavy,1
gott,1
dive,1
akon,1
arar,1
soap,1
tawa,1
heij,1
kagi,1
pyre,1
fontana,1
henriette,1
brooklyn,1
pasi,1
look,1
redid,1
ingredients,1
pole,1
danica,1
sixty,1
wool,1
holding,1
dine,1
electronic,1
marcella,1
flea,1
bakker,1
werke,1
omer,1
bader,1
usher,1
moor,1
burj,1
sinus,1
beth,1
bumi,1
sass,1
undo,1
bona,1
prakash,1
textiles,1
enddate,1
mitb,1
features,1
jobs,1
pomo,1
interior,1
donavan,1
mcdonald,1
commercial,1
guang,1
prone,1
asar,1
background,1
receiver,1
cancel,1
dail,1
paddle,1
laboratory,1
inlet,1
charley,1
milla,1
tiger,1
verified,1
hari,1
kimura,1
ridge,1
azmi,1
dvdp,1
yarn,1
fibers,1
miami,1
advanced,1
compliance,1
fold,1
gout,1
evey,1
platinum,1
ctype,1
pops,1
vino,1
polis,1
ware,1
justice,1
consultants,1
rose,1
eira,1
stra,1
tutu,1
warning,1
failure,1
sulzer,1
khei,1
gata,1
xmpp,1
thot,1
hamm,1
shipping,1
esprit,1
soph,1
objects,1
destin,1
mckinsey,1
london,1
barr,1
carlyle,1
yune,1
naye,1
chak,1
ruia,1
poly,1
hazel,1
leng,1
blanchard,1
olimpia,1
allstate,1
tsukuba,1
quantum,1
smiths,1
detection,1
htft,1
exam,1
kobe,1
candy,1
additives,1
commedia,1
injun,1
claes,1
largest,1
halifax,1
campaigns,1
bali,1
turner,1
wonderland,1
bakery,1
remind,1
healing,1
foss,1
authorization,1
forums,1
ahlen,1
stitches,1
honv,1
reps,1
hickey,1
felice,1
thul,1
brou,1
mansfield,1
alger,1
mash,1
sker,1
fuca,1
lodr,1
radius,1
react,1
ingres,1
nueva,1
bullock,1
riverside,1
favicon,1
trick,1
dabbed,1
nations,1
yoon,1
sufi,1
sata,1
osud,1
olen,1
enka,1
espa,1
idris,1
kish,1
kuro,1
dakar,1
mcbride,1
kyll,1
nama,1
jama,1
maison,1
coeur,1
vosges,1
tangs,1
leds,1
tbody,1
slap,1
bitcoin,1
oprah,1
sack,1
careers,1
cute,1
dinos,1
description,1
sharon,1
radian,1
blackboard,1
batch,1
mary,1
urban,1
maier,1
sawi,1
savannah,1
speaks,1
sisak,1
vodu,1
rtop,1
tude,1
cort,1
previously,1
kenya,1
shippers,1
architect,1
sela,1
aust,1
protein,1
millenium,1
crypt,1
slag,1
kinia,1
lows,1
mizo,1
inter,1
cored,1
ludwig,1
nster,1
wire,1
atco,1
weighing,1
shun,1
surya,1
kert,1
melon,1
ewer,1
dole,1
ffdddd,1
sgen,1
nkvd,1
yass,1
zedd,1
yoyo,1
hoth,1
yeti,1
tenta,1
russian,1
egypt,1
stuff,1
taxa,1
casino,1
roulette,1
execute,1
niter,1
quantity,1
bilbo,1
baggins,1
hazi,1
conway,1
wash,1
relief,1
saigon,1
pottery,1
rainbow,1
mantra,1
freenet,1
leading,1
chevron,1
dofe,1
taro,1
decora,1
dalian,1
huan,1
plywood,1
creator,1
papd,1
aery,1
scout,1
mair,1
liza,1
dixon,1
oost,1
