google,2258
point,1435
share,1402
blogspot,1358
spot,1203
host,975
apis,644
valencia,461
rooms,441
cheap,436
free,415
cloud,394
online,294
office,291
india,282
user,281
plus,260
content,244
tech,231
anti,224
info,214
code,213
forms,206
site,205
just,204
park,203
sandbox,189
liza,183
secure,181
shop,180
home,178
mobile,177
three,173
live,172
sites,165
fire,161
hair,160
paypal,158
support,158
south,154
dario,152
association,150
bank,149
digital,147
studio,144
base,141
group,140
publishers,138
link,137
county,136
classified,130
print,127
your,126
house,126
login,124
space,119
green,119
service,118
star,116
auto,113
fitness,112
hostel,111
steam,111
play,109
academy,109
store,108
zone,107
sena,105
rafi,105
domain,104
royal,104
account,103
node,102
skin,101
corner,100
asai,100
brand,99
media,96
anne,96
sticker,96
more,95
look,95
access,94
travel,93
duck,92
care,91
server,91
port,91
card,90
security,89
form,89
email,89
system,88
trono,87
demo,86
help,84
labs,84
promo,84
taiji,84
shen,84
urge,84
obili,84
sport,81
hard,81
soft,80
design,78
mail,77
life,77
istanbul,77
bandung,77
clinic,76
nordic,76
settings,76
fraud,74
trade,74
services,72
preview,72
fader,72
chase,71
solutions,71
line,71
hosting,71
touch,71
billing,70
aces,70
bethesda,70
gaming,69
ivani,69
send,68
serve,68
colombia,68
grid,66
love,66
iron,66
client,66
move,66
tinyurl,65
business,65
city,65
post,64
hotels,64
international,64
kids,64
pontos,63
center,63
click,63
lanc,63
global,62
engineers,62
spring,62
apple,62
segura,61
dream,61
where,60
power,60
druga,60
iskra,60
hotel,59
credit,59
klan,59
thankyou,58
fitzpatrick,58
baby,57
blue,57
senka,57
zona,56
club,56
cool,56
dara,56
marathon,56
ovid,55
wire,55
prime,55
phone,55
world,55
time,55
nakagawa,55
real,54
sign,54
news,54
properties,53
glitch,53
grupo,53
locksmith,53
tron,53
creek,53
conservation,53
mumbai,52
bison,52
best,52
east,52
blog,52
odesa,52
ncel,52
recovery,51
website,51
alfa,51
agency,50
dragon,50
express,50
america,50
casa,50
colegio,49
hits,49
cell,49
light,49
epic,49
moon,48
ages,48
tumblr,48
nari,48
page,47
ella,47
portal,47
alte,47
official,46
designs,46
apps,46
kisa,46
accurate,46
parlour,46
ever,45
dinosaur,45
restaurant,45
sports,44
verde,44
update,44
toscana,44
quita,44
grow,44
zane,44
data,43
villas,43
root,43
land,43
quite,43
speed,43
amazon,42
mall,42
trust,42
mili,42
textil,42
maps,41
capital,41
estate,41
check,41
image,41
farm,41
dating,41
test,40
comp,40
black,40
centre,40
desi,40
endo,40
kuro,40
noye,40
find,40
some,40
liker,40
maga,39
survey,39
registro,39
event,39
heart,39
control,39
blind,39
absh,39
redirect,38
team,38
living,38
mont,38
ritter,37
consulting,37
photography,37
html,37
nature,37
book,37
treasures,37
webs,37
pass,37
copy,37
maria,37
polk,37
photo,36
family,36
health,36
chach,36
oficina,36
active,36
what,36
logistics,36
magazine,36
marble,36
transfer,36
metal,36
depot,36
direct,36
finish,36
investments,36
loans,35
adam,35
alert,35
skill,35
nova,35
voce,35
creator,35
press,35
type,35
amel,34
bonus,34
outlet,34
internet,34
ones,34
actual,34
revolution,34
regis,34
personal,34
eden,34
peace,34
bridgeport,34
inspection,34
olen,34
proxy,34
banking,34
golf,34
chet,33
edit,33
france,33
comuni,33
contact,33
ocean,33
china,33
kiss,33
baltic,32
surya,32
movia,32
creative,32
supports,32
reviews,32
cent,32
jewelry,32
youtube,32
hales,32
television,32
rocky,32
savi,32
curs,31
drilling,31
holi,31
track,31
telecom,31
rvis,31
aqua,31
verus,31
component,31
snip,31
medical,31
antiques,31
history,31
luiz,30
godaddy,30
sins,30
marketing,30
para,30
insta,30
azure,30
websites,30
school,30
ting,30
plant,30
fast,30
ment,30
valley,30
coaching,30
gaugh,30
bancroft,30
beta,29
times,29
electrical,29
entrance,29
vision,29
netflix,29
sales,29
near,29
though,29
spaces,29
allow,29
daily,29
games,29
lead,29
premier,29
confirm,28
jain,28
film,28
yoga,28
bara,28
james,28
logo,28
spectral,28
benson,28
enterprises,28
katsura,28
guro,28
berate,28
moura,28
present,28
easy,28
harm,28
honey,28
static,28
verify,27
build,27
gamba,27
temporary,27
foundation,27
events,27
mold,27
lite,27
finance,27
tree,27
healthy,27
thanh,27
company,27
rentals,27
positioning,27
nation,27
desc,26
customer,26
pole,26
temp,26
daniele,26
from,26
offer,26
brasil,26
arts,26
class,26
spirit,26
financial,26
dung,26
evolution,26
elegant,26
safaris,26
impact,26
smart,25
animal,25
runescape,25
skins,25
little,25
market,25
ruiz,25
tani,25
drive,25
naturals,25
orientation,25
laws,25
natural,25
water,25
vero,25
lone,25
sanitation,25
luxury,24
bell,24
gate,24
windows,24
kraft,24
novo,24
associates,24
master,24
supplies,24
saar,24
cede,24
works,24
fruit,24
seed,24
spartan,24
surveying,24
color,24
hospital,24
clay,24
list,24
nights,24
stuff,24
floors,24
euro,24
cosm,24
monitor,24
geli,24
jundiai,24
case,24
used,24
inter,24
fresh,24
coal,24
phoenix,24
marc,24
bill,23
network,23
cats,23
beat,23
trans,23
even,23
vasa,23
ques,23
kham,23
wild,23
builder,23
buzz,23
york,23
shape,23
ufer,23
agri,23
music,22
chid,22
seventy,22
legal,22
reflections,22
marseille,22
next,22
river,22
forum,22
hart,22
technology,22
aegis,22
electric,22
coyne,22
nile,22
enterprise,22
payroll,21
safety,21
steven,21
kuri,21
realty,21
limited,21
interior,21
person,21
astro,21
wave,21
hail,21
investment,21
charleston,21
prom,21
aria,21
gordon,21
flow,21
centro,21
rome,21
indian,21
cafe,21
videos,21
chris,21
monte,21
forklift,21
kira,21
lama,21
american,20
hosted,20
genovese,20
vande,20
delgado,20
energy,20
mere,20
livery,20
stables,20
connect,20
hedin,20
king,20
stem,20
force,20
guide,20
open,20
tura,20
gram,20
travels,20
brad,20
windsurf,20
capetown,20
charlotte,20
raine,20
bravo,20
planet,20
insight,20
microsoft,20
dent,20
area,20
gems,20
tori,20
jami,20
tutors,20
stra,20
commerce,20
ducks,20
copiers,20
austin,20
veda,20
tion,20
decatur,20
florent,20
soul,20
child,20
jalisco,19
item,19
nagar,19
expert,19
grand,19
cont,19
tiny,19
diesel,19
fert,19
action,19
medic,19
course,19
hyper,19
unit,19
consult,19
viva,19
have,19
haus,19
cacao,19
made,19
dade,19
trend,19
fact,19
steel,19
education,19
mate,19
guia,19
iran,19
property,19
wheels,19
logan,19
boot,19
ology,19
will,19
full,19
cons,19
board,19
ffff,19
tike,19
twin,19
linux,18
studios,18
elevator,18
cast,18
systems,18
improve,18
perfect,18
thai,18
printing,18
islam,18
editing,18
lorenz,18
high,18
rock,18
admin,18
long,18
technologies,18
deals,18
science,18
excel,18
jakarta,18
coins,18
khan,18
college,18
software,18
vases,18
antara,18
soccer,18
verga,18
landscaping,18
pack,18
simply,18
band,18
constant,18
wudu,18
lang,18
island,18
jolly,18
cham,18
party,18
crafting,18
advocate,18
balance,17
taxi,17
alpha,17
baba,17
magic,17
sale,17
sistema,17
transportation,17
kind,17
micro,17
maru,17
gifts,17
tiles,17
removal,17
name,17
mega,17
restore,17
clean,17
pica,17
over,17
after,17
solar,17
joint,17
remy,17
solution,17
barr,17
kick,17
range,17
alliance,17
korea,17
honda,17
deck,17
split,17
wind,17
mission,17
bath,17
repair,17
veep,17
luci,17
computer,17
timothy,17
chan,17
engineering,17
ciel,16
wall,16
note,16
mati,16
bazar,16
cake,16
foto,16
modulo,16
arena,16
asia,16
credits,16
accounts,16
merry,16
charm,16
bitcoin,16
odessa,16
clube,16
radio,16
moat,16
total,16
kech,16
plastic,16
general,16
double,16
walker,16
view,16
riel,16
days,16
mike,16
profit,16
hara,16
burg,16
chur,16
queen,16
saba,16
ranking,16
tudo,16
pandora,16
brig,16
membership,16
moto,16
profiler,16
coms,16
torch,16
precious,16
spake,16
ration,16
dich,16
super,16
belo,16
peru,16
pedia,16
tude,16
protour,16
tucson,16
hispanic,16
chamber,16
castro,16
wash,16
conf,16
gurgaon,16
trix,16
pian,16
coupon,16
jenkins,16
path,16
performance,16
likes,16
equipment,16
mint,16
oral,16
giveaways,16
tires,16
buddy,16
tobi,16
dong,16
fantastic,16
nder,16
jerez,16
keto,16
enquiry,16
mary,16
patio,16
pedro,15
aliz,15
coffee,15
dental,15
carrier,15
postal,15
electronics,15
straining,15
foam,15
banco,15
indo,15
coin,15
themes,15
radar,15
alumni,15
prove,15
martin,15
snow,15
bright,15
steeping,15
movie,15
ports,15
erst,15
ring,15
strat,15
able,15
watson,15
headquarters,15
hour,15
union,15
payment,15
motors,15
barre,15
video,15
choice,15
futbol,15
myst,15
combat,15
drop,15
novel,15
ance,15
colorado,15
decor,15
stop,15
bucks,15
english,15
bulldogs,15
gold,15
gera,15
budget,15
rose,15
error,15
infant,15
bonnet,15
tics,15
register,15
vida,15
plow,15
only,15
projekt,15
zuki,15
refund,14
ambr,14
wealth,14
dynamic,14
serie,14
resources,14
wiki,14
that,14
stream,14
mart,14
work,14
waterproofing,14
blessings,14
bangkok,14
jeane,14
vita,14
ical,14
shade,14
tours,14
drywall,14
tele,14
restrictions,14
yuan,14
cart,14
ascari,14
mein,14
train,14
introductions,14
start,14
usada,14
number,14
patty,14
cleaning,14
consultancy,14
marcelo,14
mind,14
catalog,14
iphone,14
buyer,14
chrome,14
nepal,14
nationwide,14
insulation,14
machine,14
consul,14
webpages,14
alum,14
clear,14
talk,14
casas,14
cancel,14
operation,14
wood,13
villa,13
linear,13
mobility,13
culture,13
amend,13
chile,13
dati,13
shops,13
rent,13
nuage,13
ores,13
gift,13
review,13
archive,13
tone,13
chia,13
vina,13
sushi,13
roads,13
token,13
pens,13
expeditions,13
ridge,13
jobs,13
kristy,13
bole,13
ties,13
make,13
than,13
clothing,13
corporation,13
infinite,13
lena,13
lyon,13
graf,13
style,13
stack,13
delights,13
masc,13
sonic,13
kitchen,13
cano,13
vent,13
toronto,13
laurel,13
experts,13
anthony,13
masters,13
horizon,13
cone,13
nothing,13
jane,13
jackson,13
pride,13
getz,13
banks,13
polymers,13
porte,12
corre,12
agora,12
rage,12
infect,12
invest,12
trading,12
retro,12
karo,12
insurance,12
society,12
training,12
babi,12
podcast,12
ruben,12
modo,12
shirt,12
woody,12
stan,12
supply,12
thailand,12
diary,12
crimson,12
qatar,12
ation,12
yall,12
scam,12
earn,12
parking,12
dark,12
andrea,12
eros,12
yellow,12
sparrow,12
booked,12
boarding,12
rani,12
toque,12
sweet,12
felt,12
santa,12
ideas,12
project,12
forge,12
khalid,12
ling,12
mass,12
carbon,12
hale,12
delivery,12
deli,12
setup,12
chai,12
lberg,12
bulk,12
kosher,12
fence,12
omoto,12
suzuki,12
haiphong,12
rachel,12
webmail,12
pure,12
bunk,12
youth,12
therian,12
slab,12
viet,12
camp,12
marin,12
films,12
portraits,12
vacation,12
ident,12
farmers,12
development,12
pressure,12
cooker,12
greens,12
when,12
nist,12
extra,12
field,12
early,12
detection,12
citizen,12
ninja,12
strato,12
galas,12
cure,12
curves,12
california,12
fund,12
bali,12
giveaway,12
paper,12
montgomery,12
molde,12
medicine,12
pucks,12
drej,12
visions,12
avit,12
raka,12
saws,12
arrow,12
vila,12
wheel,12
driver,12
graffiti,12
deco,12
shat,12
tenne,12
ogle,12
mill,12
peaceful,12
elect,12
tsuzuki,12
bodyline,12
electricity,12
horse,12
freaky,12
league,12
daniel,12
pest,12
lorin,12
rudi,12
prof,12
kens,12
onsite,12
isabella,12
jacinto,12
innovative,12
iptv,12
jamie,12
furniture,12
stanislaus,12
grown,12
adventure,12
concept,12
feel,12
xuan,12
assist,12
heal,12
amigos,12
doped,12
strong,12
sloane,12
hyde,12
scrap,12
escape,12
else,12
dennis,12
labb,12
trips,12
fico,12
cache,12
thrifty,12
formals,12
janesville,12
gran,12
prix,12
ashland,12
secured,12
reso,12
domes,12
jake,12
management,12
block,11
emus,11
hire,11
vici,11
dados,11
local,11
priv,11
vili,11
laban,11
housing,11
limites,11
ikon,11
butler,11
records,11
bots,11
game,11
omne,11
surf,11
desk,11
documents,11
dubai,11
give,11
anna,11
inspire,11
arch,11
mania,11
tour,11
erin,11
create,11
painting,11
odon,11
quint,11
aldi,11
mondo,11
tackle,11
plan,11
clients,11
born,11
metro,11
face,11
todos,11
library,11
freedom,11
southern,11
room,11
uncle,11
dana,11
aruba,11
alger,11
kindle,11
flor,11
mile,11
counter,11
mercado,11
links,11
happiness,11
file,11
ster,11
truck,11
adas,11
pros,11
ultra,11
found,11
paint,11
moot,11
wine,11
maxie,11
cami,11
vivo,11
rava,11
extreme,11
omer,11
plat,10
chain,10
panel,10
tronic,10
provider,10
simple,10
kaba,10
neri,10
verification,10
hans,10
mama,10
corona,10
hand,10
reliable,10
shared,10
trui,10
dialog,10
west,10
lake,10
secret,10
paving,10
kang,10
fish,10
dance,10
carpet,10
brain,10
duluth,10
arty,10
aviation,10
salomon,10
hospitality,10
cannabis,10
central,10
char,10
cute,10
call,10
mediterranean,10
lighthouses,10
suda,10
major,10
mali,10
consultants,10
wallet,10
document,10
craft,10
step,10
cert,10
celtic,10
medo,10
couvre,10
vibe,10
assistance,10
notice,10
playing,10
parcel,10
great,10
traders,10
castle,10
sambas,10
poli,10
racing,10
suisse,10
gratis,10
automation,10
bano,10
beauty,10
lines,10
loves,10
sara,10
frank,10
factory,10
dryer,10
birr,10
alen,10
hands,10
hydro,10
doctor,10
advanced,10
with,10
constructions,10
rico,10
cities,10
africa,10
word,10
wellness,10
london,10
comers,10
place,10
walk,10
midland,10
upload,10
schmitt,10
haya,10
jesus,10
highschool,10
files,10
treasure,10
herr,10
highbrow,10
walton,10
jones,10
borso,10
corp,10
assad,10
kassab,10
bombay,10
cargo,9
constructor,9
sega,9
show,9
depart,9
custom,9
salvation,9
bible,9
paulista,9
ness,9
virtual,9
mira,9
modern,9
royalty,9
professional,9
techno,9
banca,9
cover,9
plans,9
polar,9
unite,9
cabell,9
brown,9
getaway,9
berg,9
production,9
pharmacy,9
details,9
mobil,9
wordpress,9
telekom,9
aura,9
classic,9
tama,9
oasis,9
seek,9
refuge,9
captcha,9
future,9
scotiabank,9
marietta,9
billiard,9
luis,9
rafael,9
sparks,9
firehouse,9
community,9
coupons,9
ebay,9
designers,9
deal,9
kita,9
institute,9
chat,9
quil,9
roofing,9
bella,9
thomas,9
sigma,9
tobin,9
pool,9
brea,9
first,9
cine,9
food,9
tell,9
bene,9
azadi,9
aromatic,9
think,9
kani,9
makkah,9
girls,9
garden,9
persian,9
ortho,9
stat,9
oder,9
exotic,9
mejor,9
raff,9
tavares,9
biotech,9
moci,9
schr,9
kavi,9
cort,9
prepaid,9
inika,9
atlanta,9
mask,9
goodies,9
courtenay,9
edge,9
gonzalez,9
barrera,9
paka,9
ense,9
companies,9
march,9
fend,9
clamp,9
leathers,9
shinai,9
starter,9
brahmin,9
asian,9
barros,9
delimit,9
chicks,9
race,9
need,9
como,9
nursery,9
carrefour,9
bling,9
uniforms,9
trends,9
destination,9
indiana,9
tora,8
aral,8
locked,8
logi,8
prev,8
venue,8
guard,8
feed,8
sound,8
roof,8
glory,8
ghana,8
corn,8
http,8
venda,8
messe,8
manuel,8
fernando,8
street,8
debate,8
auction,8
boost,8
profiles,8
leadership,8
sorento,8
dine,8
hous,8
lala,8
sings,8
report,8
opera,8
valid,8
information,8
aspire,8
tiling,8
prepared,8
diva,8
period,8
minar,8
ensemble,8
trades,8
provenance,8
daddy,8
citigroup,8
appin,8
ratt,8
fashion,8
esso,8
kingdom,8
affiliate,8
smile,8
atelier,8
finesse,8
diet,8
stic,8
kada,8
festa,8
lichtenstein,8
jalan,8
styles,8
session,8
hide,8
partner,8
poland,8
coolers,8
lept,8
terms,8
mandala,8
shoulder,8
medell,8
heroine,8
mckenzie,8
detroit,8
flea,8
tung,8
coutts,8
amazing,8
cero,8
wage,8
ronald,8
poster,8
distro,8
monc,8
academia,8
skyline,8
among,8
everything,8
knows,8
pram,8
being,8
artfully,8
restless,8
engel,8
forme,8
agencia,8
smith,8
personnal,8
cape,8
piper,8
topeka,8
lodging,8
rishon,8
corfu,8
iala,8
chanel,8
loge,8
caco,8
worldwide,8
ward,8
saipa,8
tico,8
courses,8
passion,8
motor,8
helper,8
crema,8
trias,8
bear,8
concepts,8
diamonds,8
before,8
money,8
updates,8
financier,8
pinta,8
chesley,8
gray,8
device,8
bhatt,8
acharya,8
hack,8
burke,8
miguel,8
doodle,8
baseball,8
bastion,8
dorf,8
neck,8
marine,8
valle,8
marquee,8
router,8
pushkin,8
stilo,8
cour,8
liquid,8
barra,8
consultation,8
subscriber,8
theatre,8
nightvision,8
android,8
covers,8
mika,8
gutter,8
pixel,8
heaven,8
greenery,8
arte,8
paisa,8
gismo,8
leer,8
carpel,8
everest,8
mercia,8
yorkshire,8
stars,8
premium,8
strength,8
based,8
boards,8
citi,8
neto,8
blitz,8
bathroom,8
harri,8
rural,8
ferreira,8
multi,8
temperature,8
part,8
professionals,8
august,8
discount,8
crack,8
eagle,8
webster,8
door,8
rede,8
sardine,8
benefit,8
gros,8
prayers,8
ciar,8
down,8
collagen,8
strokes,8
transit,8
minh,8
stereo,8
brian,8
simba,8
naval,8
lions,8
esse,8
less,8
shri,8
beautiful,8
everyday,8
susa,8
mars,8
avenues,8
anca,8
pumps,8
vast,8
jokes,8
pays,8
missions,8
hank,8
superior,8
brilliant,8
boke,8
rapture,8
avenue,8
tecnol,8
town,8
flight,8
elan,8
imperial,8
earth,8
changers,8
thane,8
gaston,8
kiev,8
insular,8
pimp,8
maroc,8
aram,8
icky,8
corin,8
andrew,8
carr,8
unique,8
doncaster,8
ante,8
blew,8
lucky,8
brains,8
tesh,8
hrer,8
riess,8
voip,8
camps,8
bayou,8
badges,8
freak,8
kardec,8
mccarthy,8
fluid,8
accountants,8
piano,8
tuning,8
parque,8
awami,8
perk,8
portfolio,8
bees,8
randy,8
laguna,8
grotte,8
senza,8
lada,8
teat,8
diaries,8
outsourcing,8
rang,8
maine,8
jair,8
limitless,8
veterans,8
curia,8
dosa,8
proxima,8
embroidery,8
grab,8
freight,8
ether,8
chopsticks,8
ishta,8
anim,8
tales,8
stay,8
silent,8
beach,8
lowe,8
lifetime,8
berkshire,8
gameplay,8
soraya,8
this,8
tokyo,8
fork,8
garfield,8
exclusive,8
vegan,8
brewing,8
chekhov,8
pedal,8
paws,8
erda,8
wert,8
shalom,8
shortest,8
route,8
karate,8
afrika,8
john,8
welfare,8
miki,8
ager,8
mahogany,8
waters,8
trio,8
twister,8
kunst,8
pris,8
antz,8
fuerte,8
carnac,8
hurtado,8
cera,8
roomed,8
rattan,8
fabbri,8
panoz,8
epoc,8
autism,8
enjoyment,8
zama,8
philip,8
taskforce,8
stitch,8
glass,8
horses,8
savage,8
conquest,8
past,8
students,8
garhi,8
matrimonial,8
interesting,8
exchange,8
dictionary,8
avena,8
trauma,8
caspian,8
welding,8
dudu,8
hydrolyze,8
utility,8
starts,8
jeffrey,8
xion,8
dermal,8
confr,8
core,8
graph,8
moro,8
garten,8
tami,8
tila,8
muller,8
fidel,8
mush,8
bras,8
guyana,8
tempor,8
hentai,8
tanzania,8
cameroon,8
metrolink,8
nter,8
raze,8
laye,8
brazil,7
raid,7
activity,7
square,7
advisory,7
sharp,7
manage,7
cyber,7
lost,7
mahar,7
doors,7
lili,7
albert,7
bangla,7
crews,7
caps,7
books,7
arias,7
thought,7
moore,7
mack,7
campaign,7
source,7
today,7
adler,7
original,7
dwarka,7
durga,7
samiti,7
sons,7
kite,7
maurice,7
prod,7
emil,7
construction,7
vitamin,7
church,7
apart,7
temple,7
nazim,7
converse,7
polska,7
mita,7
mian,7
gotha,7
chic,7
vidal,7
prefer,7
happy,7
computers,7
within,7
graphics,7
know,7
troi,7
arina,7
vidi,7
builders,7
huni,7
rakyat,7
fiore,7
contract,7
chun,7
pediatric,7
practice,7
mode,7
pies,7
breech,7
sutton,7
johnson,7
ledger,7
orlando,7
mountain,7
therapy,7
ahmad,7
prop,7
reset,7
gmail,7
ellen,7
integral,7
minnesota,7
hungarians,7
facebook,7
kyda,7
brim,7
greet,7
garage,7
surge,7
preschool,7
realtors,7
montana,7
brew,7
avon,7
reins,7
starling,7
loyalty,7
brothers,7
collection,7
wallets,7
sustainable,7
hope,7
leads,7
machinery,7
kongo,7
condor,7
attack,7
gamma,7
ller,7
robert,7
names,7
display,7
reality,7
spectrum,7
loot,7
longue,7
hello,7
fuze,7
good,7
khabar,7
gates,7
drops,7
pansy,7
linx,7
solid,7
technical,7
nations,7
nine,7
powered,7
pages,7
tips,7
dock,7
bala,7
cobb,7
hygiene,7
oath,7
reveller,7
motorist,7
estrela,7
nasi,7
musical,7
braun,6
rental,6
gens,6
nitra,6
department,6
dome,6
gizmo,6
spider,6
arms,6
song,6
tasty,6
guns,6
gruppo,6
bursa,6
rului,6
tokens,6
dentistry,6
geeks,6
david,6
richel,6
transport,6
beer,6
mage,6
problem,6
workshop,6
payed,6
discovery,6
tools,6
gigs,6
pearl,6
want,6
alton,6
kuen,6
ennor,6
designer,6
last,6
amanti,6
embassy,6
people,6
seine,6
carta,6
lifestyle,6
poste,6
crime,6
festival,6
meetings,6
salon,6
winds,6
paul,6
salda,6
instituto,6
sura,6
kiya,6
kozo,6
protection,6
sion,6
plumbing,6
packaging,6
booking,6
tara,6
channel,6
prot,6
cote,6
huseyn,6
notifications,6
onclick,6
elite,6
smiles,6
publication,6
docs,6
azzurro,6
emergency,6
titles,6
viking,6
shan,6
crea,6
totally,6
dashboard,6
hobby,6
rite,6
europe,6
linked,6
front,6
mula,6
lind,6
conditioning,6
young,6
coco,6
teaching,6
read,6
cleanse,6
heavenly,6
eminent,6
summa,6
goods,6
tops,6
nets,6
zara,6
building,6
join,6
mario,6
seco,6
comfort,6
profile,6
ambient,6
naka,6
mist,6
tente,6
mykonos,6
keun,6
interac,6
highway,6
mata,6
grateful,6
dahl,6
azeri,6
fest,6
date,6
study,6
makeover,6
karen,6
connection,6
fedex,6
dafa,6
experience,6
novin,6
discover,6
starr,6
lawyers,6
gulf,6
patrick,6
prima,6
moderno,6
tank,6
followers,6
body,6
makers,6
manchester,6
kers,6
productions,6
delhi,6
electro,6
tuck,6
mach,6
signal,6
snipe,6
gurudev,6
devin,6
gala,6
fort,6
amun,6
cinemas,6
imagine,6
lora,6
leading,6
blom,6
dons,6
spread,6
boom,6
koku,6
effy,6
dinh,6
alexandre,6
salad,6
divina,6
yang,6
fiduciary,6
focus,6
battery,6
olivia,6
myles,6
guillermo,6
vigilant,6
kona,6
pulau,6
kome,6
avoid,6
liberty,6
tracking,6
gana,6
nero,6
divi,6
karr,6
liber,6
arab,6
guitar,6
pour,6
utilities,6
ravi,6
lapa,6
codec,6
pati,6
harts,6
army,6
domestic,6
picnic,6
ustad,6
cayo,6
arap,6
eastview,6
wain,6
confirms,6
nikki,6
nash,6
orcs,6
guest,6
pater,6
plata,5
hikari,5
laboratories,5
maha,5
gosh,5
brite,5
kuwait,5
fargo,5
bang,5
bren,5
genesis,5
audio,5
marais,5
eedc,5
feliz,5
tavi,5
there,5
diem,5
stand,5
safe,5
colm,5
pizza,5
peso,5
large,5
adores,5
camargo,5
like,5
shang,5
hormone,5
francisco,5
must,5
guri,5
alter,5
mahi,5
osma,5
quia,5
angel,5
william,5
griffin,5
troy,5
lydia,5
hemp,5
hari,5
sagan,5
lier,5
hazen,5
roku,5
gama,5
frog,5
reebok,5
drone,5
tennis,5
colt,5
newsy,5
hawks,5
sporty,5
chen,5
bapu,5
acad,5
north,5
rack,5
limit,5
organic,5
marriage,5
owicz,5
gator,5
lovers,5
hill,5
polymer,5
massa,5
plane,5
wyoming,5
limitations,5
rong,5
nemzeti,5
wear,5
municipal,5
bosque,5
corpora,5
ions,5
hartford,5
pine,5
fall,5
earning,5
cultural,5
francois,5
nema,5
santorini,5
kasel,5
classe,5
represent,5
facts,5
short,5
amos,5
mirrors,5
twitter,5
kiwi,5
polo,5
muslim,5
breaking,5
price,5
competition,5
networks,5
whistler,5
shire,5
pedestal,5
deir,5
kesler,5
redi,5
krishna,5
serrano,5
melbourne,5
cest,5
doge,5
suites,5
joaquin,5
shav,5
prophet,5
mussy,5
clever,5
reward,5
jaya,5
vintage,5
gosnell,5
podiatry,5
paro,5
raul,5
jagex,5
laka,5
rises,5
crystal,5
genie,5
matter,5
vivien,5
plug,5
seda,5
vend,5
costa,5
atta,5
late,5
aude,5
lude,5
nanda,5
holiday,5
architecture,5
produce,5
vere,5
slick,5
inka,5
monkey,5
keys,5
metals,5
veranda,5
graphic,5
nard,5
canines,5
tutor,5
troops,5
agne,5
whiteness,5
sleep,5
ohio,5
facets,5
giza,5
aimed,5
boys,5
ebook,5
rida,5
recon,5
dunes,5
massage,5
firma,5
juri,5
bahia,5
partners,5
roll,5
lean,5
niza,5
mast,5
slam,5
analyzer,5
beats,5
rheinland,5
cang,5
betas,5
trace,5
lula,5
better,5
zhou,5
tenet,5
negara,5
sydney,5
premi,5
tool,5
staff,5
boxer,5
leather,5
alma,5
alexandria,5
hubs,5
views,5
deena,5
stone,5
learning,5
matters,5
listings,5
months,5
purl,5
millionaires,5
herb,5
consults,5
astrological,5
scene,5
funding,5
galapagos,5
hacker,5
believe,5
payers,5
manager,5
plantes,5
users,5
mantle,5
million,5
commercial,5
strip,5
developer,5
take,5
rdis,5
dude,5
window,5
installation,5
hund,5
magnus,5
haiti,4
tooling,4
toko,4
racha,4
rama,4
walkin,4
truth,4
identical,4
hormones,4
corpus,4
christi,4
kola,4
baku,4
universidade,4
laxmi,4
tray,4
tier,4
wholesale,4
agreement,4
papa,4
well,4
done,4
lombard,4
resort,4
product,4
corroborations,4
scorer,4
universal,4
varied,4
ades,4
herbs,4
devices,4
crusade,4
hannover,4
volunteer,4
steamers,4
fortunes,4
designing,4
trail,4
radi,4
kele,4
shoes,4
leto,4
vodafone,4
genial,4
vans,4
koop,4
erat,4
fever,4
lady,4
cavendish,4
worth,4
circle,4
notes,4
rishis,4
passenger,4
mystical,4
tradition,4
lacey,4
perspective,4
urls,4
plays,4
flav,4
cassa,4
cedric,4
elementum,4
wels,4
ileum,4
kevin,4
keppel,4
fees,4
brunch,4
valet,4
schiphol,4
glow,4
privacy,4
mentor,4
esthetic,4
neve,4
indoor,4
verge,4
against,4
choon,4
snack,4
method,4
specialist,4
arnhem,4
cult,4
groot,4
elst,4
twerp,4
zeke,4
rings,4
kanto,4
smit,4
wilde,4
westen,4
mara,4
refresh,4
kaine,4
timeless,4
sunsets,4
lodges,4
australia,4
sumi,4
notification,4
nong,4
bobby,4
veer,4
barclays,4
ndia,4
asic,4
sneakers,4
allied,4
cells,4
cols,4
executive,4
odeo,4
jira,4
diagnostics,4
chino,4
puma,4
killington,4
chukka,4
forces,4
jose,4
collective,4
chul,4
groupe,4
human,4
movement,4
geary,4
bush,4
ional,4
patterson,4
asari,4
servos,4
stays,4
finest,4
atlantique,4
encino,4
plumber,4
nutrients,4
yacht,4
ministries,4
windmills,4
timber,4
soria,4
walters,4
alters,4
paleo,4
explained,4
norway,4
sochi,4
arial,4
projects,4
artist,4
term,4
famiglia,4
reliance,4
ahmed,4
leap,4
techs,4
hind,4
christina,4
creates,4
spar,4
careers,4
hydra,4
phan,4
tawee,4
luxurious,4
each,4
activation,4
diyar,4
casual,4
baud,4
tourist,4
yank,4
eric,4
limpio,4
alerts,4
shiv,4
hare,4
freed,4
aranda,4
unies,4
hours,4
auger,4
harith,4
jaffe,4
sent,4
rate,4
mers,4
seller,4
doer,4
sacs,4
teen,4
hameed,4
issues,4
avalon,4
bags,4
cosmetic,4
bury,4
smoke,4
karma,4
vink,4
canyon,4
sweden,4
harder,4
hora,4
shiner,4
hong,4
dari,4
destructive,4
jethro,4
knife,4
lede,4
lamp,4
amherst,4
viral,4
ning,4
papaya,4
yarn,4
fireside,4
lodge,4
prestige,4
flats,4
khanda,4
milly,4
fame,4
byte,4
fotos,4
seat,4
amsa,4
ople,4
itchy,4
rich,4
grey,4
kennels,4
mailer,4
ticket,4
formation,4
arad,4
juku,4
schule,4
nieder,4
rohr,4
gifted,4
ewha,4
neat,4
perfection,4
bach,4
chang,4
technic,4
galva,4
rburg,4
cordoba,4
mard,4
divorce,4
ghar,4
rost,4
rita,4
drew,4
chapin,4
bolan,4
glia,4
schoolhouse,4
monterrey,4
beast,4
football,4
giles,4
kate,4
yens,4
quran,4
peeps,4
gospel,4
asean,4
elastomers,4
maur,4
sant,4
sala,4
osud,4
landscape,4
opon,4
ventures,4
receivable,4
generation,4
casino,4
casona,4
aquinas,4
osem,4
capt,4
aldo,4
small,4
opinions,4
suki,4
madina,4
progressive,4
bark,4
meri,4
aest,4
fernanda,4
vieira,4
iris,4
crafts,4
glamour,4
nawaz,4
cruises,4
punk,4
topp,4
instant,4
traffic,4
internacional,4
lightweight,4
safran,4
feira,4
lingo,4
carlow,4
sitio,4
esque,4
camping,4
acer,4
pang,4
cameras,4
dabble,4
devo,4
summerhill,4
joys,4
fidelity,4
julie,4
chick,4
syne,4
quest,4
uber,4
andr,4
verdant,4
celestial,4
aver,4
rues,4
sint,4
mande,4
humani,4
bakery,4
fondant,4
collections,4
gabal,4
stele,4
escapes,4
adroit,4
constructive,4
abin,4
yuri,4
prat,4
exports,4
sicilian,4
santiago,4
portals,4
orthodox,4
hospitals,4
novae,4
flywheel,4
joker,4
bike,4
firewood,4
seminar,4
locales,4
welf,4
women,4
antares,4
hotmail,4
cedi,4
lancers,4
meso,4
download,4
dela,4
veronica,4
omicron,4
pomegranate,4
alders,4
vile,4
addy,4
nola,4
change,4
standard,4
chartered,4
dammam,4
margarita,4
challenge,4
align,4
chico,4
dumb,4
airlines,4
toll,4
ride,4
noob,4
count,4
hodge,4
pray,4
cambia,4
limits,4
natal,4
clash,4
dling,4
freie,4
begin,4
sunglasses,4
shell,4
doom,4
scar,4
seigneur,4
cento,4
lion,4
photographers,4
acqua,4
delio,4
poul,4
save,4
photos,4
fran,4
destin,4
skis,4
vinci,4
studi,4
asar,4
accept,4
franchise,4
rfid,4
stress,4
depression,4
swami,4
narayan,4
airport,4
aztec,4
fathers,4
abdul,4
ecker,4
insch,4
nouvelle,4
aquitaine,4
terrain,4
amigo,4
havre,4
promised,4
lint,4
hero,4
homes,4
caregiver,4
nozze,4
nairobi,4
stargate,4
pipe,4
achille,4
gabriel,4
broad,4
paradise,4
raina,4
argus,4
rasp,4
dependable,4
adze,4
forums,4
cheshire,4
patios,4
truly,4
leone,4
liking,4
kristal,4
sanji,4
kumar,4
choices,4
cruz,4
dexter,4
wonder,4
helmets,4
etcetera,4
woman,4
trader,4
says,4
caring,4
medio,4
ales,4
indivisible,4
enclave,4
talking,4
letterbox,4
distribution,4
adarsh,4
clock,4
bunny,4
extensions,4
indra,4
lumina,4
elbow,4
woods,4
azul,4
pira,4
lund,4
zaco,4
indus,4
tickets,4
fortune,4
raymond,4
hines,4
elevate,4
ronco,4
unblock,4
replace,4
funk,4
uris,4
dost,4
tard,4
omani,4
maharaj,4
pete,4
miso,4
morris,4
worker,4
programm,4
revenue,4
employe,4
recycling,4
corps,4
spree,4
tomo,4
excavators,4
goat,4
meer,4
bravery,4
sexy,4
bohol,4
paco,4
boats,4
elam,4
alianza,4
ganesh,4
chemical,4
outdoor,4
pago,4
corrado,4
michele,4
baptism,4
luxe,4
cyprus,4
virginia,4
warriors,4
plants,4
mans,4
wayne,4
dale,4
marl,4
kashmir,4
packages,4
polaris,4
dish,4
elide,4
ppen,4
shrek,4
summer,4
millers,4
stain,4
belize,4
guides,4
muri,4
nord,4
pioneer,4
haji,4
melk,4
utica,4
dante,4
kwok,4
sews,4
merchant,4
purchase,4
lner,4
scuba,4
mamma,4
polder,4
exert,4
arros,4
russian,4
ballet,4
tonal,4
neboj,4
signum,4
generali,4
swenson,4
auctions,4
flights,4
mera,4
also,4
liman,4
coalesce,4
research,4
noble,4
eight,4
spector,4
phillips,4
eure,4
dial,4
astoria,4
militare,4
gundam,4
brander,4
kino,4
latina,4
overland,4
erzincan,4
wedding,4
monika,4
grint,4
reyes,4
kowhai,4
gamestop,4
neuron,4
curry,4
very,4
legit,4
sheet,4
manu,4
professor,4
izzi,4
message,4
gateway,4
sidus,4
jewellery,4
united,4
beyond,4
state,4
koper,4
brenner,4
journeyman,4
lender,4
zebra,4
couch,4
amid,4
abul,4
jika,4
shrunken,4
khali,4
infra,4
indeed,4
brom,4
orca,4
vonn,4
pardo,4
nomad,4
carte,4
harden,4
electronically,4
tyranni,4
prices,4
chin,4
mechanical,4
swam,4
correcter,4
isms,4
schwartz,4
maker,4
europ,4
autosport,4
tilda,4
magnolia,4
tort,4
jazzy,4
maid,4
pper,4
janis,4
diverse,4
buff,4
busybodies,4
zambia,4
laces,4
billings,4
tresa,4
enter,4
kojak,4
atlant,4
wise,4
geek,4
commitment,4
aptitude,4
rinc,4
fighter,4
succes,4
collect,4
lasso,4
cido,4
swallow,4
bitch,4
mime,4
bitty,4
rainbow,4
shale,4
zhen,4
connecter,4
cade,4
gresso,4
scurt,4
medias,4
lter,4
resource,4
stadium,4
seating,4
charts,4
buck,4
mothers,4
awakening,4
squeegee,4
busy,4
eclectic,4
fiddle,4
quant,4
itunes,4
generator,4
tale,4
trap,4
pier,4
gorilla,4
trim,4
lets,4
omsk,4
nica,4
capac,4
nita,4
lika,4
defend,4
clubs,4
whipped,4
ideal,4
caisse,4
citt,4
didier,4
hague,4
catalan,4
conseil,4
taki,4
marx,4
prize,4
ecole,4
lauri,4
ashley,4
burst,4
kaya,4
longd,4
drying,4
windsor,4
kanka,4
universe,4
mikula,4
alikes,4
booster,4
jimmy,4
johns,4
allegiance,4
sten,4
antwerpen,4
alkali,4
zing,4
interiors,4
suess,4
lamy,4
olde,4
plexus,4
escola,4
unison,4
churchill,4
dales,4
dean,4
jabal,4
gotti,4
ulloa,4
immigration,4
siam,4
acosta,4
keith,4
donde,4
roar,4
reactions,4
lima,4
burner,4
greg,4
endurance,4
ober,4
diario,4
tortuga,4
dien,4
replay,4
bugs,4
lisa,4
alaska,4
epos,4
igor,4
prizes,4
condos,4
props,4
tweet,4
luigi,4
avant,4
saal,4
chunky,4
melis,4
mede,4
suarez,4
associazione,4
bergamo,4
urbain,4
franco,4
ystein,4
spike,4
prussia,4
pump,4
interface,4
vada,4
courage,4
gara,4
doktor,4
squads,4
peacock,4
mambo,4
metric,4
tomsk,4
oops,4
traveling,4
reboot,4
kale,4
czar,4
thebes,4
damage,4
restoration,4
houston,4
flannel,4
mouth,4
oaks,4
iste,4
mica,4
movies,4
distinct,4
tenzin,4
britz,4
brot,4
carry,4
pennington,4
maze,4
turbo,4
surface,4
husky,4
roseville,4
braine,4
region,4
footprints,4
sting,4
talks,4
browski,4
vapor,4
refrigeration,4
casting,4
letter,4
rangel,4
lulu,4
ntsc,4
cobra,4
mining,4
cerci,4
lien,4
cash,4
sued,4
rollo,4
about,4
compliance,4
philippine,4
sedona,4
latn,4
lust,4
defense,4
giovanni,4
nashville,4
craig,4
decker,4
meister,4
steffen,4
hler,4
quay,4
pauls,4
dills,4
vetus,4
boston,4
jared,4
spaulding,4
henderson,4
bridle,4
antis,4
customers,4
moves,4
halifax,4
imps,4
welt,4
kilo,4
justus,4
kennel,4
author,4
adventures,4
delight,4
skateboards,4
sing,4
hosen,4
muda,4
saying,4
eneco,4
panama,4
folia,4
otto,4
prior,4
cross,4
chad,4
adela,4
poway,4
juan,4
dani,4
araucaria,4
kenai,4
kiri,4
duffy,4
wholesalers,4
judith,4
leoni,4
chung,4
trag,4
grime,4
tiers,4
martinique,4
laser,4
publish,4
binary,4
load,4
abreu,4
wladyslaw,4
claas,4
murals,4
steve,4
kayak,4
florida,4
weddings,4
knotty,4
ambrose,4
court,4
stories,4
lobe,4
grass,4
shannon,4
tant,4
saga,4
mine,4
margot,4
psychotherapy,4
jian,4
shaven,4
gladiator,4
mala,4
riba,4
republic,4
baru,4
condo,4
owner,4
souvenirs,4
palace,4
drave,4
unico,4
acha,4
labelle,4
montagne,4
toxicity,4
alaskan,4
malamute,4
poll,4
acme,4
heinz,4
artur,4
lester,4
reparation,4
veronika,4
string,4
quartet,4
bull,4
wins,4
samar,4
harmon,4
blazey,4
grizzly,4
apparel,4
fuji,4
saran,4
nada,4
oven,4
christine,4
communication,4
baer,4
seven,4
teach,4
hobbit,4
ipsum,4
kelley,4
portable,4
cory,4
technique,4
british,4
readers,4
wives,4
zhang,4
cases,4
never,4
rium,4
ethic,4
mitra,4
distraction,4
ontario,4
investors,4
saddle,4
implants,4
tamara,4
scroll,4
canada,4
hillcrest,4
utah,4
gambled,4
fake,4
gallery,4
vietnam,4
stripe,4
lock,4
kama,4
spots,4
logs,4
switch,4
rkiye,4
tournaments,4
ways,4
agent,4
rubik,4
dota,4
guru,4
kulm,4
vidya,4
napa,4
chambers,4
quan,4
sander,4
apply,4
disability,4
koran,4
yuma,4
advent,4
audit,4
watch,4
physics,4
schools,4
liga,4
winter,4
balls,4
salgado,4
public,4
wolf,4
shopping,4
shift,4
fixing,4
datacenter,4
karn,4
creations,4
authenticate,4
hierro,4
caorle,4
debut,4
chak,4
fontes,4
miss,4
back,4
asua,4
around,4
vista,4
toriyama,4
accountant,4
vaan,4
knapp,4
jive,4
pastime,4
nang,4
benz,4
datos,4
smartphones,4
asse,4
caviar,4
kelp,4
soham,4
gods,4
hort,4
stato,4
flux,4
iwan,4
oracle,4
uncut,4
tina,4
second,4
adele,4
rocking,4
himachal,4
dame,4
engineer,4
coprime,4
capstone,4
basie,4
contra,4
arda,4
correa,4
bier,4
drag,4
gators,4
lateral,4
toke,4
tovar,4
runes,4
rodents,4
compare,4
nursing,4
mixtapes,4
matrix,4
phong,4
marbles,4
umer,4
checker,4
ender,4
cori,4
lenz,4
bane,4
ural,4
droitwich,4
deposit,4
creme,4
voter,4
cann,4
grind,4
mitchell,4
congress,4
poona,4
mishra,4
monica,4
porto,4
points,4
pirate,4
confirmation,3
develop,3
struct,3
elle,3
stickers,3
dias,3
counterfeit,3
globally,3
estro,3
parts,3
heritage,3
actinium,3
ramen,3
lift,3
noon,3
wells,3
ngers,3
shui,3
taal,3
teams,3
womens,3
brokers,3
prep,3
publishing,3
keep,3
diamond,3
const,3
shar,3
fars,3
varanus,3
crazy,3
medi,3
cynthia,3
nitro,3
slice,3
orion,3
marry,3
abba,3
jorn,3
urna,3
strategies,3
reporter,3
etudes,3
estado,3
asset,3
bangladesh,3
bose,3
keen,3
classroom,3
checkout,3
millions,3
talent,3
pasta,3
craigslist,3
wireless,3
abbr,3
nanny,3
values,3
warning,3
verified,3
pandu,3
idea,3
parti,3
italia,3
felicidade,3
reload,3
alba,3
animation,3
degree,3
balin,3
lavish,3
white,3
treks,3
baskan,3
meet,3
sico,3
spain,3
silliman,3
merrell,3
uchi,3
pessoa,3
rooter,3
leesburg,3
usta,3
ellis,3
pipes,3
equal,3
sada,3
ball,3
pave,3
astral,3
cabling,3
cond,3
monitoring,3
tian,3
mark,3
reserves,3
unlimited,3
heng,3
hairs,3
falcon,3
eben,3
geber,3
septa,3
thoughts,3
combined,3
dummy,3
signboards,3
sobre,3
pace,3
diplom,3
overflow,3
forgiveness,3
poni,3
uphold,3
cheri,3
relax,3
resin,3
printer,3
radial,3
holdings,3
text,3
andes,3
iffier,3
cabri,3
sforza,3
packer,3
physical,3
nossa,3
warrior,3
reaper,3
shree,3
provident,3
capella,3
domini,3
panorama,3
jcpenney,3
apples,3
duong,3
terrarium,3
unip,3
psycho,3
rape,3
achi,3
foils,3
copan,3
edify,3
naci,3
bourse,3
rewards,3
stats,3
rafters,3
calls,3
quang,3
nate,3
shinagawa,3
fastening,3
atco,3
schneider,3
kamchatka,3
exile,3
editorial,3
drip,3
solomons,3
superstore,3
macs,3
trax,3
schedule,3
shine,3
icon,3
liceo,3
observatoire,3
cite,3
saint,3
denis,3
grunt,3
tomas,3
guill,3
carnaval,3
splendor,3
richmond,3
retreat,3
envision,3
taking,3
groups,3
sets,3
hafeez,3
gardens,3
snazzy,3
rada,3
telef,3
analyst,3
luck,3
chal,3
parkour,3
miles,3
ayub,3
nazi,3
memon,3
gata,3
trainer,3
remote,3
ikons,3
anita,3
fils,3
fins,3
shoreham,3
tanaka,3
judo,3
wans,3
statement,3
twisted,3
baia,3
xpress,3
tear,3
novi,3
esta,3
patti,3
turner,3
golden,3
randal,3
vinyl,3
chalice,3
jury,3
lakshmipur,3
chas,3
vliet,3
stephane,3
applause,3
squad,3
flame,3
burger,3
tumbler,3
hyundai,3
saigon,3
certify,3
morgan,3
firearms,3
smithing,3
spices,3
kalua,3
wills,3
baste,3
calderas,3
mighty,3
volt,3
doctors,3
getup,3
salem,3
sichuan,3
wishes,3
montanus,3
antonia,3
wales,3
hole,3
chocolate,3
story,3
deutschland,3
sicherheit,3
fresco,3
philly,3
apartment,3
alterations,3
jasmine,3
draw,3
nicola,3
rill,3
vois,3
wallingford,3
ding,3
hint,3
barclay,3
hindus,3
adminstrator,3
decoration,3
crypto,3
idle,3
sines,3
dymock,3
komi,3
ivar,3
trig,3
digs,3
dazzle,3
tars,3
halter,3
merge,3
advertising,3
touches,3
impressions,3
stol,3
rots,3
venture,3
pont,3
trung,3
abdullah,3
ravel,3
replica,3
rolex,3
ilex,3
true,3
features,3
acacia,3
gamed,3
salve,3
polite,3
losing,3
weight,3
bids,3
ryan,3
eyes,3
logger,3
reptile,3
dall,3
populus,3
surveys,3
wing,3
return,3
prada,3
ours,3
gaza,3
particular,3
negro,3
develops,3
kane,3
trez,3
rond,3
disinfection,3
rebate,3
orig,3
organ,3
brokerage,3
pacific,3
daban,3
sheep,3
sensei,3
kirk,3
olin,3
arise,3
parson,3
aris,3
omar,3
nihongo,3
edgar,3
then,3
sabor,3
quick,3
maverick,3
sober,3
klasse,3
character,3
crew,3
secondhand,3
slow,3
cadastral,3
amma,3
hiva,3
classy,3
graphically,3
finder,3
visual,3
armor,3
payments,3
geri,3
atria,3
esther,3
nberg,3
ville,3
fuente,3
grill,3
geren,3
charlene,3
jinan,3
zheng,3
teng,3
vaporizer,3
tall,3
gier,3
rini,3
versa,3
french,3
hooker,3
positiv,3
logy,3
servers,3
pili,3
nest,3
arabian,3
packs,3
frente,3
logistic,3
shipping,3
conditioner,3
bread,3
triangle,3
memorial,3
notary,3
citrus,3
accounting,3
compass,3
chambre,3
berar,3
arma,3
erbil,3
leif,3
lakes,3
hailey,3
emporio,3
aden,3
counselor,3
belt,3
delegates,3
rwanda,3
pasco,3
brands,3
fine,3
multiple,3
import,3
secs,3
barry,3
koch,3
legacy,3
vanir,3
ottawa,3
policy,3
planner,3
departs,3
societ,3
wien,3
placards,3
folie,3
rader,3
stationery,3
orange,3
prospect,3
bobet,3
tracker,3
stoddard,3
cooper,3
mori,3
investing,3
wado,3
arius,3
sorte,2
hills,2
proteam,2
recruitment,2
heroes,2
relieve,2
pune,2
gathering,2
aksu,2
warszawa,2
telus,2
activate,2
agram,2
mahal,2
hopping,2
bands,2
barton,2
size,2
overstock,2
miami,2
alle,2
nuevo,2
geico,2
tata,2
series,2
edgy,2
coley,2
reseller,2
pippin,2
mango,2
habit,2
prakash,2
kina,2
bolts,2
tracy,2
iowa,2
sabina,2
tart,2
kota,2
remo,2
bubble,2
script,2
colomb,2
ying,2
sharma,2
contracting,2
rossetti,2
mesh,2
scrapbook,2
counters,2
remedios,2
seeking,2
identity,2
spark,2
staffing,2
vali,2
moles,2
ccea,2
tutorials,2
equity,2
value,2
textile,2
role,2
tera,2
musca,2
gabon,2
robinson,2
jpmorgan,2
quake,2
cricket,2
voda,2
familia,2
urban,2
right,2
luisa,2
zeit,2
italian,2
especial,2
euros,2
bati,2
bust,2
rule,2
myki,2
qian,2
natures,2
girl,2
logia,2
nieuw,2
hala,2
vats,2
aeroflot,2
roms,2
keri,2
naut,2
asmara,2
cours,2
explore,2
jana,2
rodrigues,2
este,2
astron,2
heil,2
weil,2
natura,2
nails,2
ecac,2
dutch,2
trang,2
merle,2
cube,2
essentials,2
diama,2
cable,2
availability,2
beauvais,2
notre,2
territoire,2
wish,2
upon,2
ugie,2
feuer,2
schie,2
ramirez,2
tesla,2
bronze,2
knoxville,2
engine,2
zira,2
jumu,2
vibes,2
giro,2
sanl,2
forte,2
caspar,2
homem,2
devi,2
hold,2
baad,2
rise,2
renting,2
smil,2
arcade,2
artha,2
exit,2
eastlake,2
sitting,2
otec,2
coffin,2
florist,2
abbas,2
duane,2
skull,2
cabs,2
madurai,2
azteca,2
pilota,2
five,2
coastal,2
vacations,2
nicole,2
presentations,2
flooring,2
caught,2
camera,2
announce,2
chem,2
structure,2
notch,2
products,2
corners,2
carter,2
watkins,2
responsible,2
seafood,2
plac,2
bona,2
whitehouse,2
messages,2
restricted,2
borrow,2
pasion,2
stock,2
slug,2
regain,2
phuket,2
honeymoon,2
learners,2
copper,2
recycle,2
barnabas,2
agen,2
fares,2
lens,2
cares,2
homo,2
ninh,2
hepta,2
globe,2
battle,2
debit,2
striker,2
rolling,2
rope,2
muni,2
nice,2
empire,2
doppler,2
realm,2
aragon,2
evin,2
salman,2
linen,2
combo,2
mcclain,2
speakers,2
choke,2
legion,2
pints,2
textbook,2
aska,2
soju,2
edition,2
rest,2
tournament,2
cara,2
gilmar,2
januar,2
freire,2
tory,2
bare,2
mystic,2
sister,2
badu,2
astrology,2
nite,2
vice,2
auditor,2
mazen,2
malam,2
quantum,2
madras,2
carlo,2
stork,2
damned,2
seth,2
virgin,2
parrots,2
oktoberfest,2
attorneys,2
avil,2
templates,2
emperor,2
xtreme,2
chuang,2
skills,2
blink,2
castel,2
oleo,2
elastic,2
beanstalk,2
prow,2
attention,2
risk,2
assistant,2
autos,2
level,2
hourly,2
boaz,2
becker,2
exhaust,2
oden,2
nico,2
shallower,2
leapfrog,2
akon,2
reduce,2
miya,2
suspension,2
beru,2
cinema,2
aran,2
chou,2
goie,2
deaf,2
harmed,2
pensi,2
peters,2
inclusive,2
advisor,2
chong,2
kish,2
resolve,2
teachings,2
smrt,2
sultry,2
sean,2
maternal,2
cucl,2
albi,2
charisma,2
alvin,2
surgery,2
concord,2
chakra,2
checkup,2
shrink,2
lade,2
moose,2
sells,2
cars,2
pictures,2
shutters,2
leia,2
thunder,2
april,2
trait,2
dossier,2
supp,2
come,2
tome,2
domains,2
purples,2
faria,2
bromide,2
redwood,2
poly,2
campos,2
seasoned,2
coma,2
spag,2
colours,2
absolute,2
noma,2
sheikh,2
rostov,2
cyril,2
georgiana,2
fado,2
through,2
parch,2
debt,2
manson,2
iggy,2
gallant,2
mari,2
rainmaker,2
kaki,2
unlocked,2
faxed,2
them,2
lowther,2
omega,2
station,2
adder,2
rutgers,2
somos,2
pancho,2
element,2
abaca,2
motogp,2
suits,2
seem,2
chiba,2
knot,2
lares,2
banner,2
optima,2
anodyne,2
imaging,2
claim,2
mayo,2
guided,2
markhor,2
iain,2
bukittinggi,2
graduate,2
inventive,2
framework,2
bres,2
anytime,2
bail,2
dialysis,2
clara,2
been,2
aubenas,2
gaku,2
pola,2
poln,2
inhab,2
seeds,2
amer,2
george,2
purple,2
invoices,2
ready,2
steady,2
lumi,2
shake,2
rinks,2
harbor,2
tram,2
iver,2
mascaras,2
beard,2
fuller,2
cuisine,2
imports,2
vase,2
foods,2
bota,2
garcia,2
wanes,2
lighting,2
migration,2
aida,2
reba,2
eastern,2
hook,2
neue,2
pull,2
woodland,2
caterers,2
independent,2
tableau,2
compagnie,2
hafez,2
aurora,2
bills,2
pascal,2
swap,2
napoli,2
iroc,2
weblog,2
navigator,2
rudy,2
udin,2
location,2
paolo,2
falcone,2
sakura,2
remodeling,2
trinity,2
consent,2
consciousness,2
lillian,2
kestrel,2
cycle,2
motivation,2
comanche,2
boutique,2
alem,2
admission,2
preparations,2
canadian,2
environmental,2
pink,2
columbia,2
pending,2
lugar,2
conte,2
cold,2
freitas,2
magazin,2
linda,2
lorena,2
carlos,2
cono,2
recuperation,2
along,2
bits,2
tiff,2
trinh,2
tooth,2
fairy,2
journal,2
politics,2
created,2
clam,2
asada,2
sutil,2
punta,2
arenas,2
seniors,2
gear,2
writer,2
options,2
giga,2
wanger,2
foul,2
agents,2
disk,2
guin,2
adobe,2
ghora,2
armstrong,2
developers,2
lesotho,2
farina,2
maat,2
forward,2
slash,2
jump,2
floor,2
arabia,2
social,2
plenty,2
dojo,2
bastards,2
principes,2
deus,2
bilal,2
cards,2
zabel,2
ping,2
armando,2
benedetti,2
japan,2
shaolin,2
lucid,2
parceiro,2
assert,2
luca,2
kimono,2
aussie,2
rima,2
instal,2
juegos,2
mesa,2
guatemalan,2
fart,2
nebraska,2
marz,2
salves,2
ramon,2
septic,2
xiao,2
adelaide,2
subs,2
conch,2
cotes,2
aryo,2
gura,2
punto,2
colleges,2
irma,2
mensa,2
seguros,2
bing,2
rover,2
validate,2
tang,2
flower,2
tags,2
nicle,2
iwork,2
tobacco,2
toner,2
amritsar,2
deviant,2
meadow,2
titanium,2
gung,2
lheim,2
farah,2
economy,2
gence,2
alps,2
michael,2
neil,2
baron,2
samantha,2
richard,2
uncommon,2
charon,2
quid,2
easter,2
enjoy,2
weed,2
chiara,2
bernardi,2
petits,2
carino,2
holidays,2
trabajo,2
head,2
holy,2
capone,2
private,2
conga,2
montenegro,2
macedonia,2
gene,2
biogenic,2
tinc,2
places,2
utopia,2
shiji,2
huan,2
meaning,2
blessed,2
winners,2
awaken,2
granada,2
national,2
sank,2
dede,2
advisers,2
leys,2
branding,2
scientist,2
habib,2
discreet,2
nusantara,2
leagues,2
bales,2
longitude,2
renee,2
rolls,2
comcast,2
unified,2
layer,2
darnell,2
handmade,2
amber,2
asesor,2
relations,2
kent,2
forgot,2
fondo,1
detectives,1
iona,1
pancake,1
limitation,1
pullman,1
wound,1
hurt,1
staw,1
prevent,1
angoul,1
bitcoins,1
chief,1
grants,1
numismatic,1
hops,1
rabobank,1
lasting,1
tiki,1
disposable,1
menu,1
petit,1
monde,1
campaigns,1
nutrition,1
grace,1
fleur,1
kafr,1
heren,1
dash,1
unusual,1
recruiting,1
pico,1
jesse,1
roth,1
afro,1
mule,1
comt,1
govt,1
projector,1
headshot,1
patria,1
entr,1
plastics,1
rave,1
shin,1
validator,1
write,1
booted,1
buckingham,1
extensive,1
bootup,1
crossroad,1
noosa,1
alda,1
gies,1
cozy,1
numerous,1
switches,1
realtor,1
manny,1
fang,1
ffef,1
required,1
usual,1
berms,1
dinners,1
rican,1
chav,1
protector,1
rden,1
paso,1
lynam,1
colo,1
churlish,1
caca,1
backlinks,1
hutu,1
raleigh,1
wide,1
ship,1
baker,1
ballarat,1
caravans,1
elderly,1
dope,1
nitta,1
offshore,1
talpa,1
verf,1
hems,1
dead,1
impe,1
chaplain,1
lodestone,1
jarred,1
freeway,1
firm,1
edwards,1
escap,1
waves,1
saskatoon,1
brimley,1
diagnostic,1
masterplan,1
blinds,1
setting,1
marvin,1
spil,1
fibre,1
solicit,1
jimma,1
dhabi,1
dreamer,1
instructor,1
ices,1
langue,1
plumbers,1
steward,1
nominate,1
ending,1
mikes,1
gleam,1
softwares,1
minute,1
timur,1
loin,1
ease,1
elven,1
confer,1
cleaner,1
scalp,1
mote,1
novas,1
roport,1
final,1
zomba,1
premios,1
industrial,1
dino,1
stella,1
britney,1
whitney,1
ribbon,1
shield,1
aging,1
genius,1
hassan,1
hani,1
etti,1
yoda,1
parkway,1
christ,1
praha,1
sibi,1
furs,1
export,1
cosmetics,1
respite,1
editions,1
panache,1
main,1
shore,1
voir,1
same,1
miasto,1
glam,1
kwan,1
tattoos,1
historia,1
medieval,1
planning,1
ronaldo,1
neves,1
alto,1
ferr,1
welsh,1
noodle,1
joyce,1
protest,1
roma,1
teck,1
arnott,1
wilmington,1
adel,1
fines,1
laundry,1
darshan,1
language,1
overpass,1
suite,1
devon,1
mountains,1
elias,1
johansson,1
kilik,1
safer,1
retailers,1
stow,1
andre,1
flores,1
limon,1
burma,1
motorcycle,1
upgrade,1
argent,1
rina,1
magica,1
reach,1
meantime,1
neuer,1
quilter,1
reddy,1
bureau,1
manal,1
macao,1
vele,1
bolivia,1
ahead,1
operate,1
scot,1
related,1
rethink,1
samil,1
houseboats,1
scented,1
goddess,1
median,1
impress,1
finnic,1
dwyer,1
scripting,1
jara,1
auteurs,1
corey,1
ontong,1
globo,1
boutiques,1
tabi,1
essai,1
anka,1
shara,1
self,1
exam,1
tess,1
jill,1
sell,1
outlook,1
cung,1
chica,1
meta,1
royals,1
rajasthan,1
crush,1
niko,1
investor,1
database,1
cocl,1
maestra,1
ester,1
summit,1
streamline,1
abacus,1
coop,1
lita,1
charta,1
bola,1
salinas,1
ahli,1
davey,1
milano,1
fleet,1
labour,1
healthier,1
yesterday,1
rodeo,1
xenia,1
stage,1
mundo,1
otis,1
their,1
container,1
coast,1
ships,1
tiga,1
authentication,1
hayat,1
capitol,1
disputes,1
fier,1
fulcrums,1
orate,1
fearless,1
tourism,1
uganda,1
bounce,1
agenda,1
defenders,1
deplorable,1
speaks,1
barbari,1
berne,1
ille,1
identification,1
flax,1
arises,1
volcano,1
dada,1
reel,1
blok,1
mieux,1
pomo,1
crystals,1
perform,1
nida,1
circuit,1
vega,1
angels,1
rapid,1
beyne,1
signature,1
associate,1
societe,1
uttarakhand,1
chord,1
mathieu,1
bonn,1
evie,1
dolled,1
theme,1
tummy,1
virus,1
relief,1
stratford,1
cleaners,1
berni,1
ornament,1
minister,1
anpr,1
codes,1
succesful,1
enable,1
hype,1
imov,1
eves,1
plex,1
thug,1
rous,1
vert,1
forced,1
chirp,1
mellon,1
coding,1
ratio,1
starting,1
babylon,1
dist,1
caret,1
mascot,1
ultimate,1
hust,1
toro,1
fila,1
dough,1
alex,1
abet,1
superba,1
mavi,1
celta,1
merit,1
vevo,1
sultan,1
wisest,1
gaba,1
berries,1
leroy,1
merlin,1
vostok,1
spec,1
analytics,1
submitter,1
keywords,1
smarts,1
scheer,1
reformation,1
anzin,1
yama,1
thrive,1
herbal,1
cortina,1
perfume,1
splash,1
warm,1
fuzzy,1
built,1
erap,1
blaze,1
brandi,1
secrets,1
mercy,1
healthcare,1
util,1
boll,1
unwanted,1
lochs,1
always,1
suspended,1
glee,1
lash,1
gulp,1
lich,1
binet,1
sync,1
gibson,1
miter,1
carol,1
thumb,1
safari,1
magnum,1
evap,1
member,1
shannen,1
promos,1
susan,1
hakim,1
marketplace,1
duna,1
pitch,1
rocket,1
wizards,1
wyndham,1
soleil,1
danang,1
thin,1
nagpur,1
plywood,1
bart,1
radium,1
barge,1
borders,1
overly,1
speedy,1
application,1
eora,1
watchfulness,1
hira,1
topo,1
spanish,1
peaks,1
cameron,1
erdo,1
klein,1
award,1
oxted,1
taxis,1
organization,1
educational,1
rodman,1
cock,1
surrey,1
embellished,1
sportsman,1
enigma,1
road,1
amazonas,1
melman,1
prag,1
princeton,1
margaret,1
optic,1
sops,1
esperanza,1
arne,1
mister,1
blacker,1
adsl,1
sein,1
oita,1
tune,1
kristin,1
alexandra,1
beaumont,1
riki,1
pele,1
saud,1
zemin,1
rota,1
vino,1
figueiredo,1
continua,1
markt,1
kenya,1
veneta,1
makeup,1
toki,1
moriyama,1
distributing,1
pandey,1
zips,1
freelancer,1
wheeling,1
forbidden,1
raza,1
stig,1
devs,1
hoto,1
statt,1
schuur,1
fizz,1
keran,1
tangs,1
salto,1
finding,1
spin,1
fierce,1
astra,1
horia,1
statements,1
koruna,1
estes,1
prism,1
chuma,1
slack,1
osten,1
displays,1
intranet,1
fundaci,1
transcontinental,1
sail,1
torre,1
exxon,1
rush,1
sincerely,1
yours,1
huesca,1
agape,1
aire,1
roca,1
sapphire,1
called,1
armin,1
honours,1
ardor,1
misr,1
bung,1
alka,1
certified,1
janne,1
apna,1
acca,1
stores,1
estrangement,1
rigor,1
loyal,1
jang,1
anja,1
stelling,1
cinque,1
bento,1
argo,1
marf,1
todays,1
cabinet,1
sage,1
femme,1
crowley,1
hoppe,1
couse,1
lumen,1
chair,1
nucl,1
kues,1
nacht,1
greenson,1
arras,1
dora,1
guadarrama,1
maior,1
dams,1
eurythmics,1
twitch,1
rolfe,1
nicholas,1
libra,1
mange,1
bert,1
spotlight,1
expr,1
gamer,1
bingo,1
terser,1
furt,1
ayya,1
pant,1
marco,1
goto,1
geer,1
hamer,1
resist,1
maio,1
freebees,1
savory,1
temptations,1
optus,1
berlin,1
stringy,1
hertz,1
lawn,1
telnet,1
potato,1
swerve,1
sneeze,1
carmen,1
lace,1
boro,1
flyer,1
walsh,1
funny,1
rehoboth,1
evangelistic,1
stimulus,1
rimes,1
bats,1
leon,1
ulama,1
carat,1
xbox,1
taylor,1
castiglione,1
darzi,1
chef,1
ernest,1
sergio,1
frei,1
dama,1
azevedo,1
heidi,1
lack,1
teri,1
zaid,1
sadi,1
americas,1
wana,1
tape,1
gone,1
resta,1
sierra,1
propane,1
melo,1
kata,1
opener,1
verb,1
asco,1
asma,1
strike,1
enzo,1
yoko,1
adal,1
electronica,1
bans,1
grandeur,1
bharat,1
hiro,1
mindful,1
order,1
twix,1
bilk,1
dillon,1
drones,1
nguyen,1
nicki,1
situ,1
petrus,1
crab,1
cucumber,1
dealt,1
calibrate,1
sort,1
russia,1
typo,1
akut,1
cement,1
austria,1
navi,1
stick,1
atrax,1
simpler,1
gela,1
coeur,1
cava,1
donato,1
lame,1
synergy,1
athletic,1
zilla,1
sama,1
fiat,1
workplace,1
stump,1
kush,1
hunters,1
melanin,1
zila,1
cancer,1
montclair,1
manns,1
smash,1
kala,1
datini,1
jerky,1
windbag,1
sbcp,1
economic,1
parachute,1
sere,1
kasur,1
strut,1
caper,1
bridge,1
serva,1
argentina,1
forester,1
blush,1
satyr,1
updated,1
elen,1
bazaar,1
leiter,1
cristina,1
stor,1
trip,1
jordan,1
kidney,1
signs,1
francia,1
lore,1
enticing,1
pore,1
strange,1
roadrunner,1
brooked,1
wisconsin,1
nixon,1
jaque,1
hunter,1
daycare,1
detective,1
peer,1
vara,1
prema,1
mondial,1
ribas,1
transporting,1
breeza,1
process,1
zoom,1
cartel,1
dees,1
cuna,1
karam,1
escuela,1
segregation,1
arik,1
angkor,1
frost,1
laus,1
schweizer,1
marks,1
foot,1
reliant,1
tenants,1
rights,1
muli,1
dahlgren,1
junior,1
convent,1
curd,1
choose,1
conservatism,1
colon,1
jennifer,1
jeff,1
bani,1
reference,1
adde,1
male,1
bann,1
manuela,1
honors,1
honduras,1
kart,1
charming,1
fleming,1
civic,1
commedia,1
della,1
raft,1
alban,1
saks,1
ehir,1
folder,1
assign,1
goffredo,1
ariel,1
kant,1
glenfield,1
devilish,1
hino,1
tans,1
beth,1
streets,1
phil,1
ayurveda,1
naco,1
developments,1
sars,1
sense,1
voucher,1
feelgood,1
buyers,1
tose,1
controls,1
dies,1
classes,1
consulate,1
hongkong,1
enol,1
mircea,1
dealer,1
shia,1
sava,1
oconto,1
bael,1
masz,1
panels,1
wolff,1
clint,1
cation,1
oken,1
noun,1
assessor,1
stepdaughter,1
comedy,1
biel,1
mare,1
jesu,1
bono,1
maple,1
frag,1
housewife,1
thump,1
magical,1
taekwondo,1
factor,1
issue,1
franc,1
shivan,1
quin,1
silver,1
orade,1
egon,1
taxes,1
pehr,1
parmi,1
lian,1
barest,1
beret,1
gmina,1
wilk,1
bahai,1
ergo,1
hoku,1
baix,1
remix,1
deniz,1
clip,1
norwood,1
certificates,1
mills,1
yoichi,1
nagano,1
marinas,1
scotia,1
toyota,1
camry,1
christian,1
feted,1
imac,1
luna,1
denver,1
connects,1
recent,1
washington,1
mekong,1
cruisers,1
buch,1
paddle,1
tres,1
lopp,1
hone,1
authorize,1
lauren,1
bowling,1
friends,1
hockey,1
initiative,1
moda,1
masculin,1
latin,1
liner,1
said,1
saratoga,1
things,1
monster,1
adrian,1
shakti,1
blaqk,1
michelle,1
patel,1
asap,1
defence,1
thakur,1
crescent,1
bennie,1
trot,1
wail,1
clark,1
picture,1
framing,1
divine,1
flowers,1
plochere,1
boat,1
accident,1
dawn,1
prince,1
hydration,1
holistic,1
purpose,1
jamaat,1
belle,1
fiber,1
jada,1
lara,1
trumps,1
unity,1
ambique,1
swift,1
stil,1
colored,1
fashions,1
dharma,1
delta,1
threads,1
paid,1
malo,1
runway,1
faka,1
galvani,1
edie,1
omim,1
okay,1
adapt,1
preen,1
saut,1
egypt,1
faster,1
zones,1
native,1
rasa,1
payee,1
protect,1
venom,1
nirvana,1
muscat,1
devil,1
arman,1
savant,1
imam,1
sadr,1
yemen,1
parliament,1
roxana,1
learn,1
together,1
stocks,1
resign,1
goldstar,1
regen,1
logie,1
kansas,1
ebenezer,1
guesthouse,1
plena,1
dang,1
mongo,1
kings,1
afghanistan,1
gurus,1
bloc,1
mung,1
sorell,1
yong,1
menlo,1
alternative,1
enfels,1
insiders,1
workman,1
catholic,1
painted,1
markus,1
jing,1
multicultural,1
goodness,1
birmingham,1
horne,1
perdue,1
missing,1
package,1
shua,1
passos,1
claims,1
wife,1
mimi,1
illumine,1
emmett,1
smolin,1
koko,1
yankee,1
blogs,1
fifa,1
moods,1
platform,1
auxi,1
brainy,1
nguy,1
ruth,1
vira,1
mulher,1
resolution,1
gadgets,1
kitty,1
purse,1
fores,1
blossom,1
format,1
arrowhead,1
feedback,1
nyse,1
aryan,1
precisions,1
beetle,1
parade,1
limo,1
yonsei,1
mailbox,1
cook,1
glade,1
mmer,1
swiss,1
parc,1
vanessa,1
slade,1
push,1
israel,1
traveler,1
shana,1
tweeting,1
singh,1
pose,1
lingerie,1
grove,1
rather,1
nami,1
keystone,1
gets,1
fuentes,1
fide,1
dign,1
diagnosis,1
friday,1
mutt,1
wether,1
vcard,1
rica,1
rune,1
elegance,1
alfredo,1
gomes,1
strikingly,1
yard,1
tabac,1
openoffice,1
scrub,1
uniting,1
recording,1
comics,1
evans,1
clog,1
injured,1
seriously,1
smarter,1
kili,1
karim,1
gawa,1
